t_sec,x_bin,y_bin,ask_band,N,U,L,n,loss_rate,wilson_95_low,wilson_95_high,resolved_mean_ask,gross_payout_sum,gross_ask_sum,gross_pnl_sum,gross_pnl_mean,fixed_mean_ask_wilson_screen_lower
120,"[0,1)",<-2,ask=0,0,0,0,0,,,,,0,0,0,,
120,"[0,1)",<-2,"(0,0.90)",89,0,66,89,0.741573033707865168539325842696629213483146067415730337078652,0.641970587162889689910499050612368873068834550763674086530502,0.821184565138696176247929315225074934449080243519762835708032,0.244831460674157303370786516853932584269662921348314606741573,23,21.79000000,1.21000000,0.0135955056179775280898876404494382022471910112359550561797753,-0.066016025812853479618715832079007518718743164868077442449605
120,"[0,1)",<-2,"[0.90,0.95)",0,0,0,0,,,,,0,0,0,,
120,"[0,1)",<-2,"[0.95,0.98)",0,0,0,0,,,,,0,0,0,,
120,"[0,1)",<-2,"[0.98,1)",0,0,0,0,,,,,0,0,0,,
120,"[0,1)",<-2,ask=1,0,0,0,0,,,,,0,0,0,,
120,"[0,1)","[-2,0)",ask=0,0,0,0,0,,,,,0,0,0,,
120,"[0,1)","[-2,0)","(0,0.90)",407,1,205,406,0.504926108374384236453201970443349753694581280788177339901478,0.456475042174709943479774160106639352126293665860555017269647,0.553284829390040664902337912805142761064587612652947932108293,0.509162561576354679802955665024630541871921182266009852216749,201,206.72000000,-5.72000000,-0.0140886699507389162561576354679802955665024630541871921182266,-0.062447390966395344705293577829773302936508794918957784325042
120,"[0,1)","[-2,0)","[0.90,0.95)",7,0,0,7,0,0,0.354330435066687400786206839933794738607089448605187126348296,0.921428571428571428571428571428571428571428571428571428571429,7,6.45000000,0.55000000,0.0785714285714285714285714285714285714285714285714285714285714,-0.275759006495258829357635411362366167178518020033758554919725
120,"[0,1)","[-2,0)","[0.95,0.98)",4,0,2,4,0.5,0.150038989152149514156900362816506811250894777823785469987184,0.849961010847850485843099637183493188749105222176214530012816,0.95250000,2,3.81000000,-1.81000000,-0.45250000,-0.802461010847850485843099637183493188749105222176214530012816
120,"[0,1)","[-2,0)","[0.98,1)",1,0,0,1,0,0,0.793450685622762572644686990659235135454905747938657255997644,0.99000000,1,0.99000000,0.01000000,0.01000000,-0.783450685622762572644686990659235135454905747938657255997644
120,"[0,1)","[-2,0)",ask=1,0,0,0,0,,,,,0,0,0,,
120,"[0,1)","[0,2)",ask=0,0,0,0,0,,,,,0,0,0,,
120,"[0,1)","[0,2)","(0,0.90)",431,1,135,430,0.313953488372093023255813953488372093023255813953488372093023,0.271898895785184925836365884558157333150693679492401559686680,0.359302786887268688206107503092847977096690730127779342953736,0.675325581395348837209302325581395348837209302325581395348837,295,290.39000000,4.61000000,0.0107209302325581395348837209302325581395348837209302325581395,-0.034628368282617525415409828674243325933900032453360738302573
120,"[0,1)","[0,2)","[0.90,0.95)",36,0,0,36,0,0,0.0964186285944636615382445947927992309228324969090787481472514,0.918333333333333333333333333333333333333333333333333333333333,36,33.06000000,2.94000000,0.0816666666666666666666666666666666666666666666666666666666667,-0.0147519619277969948715779281261325642561658302424120814805844
120,"[0,1)","[0,2)","[0.95,0.98)",11,0,0,11,0,0,0.258832966968031690622885270690496860752291234813264358589584,0.954545454545454545454545454545454545454545454545454545454545,11,10.50000000,0.50000000,0.0454545454545454545454545454545454545454545454545454545454545,-0.213378421513486236077430725235951406206836689358718904044129
120,"[0,1)","[0,2)","[0.98,1)",2,0,0,2,0,0,0.657619772493346908066213171022805867761678469589830388837810,0.98000000,2,1.96000000,0.04000000,0.02000000,-0.637619772493346908066213171022805867761678469589830388837810
120,"[0,1)","[0,2)",ask=1,0,0,0,0,,,,,0,0,0,,
120,"[0,1)",>=2,ask=0,0,0,0,0,,,,,0,0,0,,
120,"[0,1)",>=2,"(0,0.90)",59,0,9,59,0.152542372881355932203389830508474576271186440677966101694915,0.0823846399859648041037741424716173405453062444939424177011880,0.265179837837735594672955256675237379752079364640924183613322,0.780338983050847457627118644067796610169491525423728813559322,50,46.04000000,3.96000000,0.0671186440677966101694915254237288135593220338983050847457627,-0.045518820888583052300073900743033989921570890064652997172644
120,"[0,1)",>=2,"[0.90,0.95)",4,0,0,4,0,0,0.489890836454597301712536589852471046460117866669254129450196,0.91000000,4,3.64000000,0.36000000,0.09000000,-0.399890836454597301712536589852471046460117866669254129450196
120,"[0,1)",>=2,"[0.95,0.98)",5,0,0,5,0,0,0.434482464783174761084782871525556271809021898883564142795326,0.96000000,5,4.80000000,0.20000000,0.04000000,-0.394482464783174761084782871525556271809021898883564142795326
120,"[0,1)",>=2,"[0.98,1)",0,0,0,0,,,,,0,0,0,,
120,"[0,1)",>=2,ask=1,1,0,0,1,0,0,0.793450685622762572644686990659235135454905747938657255997644,1.00000000,1,1.00000000,0E-8,0E-8,-0.793450685622762572644686990659235135454905747938657255997644
120,"[1,2)",<-2,ask=0,0,0,0,0,,,,,0,0,0,,
120,"[1,2)",<-2,"(0,0.90)",73,0,43,73,0.589041095890410958904109589041095890410958904109589041095890,0.474492232441847540953862970531957144878085418240321102447048,0.694687272990693494578883916116019912865941454389174205650052,0.337397260273972602739726027397260273972602739726027397260274,30,24.63000000,5.37000000,0.0735616438356164383561643835616438356164383561643835616438356,-0.032084533264666097318609943513280186838544194115201602910326
120,"[1,2)",<-2,"[0.90,0.95)",0,0,0,0,,,,,0,0,0,,
120,"[1,2)",<-2,"[0.95,0.98)",0,0,0,0,,,,,0,0,0,,
120,"[1,2)",<-2,"[0.98,1)",0,0,0,0,,,,,0,0,0,,
120,"[1,2)",<-2,ask=1,0,0,0,0,,,,,0,0,0,,
120,"[1,2)","[-2,0)",ask=0,0,0,0,0,,,,,0,0,0,,
120,"[1,2)","[-2,0)","(0,0.90)",294,0,101,294,0.343537414965986394557823129251700680272108843537414965986395,0.291585551368796781979371477544376230458352539868313915657433,0.399525282011234295937267601706730602107073471553322835774079,0.643911564625850340136054421768707482993197278911564625850340,193,189.31000000,3.69000000,0.0125510204081632653061224489795918367346938775510204081632653,-0.043436846637084636073322023475438085100270750464887461624419
120,"[1,2)","[-2,0)","[0.90,0.95)",11,0,2,11,0.181818181818181818181818181818181818181818181818181818181818,0.051367689746085094133963649924377303658571388552538605220008,0.476980561960844163535145158696847971365613942692265986609726,0.916363636363636363636363636363636363636363636363636363636364,9,10.08000000,-1.08000000,-0.0981818181818181818181818181818181818181818181818181818181818,-0.393344198324480527171508795060484335001977579055902350246090
120,"[1,2)","[-2,0)","[0.95,0.98)",4,0,0,4,0,0,0.489890836454597301712536589852471046460117866669254129450196,0.96000000,4,3.84000000,0.16000000,0.04000000,-0.449890836454597301712536589852471046460117866669254129450196
120,"[1,2)","[-2,0)","[0.98,1)",0,0,0,0,,,,,0,0,0,,
120,"[1,2)","[-2,0)",ask=1,0,0,0,0,,,,,0,0,0,,
120,"[1,2)","[0,2)",ask=0,0,0,0,0,,,,,0,0,0,,
120,"[1,2)","[0,2)","(0,0.90)",281,2,64,279,0.229390681003584229390681003584229390681003584229390681003584,0.183929995794860724186911483979338420522927999773599220861160,0.282202018127024516974025566004620505567908799608451650392976,0.769498207885304659498207885304659498207885304659498207885305,215,214.69000000,0.31000000,0.00111111111111111111111111111111111111111111111111111111111111,-0.051700226012329176472233451309280003775794104267949858278281
120,"[1,2)","[0,2)","[0.90,0.95)",75,0,7,75,0.0933333333333333333333333333333333333333333333333333333333333,0.0459485233906004111328505663040991384244568171803070000997048,0.180346868495415019882497544623268742300877237088986226560999,0.92000000,68,69.00000000,-1.00000000,-0.0133333333333333333333333333333333333333333333333333333333333,-0.100346868495415019882497544623268742300877237088986226560999
120,"[1,2)","[0,2)","[0.95,0.98)",21,0,0,21,0,0,0.154639018924846951507636945003626730599908470059449552977985,0.959047619047619047619047619047619047619047619047619047619048,21,20.14000000,0.86000000,0.0409523809523809523809523809523809523809523809523809523809524,-0.113686637972465999126684564051245778218956089107068600597033
120,"[1,2)","[0,2)","[0.98,1)",7,0,0,7,0,0,0.354330435066687400786206839933794738607089448605187126348296,0.99000000,7,6.93000000,0.07000000,0.01000000,-0.344330435066687400786206839933794738607089448605187126348296
120,"[1,2)","[0,2)",ask=1,0,0,0,0,,,,,0,0,0,,
120,"[1,2)",>=2,ask=0,0,0,0,0,,,,,0,0,0,,
120,"[1,2)",>=2,"(0,0.90)",48,1,7,47,0.148936170212765957446808510638297872340425531914893617021277,0.074067199964317219646648378558558176316349762580697075030675,0.276856224235935504356006859323289965531006387997186095307755,0.797659574468085106382978723404255319148936170212765957446809,40,37.49000000,2.51000000,0.0534042553191489361702127659574468085106382978723404255319149,-0.074515798704020610738985582727545284679942558209952052754564
120,"[1,2)",>=2,"[0.90,0.95)",21,0,4,21,0.190476190476190476190476190476190476190476190476190476190476,0.076675650527617916116719757819186510335372431410581805767678,0.400005646902049244340388827183058608607428050054791727028218,0.915714285714285714285714285714285714285714285714285714285714,17,19.23000000,-2.23000000,-0.106190476190476190476190476190476190476190476190476190476190,-0.315719932616334958626103112897344322893142335769077441313932
120,"[1,2)",>=2,"[0.95,0.98)",12,0,0,12,0,0,0.242494006655240850743536740887323444981368621780736059953412,0.964166666666666666666666666666666666666666666666666666666667,12,11.57000000,0.43000000,0.0358333333333333333333333333333333333333333333333333333333333,-0.206660673321907517410203407553990111648035288447402726620079
120,"[1,2)",>=2,"[0.98,1)",10,0,0,10,0,0,0.277532799862889204526030927043294338473666863904268179277910,0.98500000,10,9.85000000,0.15000000,0.01500000,-0.262532799862889204526030927043294338473666863904268179277910
120,"[1,2)",>=2,ask=1,0,0,0,0,,,,,0,0,0,,
120,"[2,4)",<-2,ask=0,0,0,0,0,,,,,0,0,0,,
120,"[2,4)",<-2,"(0,0.90)",96,1,57,95,0.6,0.499456028552734729556352173499405092058922348523343724019597,0.692771000739370678146302300584974229228927691698495995703801,0.431684210526315789473684210526315789473684210526315789473684,38,41.01000000,-3.01000000,-0.0316842105263157894736842105263157894736842105263157894736842,-0.124455211265686467619986511111290018702611902224811785177485
120,"[2,4)",<-2,"[0.90,0.95)",0,0,0,0,,,,,0,0,0,,
120,"[2,4)",<-2,"[0.95,0.98)",0,0,0,0,,,,,0,0,0,,
120,"[2,4)",<-2,"[0.98,1)",0,0,0,0,,,,,0,0,0,,
120,"[2,4)",<-2,ask=1,0,0,0,0,,,,,0,0,0,,
120,"[2,4)","[-2,0)",ask=0,0,0,0,0,,,,,0,0,0,,
120,"[2,4)","[-2,0)","(0,0.90)",332,0,111,332,0.334337349397590361445783132530120481927710843373493975903614,0.285742113179779237044310663956612446736777140466734458157545,0.386722387223879861705673110078210971585164744462875067328587,0.724246987951807228915662650602409638554216867469879518072289,221,240.45000000,-19.45000000,-0.0585843373493975903614457831325301204819277108433734939759036,-0.110969375175687090621335760680620610139381611932754585400876
120,"[2,4)","[-2,0)","[0.90,0.95)",57,0,7,57,0.122807017543859649122807017543859649122807017543859649122807,0.0607806015899808741972461991533995581813252144814108028028145,0.232464484351740078764336647233367992790178862730369232833804,0.920701754385964912280701754385964912280701754385964912280702,50,52.48000000,-2.48000000,-0.0435087719298245614035087719298245614035087719298245614035088,-0.153166238737704991045038401619332905070880617116334145114506
120,"[2,4)","[-2,0)","[0.95,0.98)",17,0,1,17,0.0588235294117647058823529411764705882352941176470588235294118,0.010460400984997586936532462901059298475354490139491428714097,0.269820306375754004601105839025543062567873644002601514473789,0.957647058823529411764705882352941176470588235294117647058824,16,16.28000000,-0.28000000,-0.0164705882352941176470588235294117647058823529411764705882353,-0.227467365199283416365811721378484239038461879296719161532613
120,"[2,4)","[-2,0)","[0.98,1)",4,0,0,4,0,0,0.489890836454597301712536589852471046460117866669254129450196,0.98500000,4,3.94000000,0.06000000,0.01500000,-0.474890836454597301712536589852471046460117866669254129450196
120,"[2,4)","[-2,0)",ask=1,0,0,0,0,,,,,0,0,0,,
120,"[2,4)","[0,2)",ask=0,0,0,0,0,,,,,0,0,0,,
120,"[2,4)","[0,2)","(0,0.90)",260,0,55,260,0.211538461538461538461538461538461538461538461538461538461538,0.166280775471232221701693683371934444142439739737243596648727,0.265195988376031235493521318964101771065568010890431596015867,0.806923076923076923076923076923076923076923076923076923076923,205,209.80000000,-4.80000000,-0.0184615384615384615384615384615384615384615384615384615384615,-0.072119065299108158570444395887178694142491087813508519092790
120,"[2,4)","[0,2)","[0.90,0.95)",171,0,17,171,0.0994152046783625730994152046783625730994152046783625730994152,0.0629995145240758471879692390121035812144167306818331305400427,0.153433470398006224706867321633495250960194624681074942934277,0.920760233918128654970760233918128654970760233918128654970760,154,157.45000000,-3.45000000,-0.0201754385964912280701754385964912280701754385964912280701754,-0.074193704316134879677627555551623905930954858599203597905037
120,"[2,4)","[0,2)","[0.95,0.98)",88,0,2,88,0.0227272727272727272727272727272727272727272727272727272727273,0.0062549282638121637991775748022237803157946376342496560810702,0.0791254535526758462787402702947625522160157167078901488832658,0.959659090909090909090909090909090909090909090909090909090909,86,84.45000000,1.55000000,0.0176136363636363636363636363636363636363636363636363636363636,-0.0387845444617667553696493612038534613069248076169810579741748
120,"[2,4)","[0,2)","[0.98,1)",43,0,3,43,0.0697674418604651162790697674418604651162790697674418604651163,0.0240115895772144940050499165025761472886440758634528530275883,0.186089869012419763521672255182812626693887375328829890268104,0.984418604651162790697674418604651162790697674418604651162791,40,42.33000000,-2.33000000,-0.0541860465116279069767441860465116279069767441860465116279070,-0.170508473663582554219346673787463789484585049747434541430895
120,"[2,4)","[0,2)",ask=1,2,0,0,2,0,0,0.657619772493346908066213171022805867761678469589830388837810,1.00000000,2,2.00000000,0E-8,0E-8,-0.657619772493346908066213171022805867761678469589830388837810
120,"[2,4)",>=2,ask=0,0,0,0,0,,,,,0,0,0,,
120,"[2,4)",>=2,"(0,0.90)",58,0,11,58,0.189655172413793103448275862068965517241379310344827586206897,0.109342516611202666622658312149958180875526290234751106926940,0.308523738704992243379212614404903549114605603164387382861234,0.824310344827586206896551724137931034482758620689655172413793,47,47.81000000,-0.81000000,-0.0139655172413793103448275862068965517241379310344827586206897,-0.132834083532578450275764338542834583597364223854042555275027
120,"[2,4)",>=2,"[0.90,0.95)",51,0,4,51,0.0784313725490196078431372549019607843137254901960784313725490,0.0309221967884891939778646430974016008259684799482203454354530,0.184999463125958873312811935653102348274167107903380556166279,0.921568627450980392156862745098039215686274509803921568627451,47,47.00000000,0E-8,0E-8,-0.106568090576939265469674680751141563960441617707302124793730
120,"[2,4)",>=2,"[0.95,0.98)",40,0,1,40,0.025,0.0044268315026814024331593102211685406100739576634491517407483,0.128813689634740900470668942621064723090364463171793286366078,0.95975000,39,38.39000000,0.61000000,0.01525000,-0.088563689634740900470668942621064723090364463171793286366078
120,"[2,4)",>=2,"[0.98,1)",15,0,0,15,0,0,0.203883301035848588906113525033002846962414143120117784623588,0.983333333333333333333333333333333333333333333333333333333333,15,14.75000000,0.25000000,0.0166666666666666666666666666666666666666666666666666666666667,-0.187216634369181922239446858366336180295747476453451117956921
120,"[2,4)",>=2,ask=1,1,0,0,1,0,0,0.793450685622762572644686990659235135454905747938657255997644,1.00000000,1,1.00000000,0E-8,0E-8,-0.793450685622762572644686990659235135454905747938657255997644
120,"[4,8)",<-2,ask=0,0,0,0,0,,,,,0,0,0,,
120,"[4,8)",<-2,"(0,0.90)",151,2,58,149,0.389261744966442953020134228187919463087248322147651006711409,0.314695541678966066242723004258530912552744860448187260385706,0.469394454225130006288968403432331545099479898239957757714718,0.637114093959731543624161073825503355704697986577181208053691,91,94.93000000,-3.93000000,-0.0263758389261744966442953020134228187919463087248322147651007,-0.106508548184861549913129477257834900804177884817138965768409
120,"[4,8)",<-2,"[0.90,0.95)",7,0,0,7,0,0,0.354330435066687400786206839933794738607089448605187126348296,0.918571428571428571428571428571428571428571428571428571428571,7,6.43000000,0.57000000,0.0814285714285714285714285714285714285714285714285714285714286,-0.272901863638115972214778268505223310035660877176615697776867
120,"[4,8)",<-2,"[0.95,0.98)",1,0,0,1,0,0,0.793450685622762572644686990659235135454905747938657255997644,0.96000000,1,0.96000000,0.04000000,0.04000000,-0.753450685622762572644686990659235135454905747938657255997644
120,"[4,8)",<-2,"[0.98,1)",0,0,0,0,,,,,0,0,0,,
120,"[4,8)",<-2,ask=1,0,0,0,0,,,,,0,0,0,,
120,"[4,8)","[-2,0)",ask=0,0,0,0,0,,,,,0,0,0,,
120,"[4,8)","[-2,0)","(0,0.90)",209,0,49,209,0.234449760765550239234449760765550239234449760765550239234450,0.182125439411600192265437196143098876579721239578293725653480,0.296359623531373281261337232959947414902380157112396087687412,0.799617224880382775119617224880382775119617224880382775119617,160,167.12000000,-7.12000000,-0.0340669856459330143540669856459330143540669856459330143540670,-0.095976848411756056380954457840330190021997381992778862807029
120,"[4,8)","[-2,0)","[0.90,0.95)",95,0,5,95,0.0526315789473684210526315789473684210526315789473684210526316,0.0226881130491495538133208101903197620137509793542676004510981,0.117348861170378885411646016274299063803761998600659969207402,0.920947368421052631578947368421052631578947368421052631578947,90,87.49000000,2.51000000,0.0264210526315789473684210526315789473684210526315789473684211,-0.038296229591431516990593384695351695382709367021712600786349
120,"[4,8)","[-2,0)","[0.95,0.98)",64,0,4,64,0.0625,0.0245712013966180149804994161273043951920152096753521458595959,0.149974850922086653027785243538526082885584678940722507320379,0.959484375,60,61.40700000,-1.40700000,-0.021984375,-0.109459225922086653027785243538526082885584678940722507320379
120,"[4,8)","[-2,0)","[0.98,1)",34,0,1,34,0.0294117647058823529411764705882352941176470588235294117647059,0.0052109062762689467848135449595330974406244776182452421405567,0.149155732926859303181089978316249360241694589073754873032685,0.982647058823529411764705882352941176470588235294117647058824,33,33.41000000,-0.41000000,-0.0120588235294117647058823529411764705882352941176470588235294,-0.131802791750388714945795860669190536712282824367872520091509
120,"[4,8)","[-2,0)",ask=1,2,0,0,2,0,0,0.657619772493346908066213171022805867761678469589830388837810,1.00000000,2,2.00000000,0E-8,0E-8,-0.657619772493346908066213171022805867761678469589830388837810
120,"[4,8)","[0,2)",ask=0,0,0,0,0,,,,,0,0,0,,
120,"[4,8)","[0,2)","(0,0.90)",110,1,23,109,0.211009174311926605504587155963302752293577981651376146788991,0.144923575641338250967788800657355125245549100714792353947154,0.296770987169060674192065814823339527377934510609882981235730,0.810917431192660550458715596330275229357798165137614678899083,86,88.39000000,-2.39000000,-0.0219266055045871559633027522935779816513761467889908256880734,-0.107688418361721224650781411153614756735732675747497660134813
120,"[4,8)","[0,2)","[0.90,0.95)",148,0,11,148,0.0743243243243243243243243243243243243243243243243243243243243,0.0420057031155149807179952620109862856921744813327483537433298,0.128181405342193354558695698324071212146633577608317826560261,0.924594594594594594594594594594594594594594594594594594594595,137,136.84000000,0.16000000,0.00108108108108108108108108108108108108108108108108108108108108,-0.052775999936787949153290292918665806741228172202912421154856
120,"[4,8)","[0,2)","[0.95,0.98)",163,0,3,163,0.0184049079754601226993865030674846625766871165644171779141104,0.0062787506964944158555074994034583322447536994253169616483366,0.0527081395540327088380612147012651128220043785305042361892604,0.961595092024539877300613496932515337423312883435582822085890,160,156.74000000,3.26000000,0.02000000,-0.0143032315785725861386747116337804502453172619660870582751504
120,"[4,8)","[0,2)","[0.98,1)",159,0,2,159,0.0125786163522012578616352201257861635220125786163522012578616,0.0034563155197396587073655430825375456514008104314404496004177,0.0446976305176046177422790707652440455406399338800490640621761,0.985471698113207547169811320754716981132075471698113207547170,157,156.69000000,0.31000000,0.00194968553459119496855345911949685534591194968553459119496855,-0.0301693286308121649120903915199610266727154055781622716093461
120,"[4,8)","[0,2)",ask=1,21,0,0,21,0,0,0.154639018924846951507636945003626730599908470059449552977985,1.00000000,21,21.00000000,0E-8,0E-8,-0.154639018924846951507636945003626730599908470059449552977985
120,"[4,8)",>=2,ask=0,0,0,0,0,,,,,0,0,0,,
120,"[4,8)",>=2,"(0,0.90)",42,0,5,42,0.119047619047619047619047619047619047619047619047619047619048,0.0519380332775823751837759156723901944092901262036193278007873,0.250003902620096798593053949452166081517877131228768717146227,0.845952380952380952380952380952380952380952380952380952380952,37,35.53000000,1.47000000,0.03500000,-0.095956283572477750974006330404547033898829512181149669527179
120,"[4,8)",>=2,"[0.90,0.95)",59,3,5,56,0.0892857142857142857142857142857142857142857142857142857142857,0.0387421484495869090527125098955454826148761479213084624202081,0.192560013855111604872794145039509270336140059401757284170676,0.923214285714285714285714285714285714285714285714285714285714,51,51.70000000,-0.70000000,-0.01250000,-0.115774299569397319158508430753794984621854345116042998456390
120,"[4,8)",>=2,"[0.95,0.98)",79,0,3,79,0.0379746835443037974683544303797468354430379746835443037974684,0.0129980868894358713527061926384522582805548318053558072569342,0.105800627676847087221600200640084569768027073043924511298182,0.962405063291139240506329113924050632911392405063291139240506,76,76.03000000,-0.03000000,-0.000379746835443037974683544303797468354430379746835443037974684,-0.068205690967986327727929314564135202679419478107215650538688
120,"[4,8)",>=2,"[0.98,1)",64,0,1,64,0.015625,0.0027635419233375083296778723103551377311351588103324322798294,0.0833410160009426598223515723196714629976361464431787908837144,0.98484375,63,63.03000000,-0.03000000,-0.00046875,-0.0681847660009426598223515723196714629976361464431787908837144
120,"[4,8)",>=2,ask=1,22,0,0,22,0,0,0.148654874608620875261529651123205956231015521669584153863614,1.00000000,22,22.00000000,0E-8,0E-8,-0.148654874608620875261529651123205956231015521669584153863614
120,"[8,infinity)",<-2,ask=0,0,0,0,0,,,,,0,0,0,,
120,"[8,infinity)",<-2,"(0,0.90)",101,2,23,99,0.232323232323232323232323232323232323232323232323232323232323,0.160091135991762245561729764261104030067652062586235329379514,0.324552502792024133173047449102117563101039218360573882408128,0.742323232323232323232323232323232323232323232323232323232323,76,73.49000000,2.51000000,0.0253535353535353535353535353535353535353535353535353535353535,-0.066875735115256456405370681425349886333362450683806205640451
120,"[8,infinity)",<-2,"[0.90,0.95)",63,0,4,63,0.0634920634920634920634920634920634920634920634920634920634921,0.0249656180133940808596879662229631470865490116805193202330938,0.152191778453063765535315962199718909387825578686540334363081,0.921269841269841269841269841269841269841269841269841269841270,59,58.04000000,0.96000000,0.0152380952380952380952380952380952380952380952380952380952381,-0.073461619722905035376585803469560179229095419956381604204351
120,"[8,infinity)",<-2,"[0.95,0.98)",45,0,1,45,0.0222222222222222222222222222222222222222222222222222222222222,0.0039335988828334241003541137294427786947992694953359655362102,0.115666817684148786112255917786296751531581779074925282833291,0.961111111111111111111111111111111111111111111111111111111111,44,43.25000000,0.75000000,0.0166666666666666666666666666666666666666666666666666666666667,-0.076777928795259897223367028897407862642692890186036393944402
120,"[8,infinity)",<-2,"[0.98,1)",35,1,1,34,0.0294117647058823529411764705882352941176470588235294117647059,0.0052109062762689467848135449595330974406244776182452421405567,0.149155732926859303181089978316249360241694589073754873032685,0.989088235294117647058823529411764705882352941176470588235294,33,33.62900000,-0.62900000,-0.01850000,-0.138243968220976950239913507728014066124047530250225461267979
120,"[8,infinity)",<-2,ask=1,16,0,0,16,0,0,0.193607680534436484397123030315166534447518308110879063675717,1.00000000,16,16.00000000,0E-8,0E-8,-0.193607680534436484397123030315166534447518308110879063675717
120,"[8,infinity)","[-2,0)",ask=0,0,0,0,0,,,,,0,0,0,,
120,"[8,infinity)","[-2,0)","(0,0.90)",31,0,3,31,0.0967741935483870967741935483870967741935483870967741935483871,0.033464644163197389148184255619828959110743648739070539136776,0.248999384433928374983389741165239285973330834602677092782202,0.841612903225806451612903225806451612903225806451612903225806,28,26.09000000,1.91000000,0.0616129032258064516129032258064516129032258064516129032258065,-0.090612287659734826596292966971690898876556641054289996008008
120,"[8,infinity)","[-2,0)","[0.90,0.95)",54,1,2,53,0.0377358490566037735849056603773584905660377358490566037735849,0.0104102872758268455072011597121791470698503602401991254326645,0.127542871974183555503339540662997435359945592017755808887051,0.925660377358490566037735849056603773584905660377358490566038,51,49.06000000,1.94000000,0.0366037735849056603773584905660377358490566037735849056603774,-0.053203249332674121541075389719601208944851252395114299453089
120,"[8,infinity)","[-2,0)","[0.95,0.98)",76,2,2,74,0.0270270270270270270270270270270270270270270270270270270270270,0.0074433526382672142735563823309368671761192605471466322569941,0.0932929251691250067288970974761818481933560868372005771829925,0.961756756756756756756756756756756756756756756756756756756757,72,71.17000000,0.83000000,0.0112162162162162162162162162162162162162162162162162162162162,-0.0550496819258817634856538542329386049501128435939573339397495
120,"[8,infinity)","[-2,0)","[0.98,1)",70,0,1,70,0.0142857142857142857142857142857142857142857142857142857142857,0.0025262464578903093719381589301053799264191509893796919163491,0.0765818713120832675138010767071428445531193220594770073852843,0.986485714285714285714285714285714285714285714285714285714286,69,69.05400000,-0.05400000,-0.000771428571428571428571428571428571428571428571428571428571429,-0.0630675855977975532280867909928571302674050363451912930995703
120,"[8,infinity)","[-2,0)",ask=1,44,0,0,44,0,0,0.0802956037584806626166952308778981439265432201360044951705709,1.00000000,44,44.00000000,0E-8,0E-8,-0.0802956037584806626166952308778981439265432201360044951705709
120,"[8,infinity)","[0,2)",ask=0,0,0,0,0,,,,,0,0,0,,
120,"[8,infinity)","[0,2)","(0,0.90)",29,0,4,29,0.137931034482758620689655172413793103448275862068965517241379,0.054974399641119632646680646866173541042522301419074327918151,0.305589937203520215241353249336822945169602656899898019060917,0.830689655172413793103448275862068965517241379310344827586207,25,24.09000000,0.91000000,0.0313793103448275862068965517241379310344827586206896551724138,-0.136279592375934008344801525198891910686844036210242846647124
120,"[8,infinity)","[0,2)","[0.90,0.95)",38,1,1,37,0.0270270270270270270270270270270270270270270270270270270270270,0.0047869744519404384993296166885468603602007934337578545816106,0.138240698637305151443469830045507456849646351121924898671456,0.929189189189189189189189189189189189189189189189189189189189,36,34.38000000,1.62000000,0.0437837837837837837837837837837837837837837837837837837837838,-0.067429887826494340632659019234696646038835540311114087860645
120,"[8,infinity)","[0,2)","[0.95,0.98)",70,1,1,69,0.0144927536231884057971014492753623188405797101449275362318841,0.0025629246445884669875795259082180627087176604343799674346941,0.0776312246114472630839370620856753805435217557197008803006097,0.963913043478260869565217391304347826086956521739130434782609,68,66.51000000,1.49000000,0.0215942028985507246376811594202898550724637681159420289855072,-0.0415442680897081326491544533900232066304782774588313150832187
120,"[8,infinity)","[0,2)","[0.98,1)",145,1,2,144,0.0138888888888888888888888888888888888888888888888888888888889,0.0038171346628682660876690291051112359761215834860306272876243,0.0492225125595285677271424130169073707109746701890525195000253,0.986805555555555555555555555555555555555555555555555555555556,142,142.10000000,-0.10000000,-0.000694444444444444444444444444444444444444444444444444444444444,-0.0360280681150841232826979685724629262665302257446080750555813
120,"[8,infinity)","[0,2)",ask=1,147,0,1,147,0.00680272108843537414965986394557823129251700680272108843537415,0.0012018583516737808264839389532453100986072790178955776284708,0.0375239592475705465801126010598266924936458257296285688553908,1.00000000,146,147.00000000,-1.00000000,-0.00680272108843537414965986394557823129251700680272108843537415,-0.0375239592475705465801126010598266924936458257296285688553908
120,"[8,infinity)",>=2,ask=0,0,0,0,0,,,,,0,0,0,,
120,"[8,infinity)",>=2,"(0,0.90)",13,0,1,13,0.0769230769230769230769230769230769230769230769230769230769231,0.013710421242556579808253714622779269798387965952631085614768,0.333139509210995888336178628920920688594076149776242235244574,0.859230769230769230769230769230769230769230769230769230769231,12,11.17000000,0.83000000,0.0638461538461538461538461538461538461538461538461538461538462,-0.192370278441765119105409398151689919363306919007011466013805
120,"[8,infinity)",>=2,"[0.90,0.95)",34,1,2,33,0.0606060606060606060606060606060606060606060606060606060606061,0.0167808830871918781743903978907815694008796926141472372517821,0.196062448086478110347403376044100241216504207905482256217840,0.926363636363636363636363636363636363636363636363636363636364,31,30.57000000,0.43000000,0.0130303030303030303030303030303030303030303030303030303030303,-0.122426084450114473983767012407736604852867844269118619854204
120,"[8,infinity)",>=2,"[0.95,0.98)",76,0,6,76,0.0789473684210526315789473684210526315789473684210526315789474,0.0366840052334717595637095560927299993038314813059030524392931,0.161727434821380718735800340982825454741387848624439781450168,0.962631578947368421052631578947368421052631578947368421052632,70,73.16000000,-3.16000000,-0.0415789473684210526315789473684210526315789473684210526315789,-0.124359013768749139788431919930193875794019427571808202502800
120,"[8,infinity)",>=2,"[0.98,1)",142,1,3,141,0.0212765957446808510638297872340425531914893617021276595744681,0.0072619438765341362326274069083524875525749476809921991981397,0.0606844776855223299621719861962723498927561335147923388305535,0.987617021276595744680851063829787234042553191489361702127660,138,139.25400000,-1.25400000,-0.00889361702127659574468085106382978723404255319148936170212766,-0.0483014989621180746430230500260595839353093250041540409582135
120,"[8,infinity)",>=2,ask=1,260,2,0,258,0,0,0.0146709342286574630396614742311364432649534745658907934732558,1.00000000,258,258.00000000,0E-8,0E-8,-0.0146709342286574630396614742311364432649534745658907934732558
90,"[0,1)",<-2,ask=0,0,0,0,0,,,,,0,0,0,,
90,"[0,1)",<-2,"(0,0.90)",71,0,61,71,0.859154929577464788732394366197183098591549295774647887323944,0.759782507165241986508132943034933818247705910242493935133007,0.921657977876428331635819897615623413499180259220751057125661,0.189577464788732394366197183098591549295774647887323943661972,10,13.46000000,-3.46000000,-0.0487323943661971830985915492957746478873239436619718309859155,-0.111235442665160726002017080714214962794954907108075000787633
90,"[0,1)",<-2,"[0.90,0.95)",0,0,0,0,,,,,0,0,0,,
90,"[0,1)",<-2,"[0.95,0.98)",0,0,0,0,,,,,0,0,0,,
90,"[0,1)",<-2,"[0.98,1)",0,0,0,0,,,,,0,0,0,,
90,"[0,1)",<-2,ask=1,0,0,0,0,,,,,0,0,0,,
90,"[0,1)","[-2,0)",ask=0,0,0,0,0,,,,,0,0,0,,
90,"[0,1)","[-2,0)","(0,0.90)",390,1,206,389,0.529562982005141388174807197943444730077120822622107969151671,0.479916022965780227652435483304531203864719170295595209249730,0.578631768983281755295469724461010888217971368817881649181768,0.494910025706940874035989717223650385604113110539845758354756,183,192.52000000,-9.52000000,-0.0244730077120822622107969151670951156812339331619537275064267,-0.073541794690222629331459441684661273822084479357727407536524
90,"[0,1)","[-2,0)","[0.90,0.95)",11,0,2,11,0.181818181818181818181818181818181818181818181818181818181818,0.051367689746085094133963649924377303658571388552538605220008,0.476980561960844163535145158696847971365613942692265986609726,0.929090909090909090909090909090909090909090909090909090909091,9,10.22000000,-1.22000000,-0.110909090909090909090909090909090909090909090909090909090909,-0.406071471051753254444236067787757062274704851783175077518817
90,"[0,1)","[-2,0)","[0.95,0.98)",7,0,1,7,0.142857142857142857142857142857142857142857142857142857142857,0.025679624344743560607128914884008804252331158419792918804746,0.513127829274318868525875970782987437609875590583912171444036,0.961428571428571428571428571428571428571428571428571428571429,6,6.73000000,-0.73000000,-0.104285714285714285714285714285714285714285714285714285714286,-0.474556400702890297097304542211558866181304162012483600015465
90,"[0,1)","[-2,0)","[0.98,1)",2,0,0,2,0,0,0.657619772493346908066213171022805867761678469589830388837810,0.98000000,2,1.96000000,0.04000000,0.02000000,-0.637619772493346908066213171022805867761678469589830388837810
90,"[0,1)","[-2,0)",ask=1,0,0,0,0,,,,,0,0,0,,
90,"[0,1)","[0,2)",ask=0,0,0,0,0,,,,,0,0,0,,
90,"[0,1)","[0,2)","(0,0.90)",337,1,94,336,0.279761904761904761904761904761904761904761904761904761904762,0.234461924473340467750320461070417837075393691044566261851554,0.330040886591606129872588853948299185269379770490300338636122,0.702470238095238095238095238095238095238095238095238095238095,242,236.03000000,5.97000000,0.0177678571428571428571428571428571428571428571428571428571429,-0.032511124686844225110684092043537280507475008585538433874217
90,"[0,1)","[0,2)","[0.90,0.95)",39,0,2,39,0.0512820512820512820512820512820512820512820512820512820512821,0.0141779554152741156211825868628303160488089301413090225634850,0.168856400476136127126715634541636202838101040659380597598789,0.924102564102564102564102564102564102564102564102564102564103,37,36.04000000,0.96000000,0.0246153846153846153846153846153846153846153846153846153846154,-0.092958964578700229690818198644200305402203604761944700162892
90,"[0,1)","[0,2)","[0.95,0.98)",22,0,0,22,0,0,0.148654874608620875261529651123205956231015521669584153863614,0.961818181818181818181818181818181818181818181818181818181818,22,21.16000000,0.84000000,0.0381818181818181818181818181818181818181818181818181818181818,-0.110473056426802693443347832941387774412833703487765972045432
90,"[0,1)","[0,2)","[0.98,1)",9,0,1,9,0.111111111111111111111111111111111111111111111111111111111111,0.019890887638544909123336039549747145430433888416815277180683,0.434999705576656016633305779504184793145793726478044666290525,0.985555555555555555555555555555555555555555555555555555555556,8,8.87000000,-0.87000000,-0.0966666666666666666666666666666666666666666666666666666666667,-0.420555261132211572188861335059740348701349282033600221846081
90,"[0,1)","[0,2)",ask=1,0,0,0,0,,,,,0,0,0,,
90,"[0,1)",>=2,ask=0,0,0,0,0,,,,,0,0,0,,
90,"[0,1)",>=2,"(0,0.90)",37,1,5,36,0.138888888888888888888888888888888888888888888888888888888889,0.060818150091328379597447917597949445963851973351839610639448,0.286595303893562042624617623085738887480415941082495040800234,0.803888888888888888888888888888888888888888888888888888888889,31,28.94000000,2.06000000,0.0572222222222222222222222222222222222222222222222222222222222,-0.090484192782450931513506511974627776369304829971383929689123
90,"[0,1)",>=2,"[0.90,0.95)",22,1,2,21,0.0952380952380952380952380952380952380952380952380952380952381,0.026518767438074516559365149362529860371980708722242404452705,0.289141390739182539423007615640406064399373767040169138434235,0.920952380952380952380952380952380952380952380952380952380952,19,19.34000000,-0.34000000,-0.0161904761904761904761904761904761904761904761904761904761905,-0.210093771691563491803959996592787016780326147992550090815187
90,"[0,1)",>=2,"[0.95,0.98)",14,0,1,14,0.0714285714285714285714285714285714285714285714285714285714286,0.012722215247890934509444161201882906109675297161938508881200,0.314687044241511181061484465394640207399371805737146133212574,0.959285714285714285714285714285714285714285714285714285714286,13,13.43000000,-0.43000000,-0.0307142857142857142857142857142857142857142857142857142857143,-0.273972758527225466775770179680354493113657520022860418926860
90,"[0,1)",>=2,"[0.98,1)",5,0,0,5,0,0,0.434482464783174761084782871525556271809021898883564142795326,0.98600000,5,4.93000000,0.07000000,0.01400000,-0.420482464783174761084782871525556271809021898883564142795326
90,"[0,1)",>=2,ask=1,2,0,0,2,0,0,0.657619772493346908066213171022805867761678469589830388837810,1.00000000,2,2.00000000,0E-8,0E-8,-0.657619772493346908066213171022805867761678469589830388837810
90,"[1,2)",<-2,ask=0,0,0,0,0,,,,,0,0,0,,
90,"[1,2)",<-2,"(0,0.90)",71,1,54,70,0.771428571428571428571428571428571428571428571428571428571429,0.660496684060150909894479755201041020143113455915462678842031,0.854119367774275620669371848413437913235967985616058577430589,0.271571428571428571428571428571428571428571428571428571428571,16,19.01000000,-3.01000000,-0.04300000,-0.125690796345704192097943276984866484664539414187487148859160
90,"[1,2)",<-2,"[0.90,0.95)",0,0,0,0,,,,,0,0,0,,
90,"[1,2)",<-2,"[0.95,0.98)",0,0,0,0,,,,,0,0,0,,
90,"[1,2)",<-2,"[0.98,1)",0,0,0,0,,,,,0,0,0,,
90,"[1,2)",<-2,ask=1,0,0,0,0,,,,,0,0,0,,
90,"[1,2)","[-2,0)",ask=0,0,0,0,0,,,,,0,0,0,,
90,"[1,2)","[-2,0)","(0,0.90)",223,1,82,222,0.369369369369369369369369369369369369369369369369369369369369,0.308606697641112541189374841727891040648875037470921034596932,0.434575974385245313244890208124032960192635793361724790116608,0.636261261261261261261261261261261261261261261261261261261261,140,141.25000000,-1.25000000,-0.00563063063063063063063063063063063063063063063063063063063063,-0.070837235646506574506151469385294221453897054622986051377869
90,"[1,2)","[-2,0)","[0.90,0.95)",25,0,2,25,0.08,0.022220401284847591995218228155449298156937398973362571020721,0.249661089503953128098840843697904480710628265336952993316635,0.91880000,23,22.97000000,0.03000000,0.00120000,-0.168461089503953128098840843697904480710628265336952993316635
90,"[1,2)","[-2,0)","[0.95,0.98)",9,0,1,9,0.111111111111111111111111111111111111111111111111111111111111,0.019890887638544909123336039549747145430433888416815277180683,0.434999705576656016633305779504184793145793726478044666290525,0.957777777777777777777777777777777777777777777777777777777778,8,8.62000000,-0.62000000,-0.0688888888888888888888888888888888888888888888888888888888889,-0.392777483354433794411083557281962570923571504255822444068303
90,"[1,2)","[-2,0)","[0.98,1)",5,0,0,5,0,0,0.434482464783174761084782871525556271809021898883564142795326,0.98000000,5,4.90000000,0.10000000,0.02000000,-0.414482464783174761084782871525556271809021898883564142795326
90,"[1,2)","[-2,0)",ask=1,0,0,0,0,,,,,0,0,0,,
90,"[1,2)","[0,2)",ask=0,0,0,0,0,,,,,0,0,0,,
90,"[1,2)","[0,2)","(0,0.90)",184,0,32,184,0.173913043478260869565217391304347826086956521739130434782609,0.125969020880045241699838200306724805522151506061847639563080,0.235194373221641561210960985574609834400141542565675178243570,0.79000000,152,145.36000000,6.64000000,0.0360869565217391304347826086956521739130434782608695652173913,-0.025194373221641561210960985574609834400141542565675178243570
90,"[1,2)","[0,2)","[0.90,0.95)",93,1,5,92,0.0543478260869565217391304347826086956521739130434782608695652,0.0234350639486323683065054149541770723388770915814702077221803,0.120985304762465253961698886558541429435169379199994014121922,0.923804347826086956521739130434782608695652173913043478260870,87,84.99000000,2.01000000,0.0218478260869565217391304347826086956521739130434782608695652,-0.044789652588552210483438016993324038130821553113037492382792
90,"[1,2)","[0,2)","[0.95,0.98)",67,0,7,67,0.104477611940298507462686567164179104477611940298507462686567,0.0515376976878286146786710758394119099714397256573670453337592,0.200312830487380260535833389669397795268766216960676138761561,0.960746268656716417910447761194029850746268656716417910447761,60,64.37000000,-4.37000000,-0.0652238805970149253731343283582089552238805970149253731343284,-0.161059099144096678446281150863427646015034873677094049209322
90,"[1,2)","[0,2)","[0.98,1)",27,0,0,27,0,1E-61,0.124555029741867063560897531223174706536906133650947916372170,0.985185185185185185185185185185185185185185185185185185185185,27,26.60000000,0.40000000,0.0148148148148148148148148148148148148148148148148148148148148,-0.109740214927052248746082716408359891722091318836133101557355
90,"[1,2)","[0,2)",ask=1,1,0,0,1,0,0,0.793450685622762572644686990659235135454905747938657255997644,1.00000000,1,1.00000000,0E-8,0E-8,-0.793450685622762572644686990659235135454905747938657255997644
90,"[1,2)",>=2,ask=0,0,0,0,0,,,,,0,0,0,,
90,"[1,2)",>=2,"(0,0.90)",20,0,1,20,0.05,0.008881448800795391602879473430907108230127032845046417582298,0.236131193446742027595051195081921842949898211188338729890754,0.81850000,19,16.37000000,2.63000000,0.13150000,-0.054631193446742027595051195081921842949898211188338729890754
90,"[1,2)",>=2,"[0.90,0.95)",22,0,2,22,0.0909090909090909090909090909090909090909090909090909090909091,0.025295428990995267023842223700597917677176523865640344860014,0.278149468416058176371954763582025137420927084773110326482942,0.929090909090909090909090909090909090909090909090909090909091,20,20.44000000,-0.44000000,-0.02000000,-0.207240377506967267281045672672934228330017993864019417392033
90,"[1,2)",>=2,"[0.95,0.98)",12,0,0,12,0,0,0.242494006655240850743536740887323444981368621780736059953412,0.96500000,12,11.58000000,0.42000000,0.03500000,-0.207494006655240850743536740887323444981368621780736059953412
90,"[1,2)",>=2,"[0.98,1)",14,0,0,14,0,1E-60,0.215310802737635801499416731029276965760554953382265415776069,0.984285714285714285714285714285714285714285714285714285714286,14,13.78000000,0.22000000,0.0157142857142857142857142857142857142857142857142857142857143,-0.199596517023350087213702445314991251474840667667979701490355
90,"[1,2)",>=2,ask=1,7,0,0,7,0,0,0.354330435066687400786206839933794738607089448605187126348296,1.00000000,7,7.00000000,0E-8,0E-8,-0.354330435066687400786206839933794738607089448605187126348296
90,"[2,4)",<-2,ask=0,0,0,0,0,,,,,0,0,0,,
90,"[2,4)",<-2,"(0,0.90)",128,1,74,127,0.582677165354330708661417322834645669291338582677165354330709,0.495721009826252792119216198499431845289890140446272080183097,0.664778576385014683407116737565743236369624588603935618353217,0.445748031496062992125984251968503937007874015748031496062992,53,56.61000000,-3.61000000,-0.0284251968503937007874015748031496062992125984251968503937008,-0.110526607881077675533100989534247173377498604351967114416209
90,"[2,4)",<-2,"[0.90,0.95)",0,0,0,0,,,,,0,0,0,,
90,"[2,4)",<-2,"[0.95,0.98)",0,0,0,0,,,,,0,0,0,,
90,"[2,4)",<-2,"[0.98,1)",0,0,0,0,,,,,0,0,0,,
90,"[2,4)",<-2,ask=1,0,0,0,0,,,,,0,0,0,,
90,"[2,4)","[-2,0)",ask=0,0,0,0,0,,,,,0,0,0,,
90,"[2,4)","[-2,0)","(0,0.90)",248,0,69,248,0.278225806451612903225806451612903225806451612903225806451613,0.226159652343773029031876239285026218904346910572374748674090,0.337057617302374829269540823001976344876594038678855523099464,0.752661290322580645161290322580645161290322580645161290322581,179,186.66000000,-7.66000000,-0.0308870967741935483870967741935483870967741935483870967741935,-0.089718907624955474430831145582621506166916619324016813422045
90,"[2,4)","[-2,0)","[0.90,0.95)",63,0,5,63,0.0793650793650793650793650793650793650793650793650793650793651,0.0343758471768185559716747259722237142469471987630618434482551,0.172703098509040823281692695962360812901086497408832005526241,0.921269841269841269841269841269841269841269841269841269841270,58,58.04000000,-0.04000000,-0.000634920634920634920634920634920634920634920634920634920634921,-0.093972939778882093122962537232202082742356338678673275367511
90,"[2,4)","[-2,0)","[0.95,0.98)",51,0,3,51,0.0588235294117647058823529411764705882352941176470588235294118,0.0202066394224646723727608571793394777849749158705653082594030,0.159246260488004235257016957792118143366329769090412379463340,0.960392156862745098039215686274509803921568627450980392156863,48,48.98000000,-0.98000000,-0.0192156862745098039215686274509803921568627450980392156862745,-0.119638417350749333296232644066627947287898396541392771620203
90,"[2,4)","[-2,0)","[0.98,1)",22,0,2,22,0.0909090909090909090909090909090909090909090909090909090909091,0.025295428990995267023842223700597917677176523865640344860014,0.278149468416058176371954763582025137420927084773110326482942,0.98500000,20,21.67000000,-1.67000000,-0.0759090909090909090909090909090909090909090909090909090909091,-0.263149468416058176371954763582025137420927084773110326482942
90,"[2,4)","[-2,0)",ask=1,1,0,0,1,0,0,0.793450685622762572644686990659235135454905747938657255997644,1.00000000,1,1.00000000,0E-8,0E-8,-0.793450685622762572644686990659235135454905747938657255997644
90,"[2,4)","[0,2)",ask=0,0,0,0,0,,,,,0,0,0,,
90,"[2,4)","[0,2)","(0,0.90)",120,0,22,120,0.183333333333333333333333333333333333333333333333333333333333,0.124303003560142222574483805480755569790998224681991549914654,0.262009135171703314548822022999663060870415420282058073570880,0.818166666666666666666666666666666666666666666666666666666667,98,98.18000000,-0.18000000,-0.00150000,-0.080175801838369981215488689666329727537082086948724740237547
90,"[2,4)","[0,2)","[0.90,0.95)",138,0,13,138,0.0942028985507246376811594202898550724637681159420289855072464,0.0558805340148823468430563819101249176475631454746184530746982,0.154505477725292808508138548770673564411273568036056867400246,0.924202898550724637681159420289855072463768115942028985507246,125,127.54000000,-2.54000000,-0.0184057971014492753623188405797101449275362318840579710144928,-0.078708376276017446189297969060528636875041683978085852907492
90,"[2,4)","[0,2)","[0.95,0.98)",128,0,7,128,0.0546875,0.0267402013813463523726310184278813442350262167264085506121697,0.108584900299747079677157510696113630677808345684368657515224,0.962109375,121,123.15000000,-2.15000000,-0.016796875,-0.070694275299747079677157510696113630677808345684368657515224
90,"[2,4)","[0,2)","[0.98,1)",160,0,5,160,0.03125,0.0134205166876444066194322685219861860505520718271537275007046,0.0710602912856417091158520765650593733722704541255451578447394,0.98537500,155,157.66000000,-2.66000000,-0.01662500,-0.0564352912856417091158520765650593733722704541255451578447394
90,"[2,4)","[0,2)",ask=1,11,0,0,11,0,0,0.258832966968031690622885270690496860752291234813264358589584,1.00000000,11,11.00000000,0E-8,0E-8,-0.258832966968031690622885270690496860752291234813264358589584
90,"[2,4)",>=2,ask=0,0,0,0,0,,,,,0,0,0,,
90,"[2,4)",>=2,"(0,0.90)",23,0,9,23,0.391304347826086956521739130434782608695652173913043478260870,0.221576227924779455928052167317994824143339523407317809298420,0.592144776086182900350963544995571498539109046252659903996626,0.807826086956521739130434782608695652173913043478260869565217,14,18.58000000,-4.58000000,-0.199130434782608695652173913043478260869565217391304347826087,-0.399970863042704639481398327604267150713022089730920773561843
90,"[2,4)",>=2,"[0.90,0.95)",27,0,2,27,0.0740740740740740740740740740740740740740740740740740740740741,0.020554654060988633298505495124932680615583322866860916595064,0.233695926830231457882999809250364291619558939132094715870118,0.930370370370370370370370370370370370370370370370370370370370,25,25.12000000,-0.12000000,-0.00444444444444444444444444444444444444444444444444444444444444,-0.164066297200601828253370179620734661989929309502465086240488
90,"[2,4)",>=2,"[0.95,0.98)",46,0,0,46,0,0,0.0770735630855803739782707173457028486860107581201611900926340,0.961521739130434782608695652173913043478260869565217391304348,46,44.23000000,1.77000000,0.0384782608695652173913043478260869565217391304347826086956522,-0.0385953022160151565869663695196158921642716276853785813969820
90,"[2,4)",>=2,"[0.98,1)",42,0,0,42,0,1E-61,0.0837987908657039155820891979759801121544070253800093089929563,0.984761904761904761904761904761904761904761904761904761904762,42,41.36000000,0.64000000,0.0152380952380952380952380952380952380952380952380952380952381,-0.0685606956276086774868511027378848740591689301419140708977183
90,"[2,4)",>=2,ask=1,15,0,0,15,0,0,0.203883301035848588906113525033002846962414143120117784623588,1.00000000,15,15.00000000,0E-8,0E-8,-0.203883301035848588906113525033002846962414143120117784623588
90,"[4,8)",<-2,ask=0,0,0,0,0,,,,,0,0,0,,
90,"[4,8)",<-2,"(0,0.90)",139,0,46,139,0.330935251798561151079136690647482014388489208633093525179856,0.258182008376988201011233004006164314563404269263353542834394,0.412781867321046287960093546618311718871050243222793308652270,0.649568345323741007194244604316546762589928057553956834532374,93,90.29000000,2.71000000,0.0194964028776978417266187050359712230215827338129496402877698,-0.062350212644787295154338150934858481460978300776750143184644
90,"[4,8)",<-2,"[0.90,0.95)",8,0,1,8,0.125,0.022417491450056672799680864765156704300662439077102905272333,0.470888182212853486868029343093234641378134238715551447740093,0.91000000,7,7.28000000,-0.28000000,-0.03500000,-0.380888182212853486868029343093234641378134238715551447740093
90,"[4,8)",<-2,"[0.95,0.98)",1,0,0,1,0,0,0.793450685622762572644686990659235135454905747938657255997644,0.95000000,1,0.95000000,0.05000000,0.05000000,-0.743450685622762572644686990659235135454905747938657255997644
90,"[4,8)",<-2,"[0.98,1)",2,0,0,2,0,0,0.657619772493346908066213171022805867761678469589830388837810,0.98500000,2,1.97000000,0.03000000,0.01500000,-0.642619772493346908066213171022805867761678469589830388837810
90,"[4,8)",<-2,ask=1,0,0,0,0,,,,,0,0,0,,
90,"[4,8)","[-2,0)",ask=0,0,0,0,0,,,,,0,0,0,,
90,"[4,8)","[-2,0)","(0,0.90)",110,2,22,108,0.203703703703703703703703703703703703703703703703703703703704,0.138548069432086525329366075405636423668880846079868999473363,0.289213328936243566338654132288139901676166979306616617865567,0.814259259259259259259259259259259259259259259259259259259259,86,87.94000000,-1.94000000,-0.0179629629629629629629629629629629629629629629629629629629630,-0.103472588195502825597913391547399160935426238565875877124826
90,"[4,8)","[-2,0)","[0.90,0.95)",82,0,10,82,0.121951219512195121951219512195121951219512195121951219512195,0.0676085364967789397044268766402543162846354580382049801675407,0.210129739951833492488478542403335416219368433011369175584453,0.921097560975609756097560975609756097560975609756097560975610,72,75.53000000,-3.53000000,-0.0430487804878048780487804878048780487804878048780487804878049,-0.131227300927443248586039518013091513780344042767466736560063
90,"[4,8)","[-2,0)","[0.95,0.98)",88,0,2,88,0.0227272727272727272727272727272727272727272727272727272727273,0.0062549282638121637991775748022237803157946376342496560810702,0.0791254535526758462787402702947625522160157167078901488832658,0.961590909090909090909090909090909090909090909090909090909091,86,84.62000000,1.38000000,0.0156818181818181818181818181818181818181818181818181818181818,-0.0407163626435849371878311793856716431251066257987992397923568
90,"[4,8)","[-2,0)","[0.98,1)",88,0,2,88,0.0227272727272727272727272727272727272727272727272727272727273,0.0062549282638121637991775748022237803157946376342496560810702,0.0791254535526758462787402702947625522160157167078901488832658,0.986488636363636363636363636363636363636363636363636363636364,86,86.81100000,-0.81100000,-0.00921590909090909090909090909090909090909090909090909090909091,-0.0656140899163122099151039066583989158523793530715265125196298
90,"[4,8)","[-2,0)",ask=1,30,0,0,30,0,0,0.113513393173968749941088969242882139187892157115904711864309,1.00000000,30,30.00000000,0E-8,0E-8,-0.113513393173968749941088969242882139187892157115904711864309
90,"[4,8)","[0,2)",ask=0,0,0,0,0,,,,,0,0,0,,
90,"[4,8)","[0,2)","(0,0.90)",32,0,4,32,0.125,0.049701343874800734251915537179920360463557332137381733086422,0.280683054816502226300307650057195715244499069673680443074724,0.83562500,28,26.74000000,1.26000000,0.03937500,-0.116308054816502226300307650057195715244499069673680443074724
90,"[4,8)","[0,2)","[0.90,0.95)",53,0,3,53,0.0566037735849056603773584905660377358490566037735849056603774,0.0194366614849357599693697351562792812356582108936903374935183,0.153702083101808910387679508060726828441901171884348068894780,0.925660377358490566037735849056603773584905660377358490566038,50,49.06000000,0.94000000,0.0177358490566037735849056603773584905660377358490566037735849,-0.079362460460299476425415357117330602026806832261706559460818
90,"[4,8)","[0,2)","[0.95,0.98)",129,0,4,129,0.0310077519379844961240310077519379844961240310077519379844961,0.0121230383133992093197906997048326780491924810064141663570060,0.0770167447469284541315223316818109061060767614264244373962650,0.962635658914728682170542635658914728682170542635658914728682,125,124.18000000,0.82000000,0.00635658914728682170542635658914728682170542635658914728682171,-0.0396524036616571363020649673407256347882473040620833521249470
90,"[4,8)","[0,2)","[0.98,1)",246,0,5,246,0.0203252032520325203252032520325203252032520325203252032520325,0.0087122034012985945808381474919918537893084204528315753179939,0.0466887652210782231428326114303578569170680409663646307490451,0.986621951219512195121951219512195121951219512195121951219512,241,242.70900000,-1.70900000,-0.00694715447154471544715447154471544715447154471544715447154472,-0.0333107164405904182647838309425529788682875531614865819685571
90,"[4,8)","[0,2)",ask=1,139,0,1,139,0.00719424460431654676258992805755395683453237410071942446043165,0.0012710917051593069924968373427928425895050175674164279798598,0.0396236097976220757537103421370628293364581358496499263536016,1.00000000,138,139.00000000,-1.00000000,-0.00719424460431654676258992805755395683453237410071942446043165,-0.0396236097976220757537103421370628293364581358496499263536016
90,"[4,8)",>=2,ask=0,0,0,0,0,,,,,0,0,0,,
90,"[4,8)",>=2,"(0,0.90)",15,0,1,15,0.0666666666666666666666666666666666666666666666666666666666667,0.011866895493268551900400658175721432353582667454859885236678,0.298165298737800225151564396852881035013842923249242194770432,0.850666666666666666666666666666666666666666666666666666666667,14,12.76000000,1.24000000,0.0826666666666666666666666666666666666666666666666666666666667,-0.148831965404466891818231063519547701680509589915908861437099
90,"[4,8)",>=2,"[0.90,0.95)",24,1,0,23,0,0,0.143116618450426838883472276642405084339263420435897481157223,0.927391304347826086956521739130434782608695652173913043478261,23,21.33000000,1.67000000,0.0726086956521739130434782608695652173913043478260869565217391,-0.070507922798252925839994015772839866947959072609810524635484
90,"[4,8)",>=2,"[0.95,0.98)",42,0,2,42,0.0476190476190476190476190476190476190476190476190476190476190,0.0131575249089056042442555561003914998334835576115705487075536,0.157898523969588414615729908735019077830027560589390254667025,0.962857142857142857142857142857142857142857142857142857142857,40,40.44000000,-0.44000000,-0.0104761904761904761904761904761904761904761904761904761904762,-0.120755666826731271758587051592161934972884703446533111809882
90,"[4,8)",>=2,"[0.98,1)",102,0,0,102,0,0,0.0362944621464631862895347892476921204768418822373937571058606,0.985931372549019607843137254901960784313725490196078431372549,102,100.56500000,1.43500000,0.0140686274509803921568627450980392156862745098039215686274510,-0.0222258346954827941326720441496529047905673724334721884784096
90,"[4,8)",>=2,ask=1,116,0,1,116,0.00862068965517241379310344827586206896551724137931034482758621,0.0015233877766386063918144066273284061815738587135940822543264,0.0472198341281787497401099972292859611209561665301013841780096,1.00000000,115,116.00000000,-1.00000000,-0.00862068965517241379310344827586206896551724137931034482758621,-0.0472198341281787497401099972292859611209561665301013841780096
90,"[8,infinity)",<-2,ask=0,0,0,0,0,,,,,0,0,0,,
90,"[8,infinity)",<-2,"(0,0.90)",72,1,20,71,0.281690140845070422535211267605633802816901408450704225352113,0.190370907031703856656025910949846264218425566777639484523324,0.395420170688065165648630205517462085111898526293721402535136,0.771971830985915492957746478873239436619718309859154929577465,51,54.81000000,-3.81000000,-0.0536619718309859154929577464788732394366197183098591549295775,-0.167392001673980658606376684390701521731616836152876332112601
90,"[8,infinity)",<-2,"[0.90,0.95)",50,3,10,47,0.212765957446808510638297872340425531914893617021276595744681,0.119897079980949992814660257071652685999803688614199488004146,0.349040267091984054096603119377132157329851343676795833181842,0.922553191489361702127659574468085106382978723404255319148936,37,43.36000000,-6.36000000,-0.135319148936170212765957446808510638297872340425531914893617,-0.271593458581345756224262693845217263712830067081051152330778
90,"[8,infinity)",<-2,"[0.95,0.98)",31,0,1,31,0.0322580645161290322580645161290322580645161290322580645161290,0.0057172215254168199874586339522331850026054923572925644219034,0.161941051647249066405167202318445979294920908319134688604112,0.960161290322580645161290322580645161290322580645161290322581,30,29.76500000,0.23500000,0.00758064516129032258064516129032258064516129032258064516129032,-0.122102341969829711566457524899091140585243488964295978926693
90,"[8,infinity)",<-2,"[0.98,1)",53,0,1,53,0.0188679245283018867924528301886792452830188679245283018867925,0.0033384533882637656821973476453314221271521740259389223623519,0.0994291205250123659818348098880156330548803477119325398887805,0.987169811320754716981132075471698113207547169811320754716981,52,52.32000000,-0.32000000,-0.00603773584905660377358490566037735849056603773584905660377358,-0.0865989318457670829629668853597137462624275175232532946057615
90,"[8,infinity)",<-2,ask=1,76,0,0,76,0,0,0.0481135850651373179806680027772221016786979542922821152437366,1.00000000,76,76.00000000,0E-8,0E-8,-0.0481135850651373179806680027772221016786979542922821152437366
90,"[8,infinity)","[-2,0)",ask=0,0,0,0,0,,,,,0,0,0,,
90,"[8,infinity)","[-2,0)","(0,0.90)",8,0,0,8,0,0,0.324407564883880212890280277144521794238395570390205804016566,0.81500000,8,6.52000000,1.48000000,0.18500000,-0.139407564883880212890280277144521794238395570390205804016566
90,"[8,infinity)","[-2,0)","[0.90,0.95)",31,0,2,31,0.0645161290322580645161290322580645161290322580645161290322581,0.0178747835219145770963837259671189739186711542154245286916251,0.207186367362981248165716190560754730772129287793662913780871,0.925483870967741935483870967741935483870967741935483870967742,29,28.69000000,0.31000000,0.01000000,-0.132670238330723183649587158302690214643097029729146784748613
90,"[8,infinity)","[-2,0)","[0.95,0.98)",38,1,0,37,0,0,0.0940578258372024807966737008331431353361241242445789105818134,0.964054054054054054054054054054054054054054054054054054054054,37,35.67000000,1.33000000,0.0359459459459459459459459459459459459459459459459459459459459,-0.0581118798912565348507277548871971893901781782986329646358674
90,"[8,infinity)","[-2,0)","[0.98,1)",97,2,0,95,0,1E-61,0.0388648535394729614867276295781033935607497988908014013830293,0.986673684210526315789473684210526315789473684210526315789474,95,93.73400000,1.26600000,0.0133263157894736842105263157894736842105263157894736842105263,-0.0255385377499992772762013137886297093502234831013277171725033
90,"[8,infinity)","[-2,0)",ask=1,168,0,0,168,0,0,0.0223546683498680513597401911161799053789148351442510448390890,1.00000000,168,168.00000000,0E-8,0E-8,-0.0223546683498680513597401911161799053789148351442510448390890
90,"[8,infinity)","[0,2)",ask=0,0,0,0,0,,,,,0,0,0,,
90,"[8,infinity)","[0,2)","(0,0.90)",3,0,1,3,0.333333333333333333333333333333333333333333333333333333333333,0.061491944720396241873444442939187390780210775328990142673567,0.792340399197952247054735144859082924781055214487972948705729,0.863333333333333333333333333333333333333333333333333333333333,2,2.59000000,-0.59000000,-0.196666666666666666666666666666666666666666666666666666666667,-0.655673732531285580388068478192416258114388547821306282039062
90,"[8,infinity)","[0,2)","[0.90,0.95)",9,0,1,9,0.111111111111111111111111111111111111111111111111111111111111,0.019890887638544909123336039549747145430433888416815277180683,0.434999705576656016633305779504184793145793726478044666290525,0.924444444444444444444444444444444444444444444444444444444444,8,8.32000000,-0.32000000,-0.0355555555555555555555555555555555555555555555555555555555556,-0.359444150021100461077750223948629237590238170922489110734969
90,"[8,infinity)","[0,2)","[0.95,0.98)",27,1,1,26,0.0384615384615384615384615384615384615384615384615384615384615,0.0068219849935434809817954443958269886508791889728623281663195,0.188927789030347560694580852465746207751500644113564387184404,0.961153846153846153846153846153846153846153846153846153846154,25,24.99000000,0.01000000,0.000384615384615384615384615384615384615384615384615384615384615,-0.150081635184193714540734698619592361597654490267410541030558
90,"[8,infinity)","[0,2)","[0.98,1)",113,1,1,112,0.00892857142857142857142857142857142857142857142857142857142857,0.0015778547032921350650467593796101952250810233761634620570155,0.0488484683088848870154667217108019441566570696618363243812991,0.98881250,111,110.74700000,0.25300000,0.00225892857142857142857142857142857142857142857142857142857143,-0.0376609683088848870154667217108019441566570696618363243812991
90,"[8,infinity)","[0,2)",ask=1,310,2,3,308,0.00974025974025974025974025974025974025974025974025974025974026,0.0033179897250460171540824184441319563917826760417969298341529,0.0282411841510384656347887719557704471785503655769203444608331,1.00000000,305,308.00000000,-3.00000000,-0.00974025974025974025974025974025974025974025974025974025974026,-0.0282411841510384656347887719557704471785503655769203444608331
90,"[8,infinity)",>=2,ask=0,0,0,0,0,,,,,0,0,0,,
90,"[8,infinity)",>=2,"(0,0.90)",3,0,0,3,0,0,0.561497031755045466784538763394810946683797969450889274137888,0.63000000,3,1.89000000,1.11000000,0.37000000,-0.191497031755045466784538763394810946683797969450889274137888
90,"[8,infinity)",>=2,"[0.90,0.95)",14,0,3,14,0.214285714285714285714285714285714285714285714285714285714286,0.075713867126931825281250264689792498900596000422290639585996,0.475892305866002918432702153041222910105435401510432455143186,0.924285714285714285714285714285714285714285714285714285714286,11,12.94000000,-1.94000000,-0.138571428571428571428571428571428571428571428571428571428571,-0.400178020151717204146987867326937195819721115796146740857472
90,"[8,infinity)",>=2,"[0.95,0.98)",25,1,0,24,0,0,0.137976204674980184720288987191152453368712544577434277225593,0.96375000,24,23.13000000,0.87000000,0.03625000,-0.101726204674980184720288987191152453368712544577434277225593
90,"[8,infinity)",>=2,"[0.98,1)",84,0,0,84,0,0,0.0437317284146598801624975314283815795965094588977717772519719,0.988059523809523809523809523809523809523809523809523809523810,84,82.99700000,1.00300000,0.0119404761904761904761904761904761904761904761904761904761905,-0.0317912522241836896863070552379053891203189827072955867757819
90,"[8,infinity)",>=2,ask=1,469,2,1,467,0.00214132762312633832976445396145610278372591006423982869379015,0.00037809696546776630525235538271490880082958580894653939897686,0.0120283271317752714261880289448470723419852972277963877952224,1.00000000,466,467.00000000,-1.00000000,-0.00214132762312633832976445396145610278372591006423982869379015,-0.0120283271317752714261880289448470723419852972277963877952224
60,"[0,1)",<-2,ask=0,0,0,0,0,,,,,0,0,0,,
60,"[0,1)",<-2,"(0,0.90)",76,0,69,76,0.907894736842105263157894736842105263157894736842105263157895,0.821872921510637747394620762343419119748278876701070496384918,0.954665995936223914252729024864636534145414897428909883284658,0.109868421052631578947368421052631578947368421052631578947368,7,8.35000000,-1.35000000,-0.0177631578947368421052631578947368421052631578947368421052632,-0.064534416988855493200097445917268113092783318481541462232026
60,"[0,1)",<-2,"[0.90,0.95)",0,0,0,0,,,,,0,0,0,,
60,"[0,1)",<-2,"[0.95,0.98)",0,0,0,0,,,,,0,0,0,,
60,"[0,1)",<-2,"[0.98,1)",0,0,0,0,,,,,0,0,0,,
60,"[0,1)",<-2,ask=1,0,0,0,0,,,,,0,0,0,,
60,"[0,1)","[-2,0)",ask=0,0,0,0,0,,,,,0,0,0,,
60,"[0,1)","[-2,0)","(0,0.90)",332,0,171,332,0.515060240963855421686746987951807228915662650602409638554217,0.461436944344640400640303162228173915222138044537380188768917,0.568339010164117863109698312859569410384958147741746218005075,0.500361445783132530120481927710843373493975903614457831325301,161,166.12000000,-5.12000000,-0.0154216867469879518072289156626506024096385542168674698795181,-0.068700455947250393230180240570412783878934051356204049330376
60,"[0,1)","[-2,0)","[0.90,0.95)",24,0,2,24,0.0833333333333333333333333333333333333333333333333333333333333,0.023158815297043336041234637343711646272452416356485321686888,0.258488021932106817892339518648915398201474704124709909334440,0.916916666666666666666666666666666666666666666666666666666667,22,22.00600000,-0.00600000,-0.00025000,-0.175404688598773484559006185315582064868141370791376576001107
60,"[0,1)","[-2,0)","[0.95,0.98)",18,0,2,18,0.111111111111111111111111111111111111111111111111111111111111,0.031019522645612380930110888542323719415287261322063555502170,0.327997651301787998191924095870274592850206834087324297966242,0.96000000,16,17.28000000,-1.28000000,-0.0711111111111111111111111111111111111111111111111111111111111,-0.287997651301787998191924095870274592850206834087324297966242
60,"[0,1)","[-2,0)","[0.98,1)",6,0,0,6,0,0,0.390334287902165324898707055142237608185625673736798285240772,0.98500000,6,5.91000000,0.09000000,0.01500000,-0.375334287902165324898707055142237608185625673736798285240772
60,"[0,1)","[-2,0)",ask=1,0,0,0,0,,,,,0,0,0,,
60,"[0,1)","[0,2)",ask=0,0,0,0,0,,,,,0,0,0,,
60,"[0,1)","[0,2)","(0,0.90)",197,1,38,196,0.193877551020408163265306122448979591836734693877551020408163,0.144635799677010251083881245032601321328160541448069973999064,0.254888199456378408119219206293212409257080326613941390492818,0.728316326530612244897959183673469387755102040816326530612245,158,142.75000000,15.25000000,0.0778061224489795918367346938775510204081632653061224489795918,0.016795474013009346982821610033318202987817632569732078894937
60,"[0,1)","[0,2)","[0.90,0.95)",67,0,5,67,0.0746268656716417910447761194029850746268656716417910447761194,0.0322960491663226641675654394554710188186708967103641682141004,0.163090367927769899742373325337022437760418513275078501473318,0.919701492537313432835820895522388059701492537313432835820896,62,61.62000000,0.38000000,0.00567164179104477611940298507462686567164179104477611940298507,-0.082791860465083332578194220859410497461911050588511337294214
60,"[0,1)","[0,2)","[0.95,0.98)",57,0,1,57,0.0175438596491228070175438596491228070175438596491228070175439,0.0031036646514080930776440538843344460333088045624150510656638,0.0929074917856768467569386566103682354418708290805594131207066,0.961228070175438596491228070175438596491228070175438596491228,56,54.79000000,1.21000000,0.0212280701754385964912280701754385964912280701754385964912281,-0.0541355619611154432481667267858068319330988992559980096119346
60,"[0,1)","[0,2)","[0.98,1)",58,0,2,58,0.0344827586206896551724137931034482758620689655172413793103448,0.0095079283311654206180668059590881297453809797809478677405083,0.117291454643126944384739583873204465239816860317759866941751,0.984482758620689655172413793103448275862068965517241379310345,56,57.10000000,-1.10000000,-0.0189655172413793103448275862068965517241379310344827586206897,-0.101774213263816599557153376976652741101885825835001246252096
60,"[0,1)","[0,2)",ask=1,1,0,0,1,0,0,0.793450685622762572644686990659235135454905747938657255997644,1.00000000,1,1.00000000,0E-8,0E-8,-0.793450685622762572644686990659235135454905747938657255997644
60,"[0,1)",>=2,ask=0,0,0,0,0,,,,,0,0,0,,
60,"[0,1)",>=2,"(0,0.90)",19,0,3,19,0.157894736842105263157894736842105263157894736842105263157895,0.055204716385341409053692396938765178205972216622661334906490,0.375654752703290763127688759875678582317332722603981570869620,0.818947368421052631578947368421052631578947368421052631578947,16,15.56000000,0.44000000,0.0231578947368421052631578947368421052631578947368421052631579,-0.194602121124343394706636128296731213896280091025034202448567
60,"[0,1)",>=2,"[0.90,0.95)",9,0,1,9,0.111111111111111111111111111111111111111111111111111111111111,0.019890887638544909123336039549747145430433888416815277180683,0.434999705576656016633305779504184793145793726478044666290525,0.922222222222222222222222222222222222222222222222222222222222,8,8.30000000,-0.30000000,-0.0333333333333333333333333333333333333333333333333333333333333,-0.357221927798878238855528001726407015368015948700266888512747
60,"[0,1)",>=2,"[0.95,0.98)",10,0,0,10,0,0,0.277532799862889204526030927043294338473666863904268179277910,0.96400000,10,9.64000000,0.36000000,0.03600000,-0.241532799862889204526030927043294338473666863904268179277910
60,"[0,1)",>=2,"[0.98,1)",16,0,0,16,0,0,0.193607680534436484397123030315166534447518308110879063675717,0.98375000,16,15.74000000,0.26000000,0.01625000,-0.177357680534436484397123030315166534447518308110879063675717
60,"[0,1)",>=2,ask=1,6,0,0,6,0,0,0.390334287902165324898707055142237608185625673736798285240772,1.00000000,6,6.00000000,0E-8,0E-8,-0.390334287902165324898707055142237608185625673736798285240772
60,"[1,2)",<-2,ask=0,0,0,0,0,,,,,0,0,0,,
60,"[1,2)",<-2,"(0,0.90)",63,1,51,62,0.822580645161290322580645161290322580645161290322580645161290,0.709584331143036341481299436368776049688068007315685197363602,0.897935622339949155815908675759715050065625660320295612389910,0.193306451612903225806451612903225806451612903225806451612903,11,11.98500000,-0.98500000,-0.0158870967741935483870967741935483870967741935483870967741935,-0.091242073952852381622360288662940856517238563546102064002813
60,"[1,2)",<-2,"[0.90,0.95)",1,0,1,1,1,0.206549314377237427355313009340764864545094252061342744002356,1,0.90000000,0,0.90000000,-0.90000000,-0.90000000,-0.90000000
60,"[1,2)",<-2,"[0.95,0.98)",0,0,0,0,,,,,0,0,0,,
60,"[1,2)",<-2,"[0.98,1)",0,0,0,0,,,,,0,0,0,,
60,"[1,2)",<-2,ask=1,0,0,0,0,,,,,0,0,0,,
60,"[1,2)","[-2,0)",ask=0,0,0,0,0,,,,,0,0,0,,
60,"[1,2)","[-2,0)","(0,0.90)",156,1,58,155,0.374193548387096774193548387096774193548387096774193548387097,0.301919781285264884586027129332322448168693924529983666531792,0.452552380519641579690366507266415112901633996014607012819606,0.637419354838709677419354838709677419354838709677419354838710,97,98.80000000,-1.80000000,-0.0116129032258064516129032258064516129032258064516129032258065,-0.089971735358351257109721345976092532256472705692026367658316
60,"[1,2)","[-2,0)","[0.90,0.95)",39,0,4,39,0.102564102564102564102564102564102564102564102564102564102564,0.0406133134466838132500543432194088452225153340841917802234031,0.235788544628565258898084081453118642934462068624990454777469,0.919230769230769230769230769230769230769230769230769230769231,35,35.85000000,-0.85000000,-0.0217948717948717948717948717948717948717948717948717948717949,-0.155019313859334489667314850683887873703692837855759685546700
60,"[1,2)","[-2,0)","[0.95,0.98)",22,0,2,22,0.0909090909090909090909090909090909090909090909090909090909091,0.025295428990995267023842223700597917677176523865640344860014,0.278149468416058176371954763582025137420927084773110326482942,0.961818181818181818181818181818181818181818181818181818181818,20,21.16000000,-1.16000000,-0.0527272727272727272727272727272727272727272727272727272727273,-0.239967650234239994553772945400206955602745266591292144664760
60,"[1,2)","[-2,0)","[0.98,1)",33,0,0,33,0,0,0.104269997542452055904110156546589646564609266108543906361983,0.985454545454545454545454545454545454545454545454545454545455,33,32.52000000,0.48000000,0.0145454545454545454545454545454545454545454545454545454545455,-0.089724542996997510449564702001135101110063811563089360907438
60,"[1,2)","[-2,0)",ask=1,0,0,0,0,,,,,0,0,0,,
60,"[1,2)","[0,2)",ask=0,0,0,0,0,,,,,0,0,0,,
60,"[1,2)","[0,2)","(0,0.90)",56,0,9,56,0.160714285714285714285714285714285714285714285714285714285714,0.0869266760759513894050469211488547766638229833864377939542388,0.278062066697495209055154228580103497513103448750007822794751,0.798392857142857142857142857142857142857142857142857142857143,47,44.71000000,2.29000000,0.0408928571428571428571428571428571428571428571428571428571429,-0.076454923840352351912297085722960640370246305892864965651894
60,"[1,2)","[0,2)","[0.90,0.95)",63,0,1,63,0.0158730158730158730158730158730158730158730158730158730158730,0.0028074942138692823949705586433950044236258122679379752445054,0.0845852545943839654249428892435796400297714606846190962167064,0.922698412698412698412698412698412698412698412698412698412698,62,58.13000000,3.87000000,0.0614285714285714285714285714285714285714285714285714285714286,-0.0072836672927966638376413019419923384424698733830317946294044
60,"[1,2)","[0,2)","[0.95,0.98)",75,0,3,75,0.04,0.0136960642601439249874578528834765185961039592109134435970841,0.111129870824037464193837551280267477634191938241237911150270,0.961333333333333333333333333333333333333333333333333333333333,72,72.10000000,-0.10000000,-0.00133333333333333333333333333333333333333333333333333333333333,-0.072463204157370797527170884613600810967525271574571244483603
60,"[1,2)","[0,2)","[0.98,1)",109,0,2,109,0.0183486238532110091743119266055045871559633027522935779816514,0.0050463623673432893274522948797556417401274299944339287022936,0.0644445756499882526056387309214021126323452555466916299358446,0.986788990825688073394495412844036697247706422018348623853211,107,107.56000000,-0.56000000,-0.00513761467889908256880733944954128440366972477064220183486239,-0.0512335664756763260001341437654388098800516775650402537890556
60,"[1,2)","[0,2)",ask=1,22,0,1,22,0.0454545454545454545454545454545454545454545454545454545454545,0.008069427621263850908248915147418683314924464397626624695992,0.217980458386573308420414404055495822349635100756540787907294,1.00000000,21,22.00000000,-1.00000000,-0.0454545454545454545454545454545454545454545454545454545454545,-0.217980458386573308420414404055495822349635100756540787907294
60,"[1,2)",>=2,ask=0,0,0,0,0,,,,,0,0,0,,
60,"[1,2)",>=2,"(0,0.90)",9,0,1,9,0.111111111111111111111111111111111111111111111111111111111111,0.019890887638544909123336039549747145430433888416815277180683,0.434999705576656016633305779504184793145793726478044666290525,0.838888888888888888888888888888888888888888888888888888888889,8,7.55000000,0.45000000,0.05000000,-0.273888594465544905522194668393073682034682615366933555179414
60,"[1,2)",>=2,"[0.90,0.95)",9,0,1,9,0.111111111111111111111111111111111111111111111111111111111111,0.019890887638544909123336039549747145430433888416815277180683,0.434999705576656016633305779504184793145793726478044666290525,0.923333333333333333333333333333333333333333333333333333333333,8,8.31000000,-0.31000000,-0.0344444444444444444444444444444444444444444444444444444444444,-0.358333038909989349966639112837518126479127059811377999623858
60,"[1,2)",>=2,"[0.95,0.98)",8,0,0,8,0,0,0.324407564883880212890280277144521794238395570390205804016566,0.96125000,8,7.69000000,0.31000000,0.03875000,-0.285657564883880212890280277144521794238395570390205804016566
60,"[1,2)",>=2,"[0.98,1)",32,0,2,32,0.0625,0.0173105670316409687497597979151894300349433592604035124717489,0.201471231441545818561167253861445991624455776185835693049587,0.98593750,30,31.55000000,-1.55000000,-0.04843750,-0.187408731441545818561167253861445991624455776185835693049587
60,"[1,2)",>=2,ask=1,10,0,0,10,0,0,0.277532799862889204526030927043294338473666863904268179277910,1.00000000,10,10.00000000,0E-8,0E-8,-0.277532799862889204526030927043294338473666863904268179277910
60,"[2,4)",<-2,ask=0,0,0,0,0,,,,,0,0,0,,
60,"[2,4)",<-2,"(0,0.90)",96,0,64,96,0.666666666666666666666666666666666666666666666666666666666667,0.567565061532880189348233856971022162455094352408972399169000,0.752943075847894584850760616824307366817940161192943913096008,0.391458333333333333333333333333333333333333333333333333333333,32,37.58000000,-5.58000000,-0.05812500,-0.144401409181227918184093950157640700151273494526277246429341
60,"[2,4)",<-2,"[0.90,0.95)",2,0,1,2,0.5,0.094531205734230729793326600900495328768115141516490687279156,0.905468794265769270206673399099504671231884858483509312720844,0.90000000,1,1.80000000,-0.80000000,-0.40000000,-0.805468794265769270206673399099504671231884858483509312720844
60,"[2,4)",<-2,"[0.95,0.98)",1,0,0,1,0,0,0.793450685622762572644686990659235135454905747938657255997644,0.97000000,1,0.97000000,0.03000000,0.03000000,-0.763450685622762572644686990659235135454905747938657255997644
60,"[2,4)",<-2,"[0.98,1)",1,0,0,1,0,0,0.793450685622762572644686990659235135454905747938657255997644,0.98300000,1,0.98300000,0.01700000,0.01700000,-0.776450685622762572644686990659235135454905747938657255997644
60,"[2,4)",<-2,ask=1,0,0,0,0,,,,,0,0,0,,
60,"[2,4)","[-2,0)",ask=0,0,0,0,0,,,,,0,0,0,,
60,"[2,4)","[-2,0)","(0,0.90)",129,1,31,128,0.2421875,0.176187379992421441333117147554814147240754775520426477310345,0.323211363086106335116760421938025048761412602717391906342357,0.76350000,97,97.72800000,-0.72800000,-0.00568750,-0.086711363086106335116760421938025048761412602717391906342357
60,"[2,4)","[-2,0)","[0.90,0.95)",59,0,3,59,0.0508474576271186440677966101694915254237288135593220338983051,0.0174427174729900619648305631974421922825232408023781017862732,0.139165022152768990112405001553370007126292302713425065766631,0.922711864406779661016949152542372881355932203389830508474576,56,54.44000000,1.56000000,0.0264406779661016949152542372881355932203389830508474576271186,-0.061876886559548651129354154095742888482224506103255574241207
60,"[2,4)","[-2,0)","[0.95,0.98)",68,0,3,68,0.0441176470588235294117647058823529411764705882352941176470588,0.0151166197080415635067207332406233120551580197385430998852249,0.121871951824963921724812039050896385781668587725170449643720,0.962647058823529411764705882352941176470588235294117647058824,65,65.46000000,-0.46000000,-0.00676470588235294117647058823529411764705882352941176470588235,-0.084519010648493333489517921403837562252256823019288096702544
60,"[2,4)","[-2,0)","[0.98,1)",99,0,3,99,0.0303030303030303030303030303030303030303030303030303030303030,0.0103586395784540447218823191052005641506169042110202087383296,0.0853368020610201670202739232113958163151998717899846345871562,0.986737373737373737373737373737373737373737373737373737373737,96,97.68700000,-1.68700000,-0.0170404040404040404040404040404040404040404040404040404040404,-0.0720741757983939043940112969487695536889372455273583719608932
60,"[2,4)","[-2,0)",ask=1,26,0,0,26,0,0,0.128728921859215295149407654933370962769244819176962274963284,1.00000000,26,26.00000000,0E-8,0E-8,-0.128728921859215295149407654933370962769244819176962274963284
60,"[2,4)","[0,2)",ask=0,0,0,0,0,,,,,0,0,0,,
60,"[2,4)","[0,2)","(0,0.90)",33,0,4,33,0.121212121212121212121212121212121212121212121212121212121212,0.048161613094135578161625993161957129534141829359954278570563,0.273255051710752342977851398161216845136016705570760802006699,0.790303030303030303030303030303030303030303030303030303030303,29,26.08000000,2.92000000,0.0884848484848484848484848484848484848484848484848484848484848,-0.063558082013782646008154428464247148166319735873791105037002
60,"[2,4)","[0,2)","[0.90,0.95)",45,0,9,45,0.2,0.108961268078312852671416066121699661004582123762834814560558,0.338229691161420163043478604830043764951517604409189690229594,0.918222222222222222222222222222222222222222222222222222222222,36,41.32000000,-5.32000000,-0.118222222222222222222222222222222222222222222222222222222222,-0.256451913383642385265700827052265987173739826631411912451816
60,"[2,4)","[0,2)","[0.95,0.98)",86,0,3,86,0.0348837209302325581395348837209302325581395348837209302325581,0.0119337980774083706560306296555247618794617527792087224709682,0.0976087110256076486595766384010229625564015599452586181297164,0.963255813953488372093023255813953488372093023255813953488372,83,82.84000000,0.16000000,0.00186046511627906976744186046511627906976744186046511627906977,-0.0608645249790960207525998942149764509284945832010725716180884
60,"[2,4)","[0,2)","[0.98,1)",252,0,7,252,0.0277777777777777777777777777777777777777777777777777777777778,0.0135193851680634402115946004481557070291593497965162714327074,0.0562170011976751510826314145515678441325595084820152700276198,0.986976190476190476190476190476190476190476190476190476190476,245,248.71800000,-3.71800000,-0.0147539682539682539682539682539682539682539682539682539682540,-0.0431931916738656272731076050277583203230356989582057462180958
60,"[2,4)","[0,2)",ask=1,164,0,1,164,0.00609756097560975609756097560975609756097560975609756097560976,0.0010771813904626597724448478323346436776277498979405671472069,0.0337262507397036115121853922612048404689418650942238374776709,1.00000000,163,164.00000000,-1.00000000,-0.00609756097560975609756097560975609756097560975609756097560976,-0.0337262507397036115121853922612048404689418650942238374776709
60,"[2,4)",>=2,ask=0,0,0,0,0,,,,,0,0,0,,
60,"[2,4)",>=2,"(0,0.90)",4,0,1,4,0.25,0.045587260809700566421210903550181973719959137374694927176083,0.699358157417598084435057391376053549510099795959932137549015,0.85750000,3,3.43000000,-0.43000000,-0.10750000,-0.556858157417598084435057391376053549510099795959932137549015
60,"[2,4)",>=2,"[0.90,0.95)",9,0,0,9,0,0,0.299145048419544047401396624497912492455149790579105641605840,0.923333333333333333333333333333333333333333333333333333333333,9,8.31000000,0.69000000,0.0766666666666666666666666666666666666666666666666666666666667,-0.222478381752877380734729957831245825788483123912438974939173
60,"[2,4)",>=2,"[0.95,0.98)",26,1,1,25,0.04,0.0070962335019872584745440387132685775454577814223994890371650,0.195440637361937339723711135221356989785685565203184224284701,0.96280000,24,24.07000000,-0.07000000,-0.00280000,-0.158240637361937339723711135221356989785685565203184224284701
60,"[2,4)",>=2,"[0.98,1)",43,1,0,42,0,1E-61,0.0837987908657039155820891979759801121544070253800093089929563,0.987380952380952380952380952380952380952380952380952380952381,42,41.47000000,0.53000000,0.0126190476190476190476190476190476190476190476190476190476190,-0.0711797432466562965344701503569324931067879777609616899453373
60,"[2,4)",>=2,ask=1,91,1,0,90,0,0,0.0409356255643267779347737319135887781891865818252014822304956,1.00000000,90,90.00000000,0E-8,0E-8,-0.0409356255643267779347737319135887781891865818252014822304956
60,"[4,8)",<-2,ask=0,0,0,0,0,,,,,0,0,0,,
60,"[4,8)",<-2,"(0,0.90)",99,0,42,99,0.424242424242424242424242424242424242424242424242424242424242,0.331511066209417079563491531373148655894865228935750136711786,0.522633359861465857814275604484366889341556831709573225114906,0.610090909090909090909090909090909090909090909090909090909091,57,60.39900000,-3.39900000,-0.0343333333333333333333333333333333333333333333333333333333333,-0.132724268952374948723366513575275980250647740800482316023997
60,"[4,8)",<-2,"[0.90,0.95)",20,0,1,20,0.05,0.008881448800795391602879473430907108230127032845046417582298,0.236131193446742027595051195081921842949898211188338729890754,0.91900000,19,18.38000000,0.62000000,0.03100000,-0.155131193446742027595051195081921842949898211188338729890754
60,"[4,8)",<-2,"[0.95,0.98)",18,0,0,18,0,0,0.175879223646657630299759265673340687198492408383498668745102,0.966111111111111111111111111111111111111111111111111111111111,18,17.39000000,0.61000000,0.0338888888888888888888888888888888888888888888888888888888889,-0.141990334757768741410870376784451798309603519494609779856213
60,"[4,8)",<-2,"[0.98,1)",11,0,0,11,0,0,0.258832966968031690622885270690496860752291234813264358589584,0.990363636363636363636363636363636363636363636363636363636364,11,10.89400000,0.10600000,0.00963636363636363636363636363636363636363636363636363636363636,-0.249196603331668054259248907054133224388654871176900722225948
60,"[4,8)",<-2,ask=1,2,0,0,2,0,0,0.657619772493346908066213171022805867761678469589830388837810,1.00000000,2,2.00000000,0E-8,0E-8,-0.657619772493346908066213171022805867761678469589830388837810
60,"[4,8)","[-2,0)",ask=0,0,0,0,0,,,,,0,0,0,,
60,"[4,8)","[-2,0)","(0,0.90)",29,1,4,28,0.142857142857142857142857142857142857142857142857142857142857,0.056990053197493931238137525334682887966473253996392237531987,0.314898021635252950178686417835815348361365151171113263484459,0.835714285714285714285714285714285714285714285714285714285714,24,23.40000000,0.60000000,0.0214285714285714285714285714285714285714285714285714285714286,-0.150612307349538664464400703550101062647079436885398977770173
60,"[4,8)","[-2,0)","[0.90,0.95)",30,0,3,30,0.1,0.034599888747334186390133137725463038274341300799130149858446,0.256210825791840813562738037668842673075972424893593619633002,0.925966666666666666666666666666666666666666666666666666666667,27,27.77900000,-0.77900000,-0.0259666666666666666666666666666666666666666666666666666666667,-0.182177492458507480229404704335509339742639091560260286299669
60,"[4,8)","[-2,0)","[0.95,0.98)",57,0,0,57,0,0,0.0631388348529789376467493545126918698924588930481735356113293,0.965263157894736842105263157894736842105263157894736842105263,57,55.02000000,1.98000000,0.0347368421052631578947368421052631578947368421052631578947368,-0.0284019927477157797520125124074287119977220509429103777165923
60,"[4,8)","[-2,0)","[0.98,1)",131,1,1,130,0.00769230769230769230769230769230769230769230769230769230769231,0.0013591742355797159409042715234112927335465473469956797402811,0.0422854398635527565590505589904547461853780415644009479314927,0.987315384615384615384615384615384615384615384615384615384615,129,128.35100000,0.64900000,0.00499230769230769230769230769230769230769230769230769230769231,-0.0296008244789373719436659436058393615699934261797855633161077
60,"[4,8)","[-2,0)",ask=1,181,0,0,181,0,0,0.0207824524065271571341049526056154756466959857917353669730544,1.00000000,181,181.00000000,0E-8,0E-8,-0.0207824524065271571341049526056154756466959857917353669730544
60,"[4,8)","[0,2)",ask=0,0,0,0,0,,,,,0,0,0,,
60,"[4,8)","[0,2)","(0,0.90)",8,0,2,8,0.25,0.071479212752109018118065833441354725591654990944167339215003,0.590724569689831088327074305130906171527542794250935562793281,0.80250000,6,6.42000000,-0.42000000,-0.05250000,-0.393224569689831088327074305130906171527542794250935562793281
60,"[4,8)","[0,2)","[0.90,0.95)",13,0,1,13,0.0769230769230769230769230769230769230769230769230769230769231,0.013710421242556579808253714622779269798387965952631085614768,0.333139509210995888336178628920920688594076149776242235244574,0.924615384615384615384615384615384615384615384615384615384615,12,12.02000000,-0.02000000,-0.00153846153846153846153846153846153846153846153846153846153846,-0.257754893826380503720794013536305303978691534391626850629189
60,"[4,8)","[0,2)","[0.95,0.98)",16,0,1,16,0.0625,0.011119344764642533342375492137967463627461582798491024199936,0.283287375702989390505107159387803254014116936798528156516316,0.96300000,15,15.40800000,-0.40800000,-0.02550000,-0.246287375702989390505107159387803254014116936798528156516316
60,"[4,8)","[0,2)","[0.98,1)",118,1,2,117,0.0170940170940170940170940170940170940170940170940170940170940,0.0047003826045815527611400880608680000552139692762271273648912,0.0601900854286566687560476530985165006150786425733425254963148,0.988760683760683760683760683760683760683760683760683760683761,115,115.68500000,-0.68500000,-0.00585470085470085470085470085470085470085470085470085470085470,-0.0489507691893404294398083368592002612988393263340262861800758
60,"[4,8)","[0,2)",ask=1,493,0,0,493,0,0,0.00773175980485250727023020849757414591336810905299930024773095,1.00000000,493,493.00000000,0E-8,0E-8,-0.00773175980485250727023020849757414591336810905299930024773095
60,"[4,8)",>=2,ask=0,0,0,0,0,,,,,0,0,0,,
60,"[4,8)",>=2,"(0,0.90)",2,0,0,2,0,0,0.657619772493346908066213171022805867761678469589830388837810,0.70000000,2,1.40000000,0.60000000,0.30000000,-0.357619772493346908066213171022805867761678469589830388837810
60,"[4,8)",>=2,"[0.90,0.95)",3,0,0,3,0,0,0.561497031755045466784538763394810946683797969450889274137888,0.92000000,3,2.76000000,0.24000000,0.08000000,-0.481497031755045466784538763394810946683797969450889274137888
60,"[4,8)",>=2,"[0.95,0.98)",9,0,2,9,0.222222222222222222222222222222222222222222222222222222222222,0.063225107117846725567422770990290510071971551480097975452854,0.547411030893011078544464242619660874625333887730516269883724,0.963333333333333333333333333333333333333333333333333333333333,7,8.67000000,-1.67000000,-0.185555555555555555555555555555555555555555555555555555555556,-0.510744364226344411877797575952994207958667221063849603217057
60,"[4,8)",>=2,"[0.98,1)",40,1,0,39,0,0,0.0896668537075714133476580181364055496168425388921970053236772,0.988179487179487179487179487179487179487179487179487179487179,39,38.53900000,0.46100000,0.0118205128205128205128205128205128205128205128205128205128205,-0.0778463408870585928348375053158927291040220260716841848108562
60,"[4,8)",>=2,ask=1,255,1,0,254,0,0,0.0148985304313125185573794155174178248374148657192907493976386,1.00000000,254,254.00000000,0E-8,0E-8,-0.0148985304313125185573794155174178248374148657192907493976386
60,"[8,infinity)",<-2,ask=0,0,0,0,0,,,,,0,0,0,,
60,"[8,infinity)",<-2,"(0,0.90)",35,0,9,35,0.257142857142857142857142857142857142857142857142857142857143,0.141630270690604498892230188725782997541397622135466544368871,0.420693068438391746352276687608569528472841887017227981236239,0.688571428571428571428571428571428571428571428571428571428571,26,24.10000000,1.90000000,0.0542857142857142857142857142857142857142857142857142857142857,-0.109264497009820317780848116179998099901413315588656552664810
60,"[8,infinity)",<-2,"[0.90,0.95)",19,0,0,19,0,0,0.168179224052616251649710921498033188457137988100478093057389,0.918421052631578947368421052631578947368421052631578947368421,19,17.45000000,1.55000000,0.0815789473684210526315789473684210526315789473684210526315789,-0.086600276684195199018131974129612135825559040732057040425810
60,"[8,infinity)",<-2,"[0.95,0.98)",30,0,0,30,0,0,0.113513393173968749941088969242882139187892157115904711864309,0.963533333333333333333333333333333333333333333333333333333333,30,28.90600000,1.09400000,0.0364666666666666666666666666666666666666666666666666666666667,-0.077046726507302083274422302576215472521225490449238045197642
60,"[8,infinity)",<-2,"[0.98,1)",56,0,2,56,0.0357142857142857142857142857142857142857142857142857142857143,0.0098494251482363850291374087509295263553574669542625724368701,0.121187801804901065495348375088697585676226071758768271535432,0.99000000,54,55.44000000,-1.44000000,-0.0257142857142857142857142857142857142857142857142857142857143,-0.111187801804901065495348375088697585676226071758768271535432
60,"[8,infinity)",<-2,ask=1,227,1,0,226,0,0,0.0167135156572903437050996295565775797504922142108238504364054,1.00000000,226,226.00000000,0E-8,0E-8,-0.0167135156572903437050996295565775797504922142108238504364054
60,"[8,infinity)","[-2,0)",ask=0,0,0,0,0,,,,,0,0,0,,
60,"[8,infinity)","[-2,0)","(0,0.90)",2,0,1,2,0.5,0.094531205734230729793326600900495328768115141516490687279156,0.905468794265769270206673399099504671231884858483509312720844,0.70000000,1,1.40000000,-0.40000000,-0.20000000,-0.605468794265769270206673399099504671231884858483509312720844
60,"[8,infinity)","[-2,0)","[0.90,0.95)",2,0,0,2,0,0,0.657619772493346908066213171022805867761678469589830388837810,0.90000000,2,1.80000000,0.20000000,0.10000000,-0.557619772493346908066213171022805867761678469589830388837810
60,"[8,infinity)","[-2,0)","[0.95,0.98)",10,0,1,10,0.1,0.017876213095072907017716328005121013219916667655301041770911,0.404150026795238456603108413629514457559016823468113501651417,0.95900000,9,9.59000000,-0.59000000,-0.05900000,-0.363150026795238456603108413629514457559016823468113501651417
60,"[8,infinity)","[-2,0)","[0.98,1)",65,4,0,61,0,0,0.0592438678981128201463927791570055034227011733121636231099252,0.990245901639344262295081967213114754098360655737704918032787,61,60.40500000,0.59500000,0.00975409836065573770491803278688524590163934426229508196721311,-0.0494897695374570824414747463701202575210618290498685411427122
60,"[8,infinity)","[-2,0)",ask=1,340,3,0,337,0,0,0.0112705151362322815691531279520818337234359788167274662561933,1.00000000,337,337.00000000,0E-8,0E-8,-0.0112705151362322815691531279520818337234359788167274662561933
60,"[8,infinity)","[0,2)",ask=0,0,0,0,0,,,,,0,0,0,,
60,"[8,infinity)","[0,2)","(0,0.90)",2,0,0,2,0,0,0.657619772493346908066213171022805867761678469589830388837810,0.50000000,2,1.00000000,1.00000000,0.50000000,-0.157619772493346908066213171022805867761678469589830388837810
60,"[8,infinity)","[0,2)","[0.90,0.95)",1,0,0,1,0,0,0.793450685622762572644686990659235135454905747938657255997644,0.94000000,1,0.94000000,0.06000000,0.06000000,-0.733450685622762572644686990659235135454905747938657255997644
60,"[8,infinity)","[0,2)","[0.95,0.98)",2,0,0,2,0,0,0.657619772493346908066213171022805867761678469589830388837810,0.96500000,2,1.93000000,0.07000000,0.03500000,-0.622619772493346908066213171022805867761678469589830388837810
60,"[8,infinity)","[0,2)","[0.98,1)",21,0,0,21,0,0,0.154639018924846951507636945003626730599908470059449552977985,0.99200000,21,20.83200000,0.16800000,0.00800000,-0.146639018924846951507636945003626730599908470059449552977985
60,"[8,infinity)","[0,2)",ask=1,511,2,0,509,0,0,0.00749053875154275044663584542907225132579844477884859144379205,1.00000000,509,509.00000000,0E-8,0E-8,-0.00749053875154275044663584542907225132579844477884859144379205
60,"[8,infinity)",>=2,ask=0,0,0,0,0,,,,,0,0,0,,
60,"[8,infinity)",>=2,"(0,0.90)",3,0,0,3,0,0,0.561497031755045466784538763394810946683797969450889274137888,0.506666666666666666666666666666666666666666666666666666666667,3,1.52000000,1.48000000,0.493333333333333333333333333333333333333333333333333333333333,-0.068163698421712133451205430061477613350464636117555940804555
60,"[8,infinity)",>=2,"[0.90,0.95)",0,0,0,0,,,,,0,0,0,,
60,"[8,infinity)",>=2,"[0.95,0.98)",4,0,0,4,0,0,0.489890836454597301712536589852471046460117866669254129450196,0.96250000,4,3.85000000,0.15000000,0.03750000,-0.452390836454597301712536589852471046460117866669254129450196
60,"[8,infinity)",>=2,"[0.98,1)",18,0,0,18,0,0,0.175879223646657630299759265673340687198492408383498668745102,0.990833333333333333333333333333333333333333333333333333333333,18,17.83500000,0.16500000,0.00916666666666666666666666666666666666666666666666666666666667,-0.166712556979990963633092599006674020531825741716832002078435
60,"[8,infinity)",>=2,ask=1,555,3,0,552,0,0,0.00691106926216765049927262658415619634853171442275825541929214,1.00000000,552,552.00000000,0E-8,0E-8,-0.00691106926216765049927262658415619634853171442275825541929214
30,"[0,1)",<-2,ask=0,0,0,0,0,,,,,0,0,0,,
30,"[0,1)",<-2,"(0,0.90)",65,0,61,65,0.938461538461538461538461538461538461538461538461538461538462,0.852178481344768102690312987895698595654350975887087930792749,0.975810945033649713214049246131715161510225289074181803042283,0.0639846153846153846153846153846153846153846153846153846153846,4,4.15900000,-0.15900000,-0.00244615384615384615384615384615384615384615384615384615384615,-0.039795560418265097829433861516330546125609904458797187657668
30,"[0,1)",<-2,"[0.90,0.95)",0,0,0,0,,,,,0,0,0,,
30,"[0,1)",<-2,"[0.95,0.98)",0,0,0,0,,,,,0,0,0,,
30,"[0,1)",<-2,"[0.98,1)",0,0,0,0,,,,,0,0,0,,
30,"[0,1)",<-2,ask=1,0,0,0,0,,,,,0,0,0,,
30,"[0,1)","[-2,0)",ask=0,0,0,0,0,,,,,0,0,0,,
30,"[0,1)","[-2,0)","(0,0.90)",207,0,138,207,0.666666666666666666666666666666666666666666666666666666666667,0.599927361892586315728453986974096581851852024974910104997966,0.727332752820809123305155320721393703337436215516057159047330,0.363623188405797101449275362318840579710144927536231884057971,69,75.27000000,-6.27000000,-0.0302898550724637681159420289855072463768115942028985507246377,-0.090955941226606224754430683040234283047581143052289043105301
30,"[0,1)","[-2,0)","[0.90,0.95)",25,0,1,25,0.04,0.0070962335019872584745440387132685775454577814223994890371650,0.195440637361937339723711135221356989785685565203184224284701,0.92080000,24,23.02000000,0.98000000,0.03920000,-0.116240637361937339723711135221356989785685565203184224284701
30,"[0,1)","[-2,0)","[0.95,0.98)",28,0,1,28,0.0357142857142857142857142857142857142857142857142857142857143,0.0063325198490377551974348209979893972185220571404245483427960,0.177121977433533190644436305123658310007667869577332602978587,0.963928571428571428571428571428571428571428571428571428571429,27,26.99000000,0.01000000,0.000357142857142857142857142857142857142857142857142857142857143,-0.141050548862104619215864876552229738579096441005904031550016
30,"[0,1)","[-2,0)","[0.98,1)",59,0,0,59,0,0,0.0611293705267883787274886475527909389645305107062714506721006,0.984559322033898305084745762711864406779661016949152542372881,59,58.08900000,0.91100000,0.0154406779661016949152542372881355932203389830508474576271186,-0.0456886925606866838122344102646553457441915276554239930449816
30,"[0,1)","[-2,0)",ask=1,18,0,0,18,0,0,0.175879223646657630299759265673340687198492408383498668745102,1.00000000,18,18.00000000,0E-8,0E-8,-0.175879223646657630299759265673340687198492408383498668745102
30,"[0,1)","[0,2)",ask=0,0,0,0,0,,,,,0,0,0,,
30,"[0,1)","[0,2)","(0,0.90)",46,1,8,45,0.177777777777777777777777777777777777777777777777777777777778,0.092943895141041492253563070445336091202506930700450877442701,0.313298246264597672773546020576906847787377962521353220294869,0.765555555555555555555555555555555555555555555555555555555556,37,34.45000000,2.55000000,0.0566666666666666666666666666666666666666666666666666666666667,-0.078853801820153228329101576132462403342933518076908775850425
30,"[0,1)","[0,2)","[0.90,0.95)",29,1,4,28,0.142857142857142857142857142857142857142857142857142857142857,0.056990053197493931238137525334682887966473253996392237531987,0.314898021635252950178686417835815348361365151171113263484459,0.920714285714285714285714285714285714285714285714285714285714,24,25.78000000,-1.78000000,-0.0635714285714285714285714285714285714285714285714285714285714,-0.235612307349538664464400703550101062647079436885398977770173
30,"[0,1)","[0,2)","[0.95,0.98)",50,0,0,50,0,0,0.0713475991333587138560303648955163319305787845818625567216570,0.96360000,50,48.18000000,1.82000000,0.03640000,-0.0349475991333587138560303648955163319305787845818625567216570
30,"[0,1)","[0,2)","[0.98,1)",163,0,2,163,0.0122699386503067484662576687116564417177914110429447852760736,0.0033713344061106159039218609990651661894746823901149251708609,0.0436281276947416950914757539222789597061592946479460331487437,0.986748466257668711656441717791411042944785276073619631901840,161,160.84000000,0.16000000,0.000981595092024539877300613496932515337423312883435582822085890,-0.0303765939524104067479174717136900026509445707215656650505837
30,"[0,1)","[0,2)",ask=1,111,0,0,111,0,0,0.0334501046933923516666347857046477170867964640638518418778598,1.00000000,111,111.00000000,0E-8,0E-8,-0.0334501046933923516666347857046477170867964640638518418778598
30,"[0,1)",>=2,ask=0,0,0,0,0,,,,,0,0,0,,
30,"[0,1)",>=2,"(0,0.90)",1,0,0,1,0,0,0.793450685622762572644686990659235135454905747938657255997644,0.80000000,1,0.80000000,0.20000000,0.20000000,-0.593450685622762572644686990659235135454905747938657255997644
30,"[0,1)",>=2,"[0.90,0.95)",0,0,0,0,,,,,0,0,0,,
30,"[0,1)",>=2,"[0.95,0.98)",5,0,0,5,0,0,0.434482464783174761084782871525556271809021898883564142795326,0.96200000,5,4.81000000,0.19000000,0.03800000,-0.396482464783174761084782871525556271809021898883564142795326
30,"[0,1)",>=2,"[0.98,1)",4,0,0,4,0,0,0.489890836454597301712536589852471046460117866669254129450196,0.98750000,4,3.95000000,0.05000000,0.01250000,-0.477390836454597301712536589852471046460117866669254129450196
30,"[0,1)",>=2,ask=1,60,1,0,59,0,0,0.0611293705267883787274886475527909389645305107062714506721006,1.00000000,59,59.00000000,0E-8,0E-8,-0.0611293705267883787274886475527909389645305107062714506721006
30,"[1,2)",<-2,ask=0,0,0,0,0,,,,,0,0,0,,
30,"[1,2)",<-2,"(0,0.90)",63,0,51,63,0.809523809523809523809523809523809523809523809523809523809524,0.695932128501254543134286323591658527329240859359987686096134,0.887538081277075347603801799890439650807111703834279104281120,0.195079365079365079365079365079365079365079365079365079365079,12,12.29000000,-0.29000000,-0.00460317460317460317460317460317460317460317460317460317460317,-0.082617446356440426968881164969804730172191068913644183646199
30,"[1,2)",<-2,"[0.90,0.95)",2,0,0,2,0,0,0.657619772493346908066213171022805867761678469589830388837810,0.92500000,2,1.85000000,0.15000000,0.07500000,-0.582619772493346908066213171022805867761678469589830388837810
30,"[1,2)",<-2,"[0.95,0.98)",0,0,0,0,,,,,0,0,0,,
30,"[1,2)",<-2,"[0.98,1)",1,0,0,1,0,0,0.793450685622762572644686990659235135454905747938657255997644,0.98000000,1,0.98000000,0.02000000,0.02000000,-0.773450685622762572644686990659235135454905747938657255997644
30,"[1,2)",<-2,ask=1,0,0,0,0,,,,,0,0,0,,
30,"[1,2)","[-2,0)",ask=0,0,0,0,0,,,,,0,0,0,,
30,"[1,2)","[-2,0)","(0,0.90)",44,0,22,44,0.5,0.358317605399893930031819929204399590729373801575324831572777,0.641682394600106069968180070795600409270626198424675168427221,0.582954545454545454545454545454545454545454545454545454545455,22,25.65000000,-3.65000000,-0.0829545454545454545454545454545454545454545454545454545454545,-0.224636940054651524513634616250145863816080743879220622972676
30,"[1,2)","[-2,0)","[0.90,0.95)",15,0,0,15,0,0,0.203883301035848588906113525033002846962414143120117784623588,0.925333333333333333333333333333333333333333333333333333333333,15,13.88000000,1.12000000,0.0746666666666666666666666666666666666666666666666666666666667,-0.129216634369181922239446858366336180295747476453451117956921
30,"[1,2)","[-2,0)","[0.95,0.98)",21,1,2,20,0.1,0.027866481213768216190008568038508467101765983679755710140331,0.301033645228487267541485359528450600613812011016586643169049,0.96400000,18,19.28000000,-1.28000000,-0.06400000,-0.265033645228487267541485359528450600613812011016586643169049
30,"[1,2)","[-2,0)","[0.98,1)",61,0,0,61,0,0,0.0592438678981128201463927791570055034227011733121636231099252,0.987508196721311475409836065573770491803278688524590163934426,61,60.23800000,0.76200000,0.0124918032786885245901639344262295081967213114754098360655738,-0.0467520646194242955562288447307759952259798618367537870443512
30,"[1,2)","[-2,0)",ask=1,99,0,0,99,0,0,0.0373532120678273866932630966596025985603856002591341880561622,1.00000000,99,99.00000000,0E-8,0E-8,-0.0373532120678273866932630966596025985603856002591341880561622
30,"[1,2)","[0,2)",ask=0,0,0,0,0,,,,,0,0,0,,
30,"[1,2)","[0,2)","(0,0.90)",4,0,2,4,0.5,0.150038989152149514156900362816506811250894777823785469987184,0.849961010847850485843099637183493188749105222176214530012816,0.65250000,2,2.61000000,-0.61000000,-0.15250000,-0.502461010847850485843099637183493188749105222176214530012816
30,"[1,2)","[0,2)","[0.90,0.95)",1,0,0,1,0,0,0.793450685622762572644686990659235135454905747938657255997644,0.90000000,1,0.90000000,0.10000000,0.10000000,-0.693450685622762572644686990659235135454905747938657255997644
30,"[1,2)","[0,2)","[0.95,0.98)",6,0,0,6,0,0,0.390334287902165324898707055142237608185625673736798285240772,0.96500000,6,5.79000000,0.21000000,0.03500000,-0.355334287902165324898707055142237608185625673736798285240772
30,"[1,2)","[0,2)","[0.98,1)",51,0,1,51,0.0196078431372549019607843137254901960784313725490196078431373,0.0034696926410608447615060011063945706871154181397261987121593,0.103045687261449743546474286306970394566527461040005061252605,0.987980392156862745098039215686274509803921568627450980392157,50,50.38700000,-0.38700000,-0.00758823529411764705882352941176470588235294117647058823529412,-0.091026079418312488644513501993244904370449029667456041644762
30,"[1,2)","[0,2)",ask=1,282,1,1,281,0.00355871886120996441281138790035587188612099644128113879003559,0.00062847772520316503726474991615782639518720051847851139740092,0.0198792771672167827543681668030970230028635740055990527904503,1.00000000,280,281.00000000,-1.00000000,-0.00355871886120996441281138790035587188612099644128113879003559,-0.0198792771672167827543681668030970230028635740055990527904503
30,"[1,2)",>=2,ask=0,0,0,0,0,,,,,0,0,0,,
30,"[1,2)",>=2,"(0,0.90)",2,0,0,2,0,0,0.657619772493346908066213171022805867761678469589830388837810,0.83500000,2,1.67000000,0.33000000,0.16500000,-0.492619772493346908066213171022805867761678469589830388837810
30,"[1,2)",>=2,"[0.90,0.95)",0,0,0,0,,,,,0,0,0,,
30,"[1,2)",>=2,"[0.95,0.98)",1,0,1,1,1,0.206549314377237427355313009340764864545094252061342744002356,1,0.97000000,0,0.97000000,-0.97000000,-0.97000000,-0.97000000
30,"[1,2)",>=2,"[0.98,1)",3,0,0,3,0,0,0.561497031755045466784538763394810946683797969450889274137888,0.992666666666666666666666666666666666666666666666666666666667,3,2.97800000,0.02200000,0.00733333333333333333333333333333333333333333333333333333333333,-0.554163698421712133451205430061477613350464636117555940804555
30,"[1,2)",>=2,ask=1,95,0,0,95,0,1E-61,0.0388648535394729614867276295781033935607497988908014013830293,1.00000000,95,95.00000000,0E-8,0E-8,-0.0388648535394729614867276295781033935607497988908014013830293
30,"[2,4)",<-2,ask=0,0,0,0,0,,,,,0,0,0,,
30,"[2,4)",<-2,"(0,0.90)",62,0,42,62,0.677419354838709677419354838709677419354838709677419354838710,0.553680880928480944501583165244598945787262817856204948511187,0.780455093487161079011881296426071159077268699343584496853245,0.422258064516129032258064516129032258064516129032258064516129,20,26.18000000,-6.18000000,-0.0996774193548387096774193548387096774193548387096774193548387,-0.202713158003290111269945812555103417141784828375842561369374
30,"[2,4)",<-2,"[0.90,0.95)",1,0,0,1,0,0,0.793450685622762572644686990659235135454905747938657255997644,0.90000000,1,0.90000000,0.10000000,0.10000000,-0.693450685622762572644686990659235135454905747938657255997644
30,"[2,4)",<-2,"[0.95,0.98)",10,0,1,10,0.1,0.017876213095072907017716328005121013219916667655301041770911,0.404150026795238456603108413629514457559016823468113501651417,0.96400000,9,9.64000000,-0.64000000,-0.06400000,-0.368150026795238456603108413629514457559016823468113501651417
30,"[2,4)",<-2,"[0.98,1)",8,0,0,8,0,0,0.324407564883880212890280277144521794238395570390205804016566,0.98500000,8,7.88000000,0.12000000,0.01500000,-0.309407564883880212890280277144521794238395570390205804016566
30,"[2,4)",<-2,ask=1,10,0,0,10,0,0,0.277532799862889204526030927043294338473666863904268179277910,1.00000000,10,10.00000000,0E-8,0E-8,-0.277532799862889204526030927043294338473666863904268179277910
30,"[2,4)","[-2,0)",ask=0,0,0,0,0,,,,,0,0,0,,
30,"[2,4)","[-2,0)","(0,0.90)",13,0,2,13,0.153846153846153846153846153846153846153846153846153846153846,0.043258178358081204655316136859050533509986792180188296408137,0.422346310194825360190128507858522159720211120688889875204053,0.697692307692307692307692307692307692307692307692307692307692,11,9.07000000,1.93000000,0.148461538461538461538461538461538461538461538461538461538462,-0.120038617887133052497820815550829852027903428381197567511745
30,"[2,4)","[-2,0)","[0.90,0.95)",6,0,1,6,0.166666666666666666666666666666666666666666666666666666666667,0.030053369748306669995961946390895487521438424174221601471187,0.563502822186470213269842757037262917935645358316977255355995,0.923333333333333333333333333333333333333333333333333333333333,5,5.54000000,-0.54000000,-0.09000000,-0.486836155519803546603176090370596251268978691650310588689328
30,"[2,4)","[-2,0)","[0.95,0.98)",21,0,1,21,0.0476190476190476190476190476190476190476190476190476190476190,0.008455987809826386088833643724683707809443898871529123314198,0.226693600741225617656171211278597619876187574039401424618264,0.964761904761904761904761904761904761904761904761904761904762,20,20.26000000,-0.26000000,-0.0123809523809523809523809523809523809523809523809523809523810,-0.191455505503130379560933116040502381780949478801306186523026
30,"[2,4)","[-2,0)","[0.98,1)",60,0,0,60,0,0,0.0601718521420898546776104293946743481493038991076413529882080,0.986266666666666666666666666666666666666666666666666666666667,60,59.17600000,0.82400000,0.0137333333333333333333333333333333333333333333333333333333333,-0.0464385188087565213442770960613410148159705657743080196548750
30,"[2,4)","[-2,0)",ask=1,380,0,2,380,0.00526315789473684210526315789473684210526315789473684210526316,0.00144453632069963151143240762766271589344379553121073414055902,0.0189843637902629699622353294110224242106732362219024638908546,1.00000000,378,380.00000000,-2.00000000,-0.00526315789473684210526315789473684210526315789473684210526316,-0.0189843637902629699622353294110224242106732362219024638908546
30,"[2,4)","[0,2)",ask=0,0,0,0,0,,,,,0,0,0,,
30,"[2,4)","[0,2)","(0,0.90)",1,0,0,1,0,0,0.793450685622762572644686990659235135454905747938657255997644,0.86000000,1,0.86000000,0.14000000,0.14000000,-0.653450685622762572644686990659235135454905747938657255997644
30,"[2,4)","[0,2)","[0.90,0.95)",1,0,0,1,0,0,0.793450685622762572644686990659235135454905747938657255997644,0.91000000,1,0.91000000,0.09000000,0.09000000,-0.703450685622762572644686990659235135454905747938657255997644
30,"[2,4)","[0,2)","[0.95,0.98)",0,0,0,0,,,,,0,0,0,,
30,"[2,4)","[0,2)","[0.98,1)",5,0,0,5,0,0,0.434482464783174761084782871525556271809021898883564142795326,0.99140000,5,4.95700000,0.04300000,0.00860000,-0.425882464783174761084782871525556271809021898883564142795326
30,"[2,4)","[0,2)",ask=1,608,0,0,608,0,1E-62,0.00627851997492687162396207831900579578620643167108275258240337,1.00000000,608,608.00000000,0E-8,0E-8,-0.00627851997492687162396207831900579578620643167108275258240337
30,"[2,4)",>=2,ask=0,0,0,0,0,,,,,0,0,0,,
30,"[2,4)",>=2,"(0,0.90)",0,0,0,0,,,,,0,0,0,,
30,"[2,4)",>=2,"[0.90,0.95)",0,0,0,0,,,,,0,0,0,,
30,"[2,4)",>=2,"[0.95,0.98)",1,0,0,1,0,0,0.793450685622762572644686990659235135454905747938657255997644,0.95000000,1,0.95000000,0.05000000,0.05000000,-0.743450685622762572644686990659235135454905747938657255997644
30,"[2,4)",>=2,"[0.98,1)",1,0,0,1,0,0,0.793450685622762572644686990659235135454905747938657255997644,0.99000000,1,0.99000000,0.01000000,0.01000000,-0.783450685622762572644686990659235135454905747938657255997644
30,"[2,4)",>=2,ask=1,158,2,0,156,0,0,0.0240329314374149377257532448230617732617528518752598870345640,1.00000000,156,156.00000000,0E-8,0E-8,-0.0240329314374149377257532448230617732617528518752598870345640
30,"[4,8)",<-2,ask=0,0,0,0,0,,,,,0,0,0,,
30,"[4,8)",<-2,"(0,0.90)",22,0,13,22,0.590909090909090909090909090909090909090909090909090909090909,0.387348184763151252931207788424813176299302346744465035620710,0.767441838035281315203059547734603922567785740224701481858630,0.461363636363636363636363636363636363636363636363636363636364,9,10.15000000,-1.15000000,-0.0522727272727272727272727272727272727272727272727272727272727,-0.228805474398917678839423184098240286204149376588337845494994
30,"[4,8)",<-2,"[0.90,0.95)",6,0,0,6,0,0,0.390334287902165324898707055142237608185625673736798285240772,0.93000000,6,5.58000000,0.42000000,0.07000000,-0.320334287902165324898707055142237608185625673736798285240772
30,"[4,8)",<-2,"[0.95,0.98)",11,1,0,10,0,0,0.277532799862889204526030927043294338473666863904268179277910,0.96200000,10,9.62000000,0.38000000,0.03800000,-0.239532799862889204526030927043294338473666863904268179277910
30,"[4,8)",<-2,"[0.98,1)",17,0,0,17,0,0,0.184318135008851803742656742183482675848991885361038668946270,0.989411764705882352941176470588235294117647058823529411764706,17,16.82000000,0.18000000,0.0105882352941176470588235294117647058823529411764705882352941,-0.173729899714734156683833212771717969966638944184568080710976
30,"[4,8)",<-2,ask=1,154,2,0,152,0,0,0.0246497873528890455532111406879636409992235161583549300397408,1.00000000,152,152.00000000,0E-8,0E-8,-0.0246497873528890455532111406879636409992235161583549300397408
30,"[4,8)","[-2,0)",ask=0,0,0,0,0,,,,,0,0,0,,
30,"[4,8)","[-2,0)","(0,0.90)",1,0,0,1,0,0,0.793450685622762572644686990659235135454905747938657255997644,0.51000000,1,0.51000000,0.49000000,0.49000000,-0.303450685622762572644686990659235135454905747938657255997644
30,"[4,8)","[-2,0)","[0.90,0.95)",0,0,0,0,,,,,0,0,0,,
30,"[4,8)","[-2,0)","[0.95,0.98)",0,0,0,0,,,,,0,0,0,,
30,"[4,8)","[-2,0)","[0.98,1)",11,0,1,11,0.0909090909090909090909090909090909090909090909090909090909091,0.016232172885884845686826985683594359775015595838264491904934,0.377358436451595628459170053972266708113222687190769983304724,0.996363636363636363636363636363636363636363636363636363636364,10,10.96000000,-0.96000000,-0.0872727272727272727272727272727272727272727272727272727272727,-0.373722072815231992095533690335903071749586323554406346941088
30,"[4,8)","[-2,0)",ask=1,529,2,0,527,0,0,0.00723654634893858263987300345313131561272995040866587205635514,1.00000000,527,527.00000000,0E-8,0E-8,-0.00723654634893858263987300345313131561272995040866587205635514
30,"[4,8)","[0,2)",ask=0,0,0,0,0,,,,,0,0,0,,
30,"[4,8)","[0,2)","(0,0.90)",0,0,0,0,,,,,0,0,0,,
30,"[4,8)","[0,2)","[0.90,0.95)",0,0,0,0,,,,,0,0,0,,
30,"[4,8)","[0,2)","[0.95,0.98)",0,0,0,0,,,,,0,0,0,,
30,"[4,8)","[0,2)","[0.98,1)",0,0,0,0,,,,,0,0,0,,
30,"[4,8)","[0,2)",ask=1,666,2,0,664,0,0,0.00575205203264492412663891511570152327076012877129445192131854,1.00000000,664,664.00000000,0E-8,0E-8,-0.00575205203264492412663891511570152327076012877129445192131854
30,"[4,8)",>=2,ask=0,0,0,0,0,,,,,0,0,0,,
30,"[4,8)",>=2,"(0,0.90)",0,0,0,0,,,,,0,0,0,,
30,"[4,8)",>=2,"[0.90,0.95)",0,0,0,0,,,,,0,0,0,,
30,"[4,8)",>=2,"[0.95,0.98)",0,0,0,0,,,,,0,0,0,,
30,"[4,8)",>=2,"[0.98,1)",1,0,0,1,0,0,0.793450685622762572644686990659235135454905747938657255997644,0.99000000,1,0.99000000,0.01000000,0.01000000,-0.783450685622762572644686990659235135454905747938657255997644
30,"[4,8)",>=2,ask=1,283,0,0,283,0,0,0.0133922719417468800191970897459232840195967897843813321991874,1.00000000,283,283.00000000,0E-8,0E-8,-0.0133922719417468800191970897459232840195967897843813321991874
30,"[8,infinity)",<-2,ask=0,0,0,0,0,,,,,0,0,0,,
30,"[8,infinity)",<-2,"(0,0.90)",2,0,1,2,0.5,0.094531205734230729793326600900495328768115141516490687279156,0.905468794265769270206673399099504671231884858483509312720844,0.46000000,1,0.92000000,0.08000000,0.04000000,-0.365468794265769270206673399099504671231884858483509312720844
30,"[8,infinity)",<-2,"[0.90,0.95)",1,0,0,1,0,0,0.793450685622762572644686990659235135454905747938657255997644,0.94000000,1,0.94000000,0.06000000,0.06000000,-0.733450685622762572644686990659235135454905747938657255997644
30,"[8,infinity)",<-2,"[0.95,0.98)",1,0,0,1,0,0,0.793450685622762572644686990659235135454905747938657255997644,0.97000000,1,0.97000000,0.03000000,0.03000000,-0.763450685622762572644686990659235135454905747938657255997644
30,"[8,infinity)",<-2,"[0.98,1)",4,0,0,4,0,0,0.489890836454597301712536589852471046460117866669254129450196,0.99425000,4,3.97700000,0.02300000,0.00575000,-0.484140836454597301712536589852471046460117866669254129450196
30,"[8,infinity)",<-2,ask=1,429,1,0,428,0,0,0.00889553039021467805622626986141330357152429646662239336781970,1.00000000,428,428.00000000,0E-8,0E-8,-0.00889553039021467805622626986141330357152429646662239336781970
30,"[8,infinity)","[-2,0)",ask=0,0,0,0,0,,,,,0,0,0,,
30,"[8,infinity)","[-2,0)","(0,0.90)",0,0,0,0,,,,,0,0,0,,
30,"[8,infinity)","[-2,0)","[0.90,0.95)",1,0,0,1,0,0,0.793450685622762572644686990659235135454905747938657255997644,0.94100000,1,0.94100000,0.05900000,0.05900000,-0.734450685622762572644686990659235135454905747938657255997644
30,"[8,infinity)","[-2,0)","[0.95,0.98)",0,0,0,0,,,,,0,0,0,,
30,"[8,infinity)","[-2,0)","[0.98,1)",2,0,0,2,0,0,0.657619772493346908066213171022805867761678469589830388837810,0.99850000,2,1.99700000,0.00300000,0.00150000,-0.656119772493346908066213171022805867761678469589830388837810
30,"[8,infinity)","[-2,0)",ask=1,440,3,0,437,0,0,0.00871392366537055386689107855311581522181467436264374764321439,1.00000000,437,437.00000000,0E-8,0E-8,-0.00871392366537055386689107855311581522181467436264374764321439
30,"[8,infinity)","[0,2)",ask=0,0,0,0,0,,,,,0,0,0,,
30,"[8,infinity)","[0,2)","(0,0.90)",0,0,0,0,,,,,0,0,0,,
30,"[8,infinity)","[0,2)","[0.90,0.95)",0,0,0,0,,,,,0,0,0,,
30,"[8,infinity)","[0,2)","[0.95,0.98)",0,0,0,0,,,,,0,0,0,,
30,"[8,infinity)","[0,2)","[0.98,1)",4,0,0,4,0,0,0.489890836454597301712536589852471046460117866669254129450196,0.99900000,4,3.99600000,0.00400000,0.00100000,-0.488890836454597301712536589852471046460117866669254129450196
30,"[8,infinity)","[0,2)",ask=1,615,1,0,614,0,1E-62,0.00621754782857485109082089248260651443348733207630442269327707,1.00000000,614,614.00000000,0E-8,0E-8,-0.00621754782857485109082089248260651443348733207630442269327707
30,"[8,infinity)",>=2,ask=0,0,0,0,0,,,,,0,0,0,,
30,"[8,infinity)",>=2,"(0,0.90)",0,0,0,0,,,,,0,0,0,,
30,"[8,infinity)",>=2,"[0.90,0.95)",0,0,0,0,,,,,0,0,0,,
30,"[8,infinity)",>=2,"[0.95,0.98)",0,0,0,0,,,,,0,0,0,,
30,"[8,infinity)",>=2,"[0.98,1)",1,1,0,0,,,,,0,0,0,,
30,"[8,infinity)",>=2,ask=1,616,7,0,609,0,0,0.00626827504145417742690671807111197841795724607887959489365358,1.00000000,609,609.00000000,0E-8,0E-8,-0.00626827504145417742690671807111197841795724607887959489365358
15,"[0,1)",<-2,ask=0,0,0,0,0,,,,,0,0,0,,
15,"[0,1)",<-2,"(0,0.90)",60,0,58,60,0.966666666666666666666666666666666666666666666666666666666667,0.886362257256914008242440738589332125056562332341141325389625,0.990810680743802127391789527308971816670754028491726745154715,0.0466833333333333333333333333333333333333333333333333333333333,2,2.80100000,-0.80100000,-0.01335000,-0.037494014077135460725122860642305150004087361825060078488048
15,"[0,1)",<-2,"[0.90,0.95)",0,0,0,0,,,,,0,0,0,,
15,"[0,1)",<-2,"[0.95,0.98)",1,0,0,1,0,0,0.793450685622762572644686990659235135454905747938657255997644,0.96000000,1,0.96000000,0.04000000,0.04000000,-0.753450685622762572644686990659235135454905747938657255997644
15,"[0,1)",<-2,"[0.98,1)",1,0,0,1,0,0,0.793450685622762572644686990659235135454905747938657255997644,0.98000000,1,0.98000000,0.02000000,0.02000000,-0.773450685622762572644686990659235135454905747938657255997644
15,"[0,1)",<-2,ask=1,0,0,0,0,,,,,0,0,0,,
15,"[0,1)","[-2,0)",ask=0,0,0,0,0,,,,,0,0,0,,
15,"[0,1)","[-2,0)","(0,0.90)",125,0,99,125,0.792,0.712671919880726755389070640575173122499613982819000475409519,0.853915890193610597697044416171004907129090911032051257250065,0.19744000,26,24.68000000,1.32000000,0.01056000,-0.051355890193610597697044416171004907129090911032051257250065
15,"[0,1)","[-2,0)","[0.90,0.95)",14,0,3,14,0.214285714285714285714285714285714285714285714285714285714286,0.075713867126931825281250264689792498900596000422290639585996,0.475892305866002918432702153041222910105435401510432455143186,0.926428571428571428571428571428571428571428571428571428571429,11,12.97000000,-1.97000000,-0.140714285714285714285714285714285714285714285714285714285714,-0.402320877294574347004130724469794338676863972939003883714615
15,"[0,1)","[-2,0)","[0.95,0.98)",16,0,2,16,0.125,0.034977487743240464595820130995911566783344997213098451135723,0.360228272657586898702022141740463334052293733870060846621065,0.95750000,14,15.32000000,-1.32000000,-0.08250000,-0.317728272657586898702022141740463334052293733870060846621065
15,"[0,1)","[-2,0)","[0.98,1)",73,0,0,73,0,0,0.0499920079557311081622674826690519065143106383112955776086144,0.987205479452054794520547945205479452054794520547945205479452,73,72.06600000,0.93400000,0.0127945205479452054794520547945205479452054794520547945205479,-0.0371974874077859026828154278745313585691051588592407830880664
15,"[0,1)","[-2,0)",ask=1,124,0,1,124,0.00806451612903225806451612903225806451612903225806451612903226,0.0014250064581251703428228363848776555111172517352991002582783,0.0442679860544770758295843363191801914809738564341887748068771,1.00000000,123,124.00000000,-1.00000000,-0.00806451612903225806451612903225806451612903225806451612903226,-0.0442679860544770758295843363191801914809738564341887748068771
15,"[0,1)","[0,2)",ask=0,0,0,0,0,,,,,0,0,0,,
15,"[0,1)","[0,2)","(0,0.90)",15,0,8,15,0.533333333333333333333333333333333333333333333333333333333333,0.301169800254983958899851416330016847184720211837689657783119,0.751904646342626135173074348667782963017785511954302489908641,0.58400000,7,8.76000000,-1.76000000,-0.117333333333333333333333333333333333333333333333333333333333,-0.335904646342626135173074348667782963017785511954302489908641
15,"[0,1)","[0,2)","[0.90,0.95)",12,0,0,12,0,0,0.242494006655240850743536740887323444981368621780736059953412,0.92250000,12,11.07000000,0.93000000,0.07750000,-0.164994006655240850743536740887323444981368621780736059953412
15,"[0,1)","[0,2)","[0.95,0.98)",13,0,0,13,0,1E-60,0.228095372354198371443420042369827223554730318588668470106495,0.966923076923076923076923076923076923076923076923076923076923,13,12.57000000,0.43000000,0.0330769230769230769230769230769230769230769230769230769230769,-0.195018449277275294520343119292904146631653395511745393183418
15,"[0,1)","[0,2)","[0.98,1)",76,0,0,76,0,0,0.0481135850651373179806680027772221016786979542922821152437366,0.987763157894736842105263157894736842105263157894736842105263,76,75.07000000,0.93000000,0.0122368421052631578947368421052631578947368421052631578947368,-0.0358767429598741600859311606719589437839611121870189573489996
15,"[0,1)","[0,2)",ask=1,280,0,0,280,0,0,0.0135338186206294064480194391271503378468572302256404029940121,1.00000000,280,280.00000000,0E-8,0E-8,-0.0135338186206294064480194391271503378468572302256404029940121
15,"[0,1)",>=2,ask=0,0,0,0,0,,,,,0,0,0,,
15,"[0,1)",>=2,"(0,0.90)",1,0,0,1,0,0,0.793450685622762572644686990659235135454905747938657255997644,0.86000000,1,0.86000000,0.14000000,0.14000000,-0.653450685622762572644686990659235135454905747938657255997644
15,"[0,1)",>=2,"[0.90,0.95)",0,0,0,0,,,,,0,0,0,,
15,"[0,1)",>=2,"[0.95,0.98)",0,0,0,0,,,,,0,0,0,,
15,"[0,1)",>=2,"[0.98,1)",1,0,0,1,0,0,0.793450685622762572644686990659235135454905747938657255997644,0.99000000,1,0.99000000,0.01000000,0.01000000,-0.783450685622762572644686990659235135454905747938657255997644
15,"[0,1)",>=2,ask=1,64,1,0,63,0,0,0.0574711995888517149615499543750721737797381671477228770828911,1.00000000,63,63.00000000,0E-8,0E-8,-0.0574711995888517149615499543750721737797381671477228770828911
15,"[1,2)",<-2,ask=0,0,0,0,0,,,,,0,0,0,,
15,"[1,2)",<-2,"(0,0.90)",39,0,26,39,0.666666666666666666666666666666666666666666666666666666666667,0.509773943993459931267594700795555673326517774929928374176701,0.793670438104016264283185959825642476801201378772672624048737,0.323358974358974358974358974358974358974358974358974358974359,13,12.61100000,0.38900000,0.00997435897435897435897435897435897435897435897435897435897436,-0.117029412462990623257544934184616835775560353131646983023096
15,"[1,2)",<-2,"[0.90,0.95)",3,0,0,3,0,0,0.561497031755045466784538763394810946683797969450889274137888,0.916666666666666666666666666666666666666666666666666666666667,3,2.75000000,0.25000000,0.0833333333333333333333333333333333333333333333333333333333333,-0.478163698421712133451205430061477613350464636117555940804555
15,"[1,2)",<-2,"[0.95,0.98)",7,0,1,7,0.142857142857142857142857142857142857142857142857142857142857,0.025679624344743560607128914884008804252331158419792918804746,0.513127829274318868525875970782987437609875590583912171444036,0.965714285714285714285714285714285714285714285714285714285714,6,6.76000000,-0.76000000,-0.108571428571428571428571428571428571428571428571428571428571,-0.478842114988604582811590256497273151895589876298197885729750
15,"[1,2)",<-2,"[0.98,1)",5,0,0,5,0,0,0.434482464783174761084782871525556271809021898883564142795326,0.98780000,5,4.93900000,0.06100000,0.01220000,-0.422282464783174761084782871525556271809021898883564142795326
15,"[1,2)",<-2,ask=1,12,0,0,12,0,0,0.242494006655240850743536740887323444981368621780736059953412,1.00000000,12,12.00000000,0E-8,0E-8,-0.242494006655240850743536740887323444981368621780736059953412
15,"[1,2)","[-2,0)",ask=0,0,0,0,0,,,,,0,0,0,,
15,"[1,2)","[-2,0)","(0,0.90)",4,0,3,4,0.75,0.300641842582401915564942608623946450489900204040067862450985,0.954412739190299433578789096449818026280040862625305072823917,0.44000000,1,1.76000000,-0.76000000,-0.19000000,-0.394412739190299433578789096449818026280040862625305072823917
15,"[1,2)","[-2,0)","[0.90,0.95)",3,0,0,3,0,0,0.561497031755045466784538763394810946683797969450889274137888,0.936666666666666666666666666666666666666666666666666666666667,3,2.81000000,0.19000000,0.0633333333333333333333333333333333333333333333333333333333333,-0.498163698421712133451205430061477613350464636117555940804555
15,"[1,2)","[-2,0)","[0.95,0.98)",3,0,0,3,0,0,0.561497031755045466784538763394810946683797969450889274137888,0.963333333333333333333333333333333333333333333333333333333333,3,2.89000000,0.11000000,0.0366666666666666666666666666666666666666666666666666666666667,-0.524830365088378800117872096728144280017131302784222607471221
15,"[1,2)","[-2,0)","[0.98,1)",12,0,0,12,0,0,0.242494006655240850743536740887323444981368621780736059953412,0.98900000,12,11.86800000,0.13200000,0.01100000,-0.231494006655240850743536740887323444981368621780736059953412
15,"[1,2)","[-2,0)",ask=1,251,0,0,251,0,1E-62,0.0150739163025941033672464799338140610455255620677944295636312,1.00000000,251,251.00000000,0E-8,0E-8,-0.0150739163025941033672464799338140610455255620677944295636312
15,"[1,2)","[0,2)",ask=0,0,0,0,0,,,,,0,0,0,,
15,"[1,2)","[0,2)","(0,0.90)",0,0,0,0,,,,,0,0,0,,
15,"[1,2)","[0,2)","[0.90,0.95)",0,0,0,0,,,,,0,0,0,,
15,"[1,2)","[0,2)","[0.95,0.98)",0,0,0,0,,,,,0,0,0,,
15,"[1,2)","[0,2)","[0.98,1)",2,0,1,2,0.5,0.094531205734230729793326600900495328768115141516490687279156,0.905468794265769270206673399099504671231884858483509312720844,0.99000000,1,1.98000000,-0.98000000,-0.49000000,-0.895468794265769270206673399099504671231884858483509312720844
15,"[1,2)","[0,2)",ask=1,352,1,0,351,0,1E-62,0.0108258455296095001684771439477139710040313637867974526803798,1.00000000,351,351.00000000,0E-8,0E-8,-0.0108258455296095001684771439477139710040313637867974526803798
15,"[1,2)",>=2,ask=0,0,0,0,0,,,,,0,0,0,,
15,"[1,2)",>=2,"(0,0.90)",0,0,0,0,,,,,0,0,0,,
15,"[1,2)",>=2,"[0.90,0.95)",0,0,0,0,,,,,0,0,0,,
15,"[1,2)",>=2,"[0.95,0.98)",0,0,0,0,,,,,0,0,0,,
15,"[1,2)",>=2,"[0.98,1)",1,0,0,1,0,0,0.793450685622762572644686990659235135454905747938657255997644,0.99000000,1,0.99000000,0.01000000,0.01000000,-0.783450685622762572644686990659235135454905747938657255997644
15,"[1,2)",>=2,ask=1,84,1,0,83,0,1E-61,0.0442353096419738403383844233759625755395690083553910862604569,1.00000000,83,83.00000000,0E-8,0E-8,-0.0442353096419738403383844233759625755395690083553910862604569
15,"[2,4)",<-2,ask=0,0,0,0,0,,,,,0,0,0,,
15,"[2,4)",<-2,"(0,0.90)",12,0,10,12,0.833333333333333333333333333333333333333333333333333333333333,0.551969137747026611398718173219957040960783934933851618492523,0.953034857816146154772257332855160662384970317212324341538535,0.270833333333333333333333333333333333333333333333333333333333,2,3.25000000,-1.25000000,-0.104166666666666666666666666666666666666666666666666666666667,-0.223868191149479488105590666188493995718303650545657674871868
15,"[2,4)",<-2,"[0.90,0.95)",3,0,0,3,0,0,0.561497031755045466784538763394810946683797969450889274137888,0.926666666666666666666666666666666666666666666666666666666667,3,2.78000000,0.22000000,0.0733333333333333333333333333333333333333333333333333333333333,-0.488163698421712133451205430061477613350464636117555940804555
15,"[2,4)",<-2,"[0.95,0.98)",4,0,0,4,0,0,0.489890836454597301712536589852471046460117866669254129450196,0.97000000,4,3.88000000,0.12000000,0.03000000,-0.459890836454597301712536589852471046460117866669254129450196
15,"[2,4)",<-2,"[0.98,1)",10,0,0,10,0,0,0.277532799862889204526030927043294338473666863904268179277910,0.98890000,10,9.88900000,0.11100000,0.01110000,-0.266432799862889204526030927043294338473666863904268179277910
15,"[2,4)",<-2,ask=1,99,1,0,98,0,0,0.0377199901216806101290873074374466336938639610822142940529782,1.00000000,98,98.00000000,0E-8,0E-8,-0.0377199901216806101290873074374466336938639610822142940529782
15,"[2,4)","[-2,0)",ask=0,0,0,0,0,,,,,0,0,0,,
15,"[2,4)","[-2,0)","(0,0.90)",1,0,1,1,1,0.206549314377237427355313009340764864545094252061342744002356,1,0.08000000,0,0.08000000,-0.08000000,-0.08000000,-0.08000000
15,"[2,4)","[-2,0)","[0.90,0.95)",0,0,0,0,,,,,0,0,0,,
15,"[2,4)","[-2,0)","[0.95,0.98)",0,0,0,0,,,,,0,0,0,,
15,"[2,4)","[-2,0)","[0.98,1)",3,0,0,3,0,0,0.561497031755045466784538763394810946683797969450889274137888,0.994666666666666666666666666666666666666666666666666666666667,3,2.98400000,0.01600000,0.00533333333333333333333333333333333333333333333333333333333333,-0.556163698421712133451205430061477613350464636117555940804555
15,"[2,4)","[-2,0)",ask=1,476,0,0,476,0,1E-62,0.00800568343997468361527807435754626024839609920906127982538537,1.00000000,476,476.00000000,0E-8,0E-8,-0.00800568343997468361527807435754626024839609920906127982538537
15,"[2,4)","[0,2)",ask=0,0,0,0,0,,,,,0,0,0,,
15,"[2,4)","[0,2)","(0,0.90)",1,0,0,1,0,0,0.793450685622762572644686990659235135454905747938657255997644,0.51000000,1,0.51000000,0.49000000,0.49000000,-0.303450685622762572644686990659235135454905747938657255997644
15,"[2,4)","[0,2)","[0.90,0.95)",0,0,0,0,,,,,0,0,0,,
15,"[2,4)","[0,2)","[0.95,0.98)",0,0,0,0,,,,,0,0,0,,
15,"[2,4)","[0,2)","[0.98,1)",1,0,0,1,0,0,0.793450685622762572644686990659235135454905747938657255997644,0.99000000,1,0.99000000,0.01000000,0.01000000,-0.783450685622762572644686990659235135454905747938657255997644
15,"[2,4)","[0,2)",ask=1,576,0,0,576,0,0,0.00662501579053530438929858661908327684394137569224939623889688,1.00000000,576,576.00000000,0E-8,0E-8,-0.00662501579053530438929858661908327684394137569224939623889688
15,"[2,4)",>=2,ask=0,0,0,0,0,,,,,0,0,0,,
15,"[2,4)",>=2,"(0,0.90)",0,0,0,0,,,,,0,0,0,,
15,"[2,4)",>=2,"[0.90,0.95)",0,0,0,0,,,,,0,0,0,,
15,"[2,4)",>=2,"[0.95,0.98)",0,0,0,0,,,,,0,0,0,,
15,"[2,4)",>=2,"[0.98,1)",0,0,0,0,,,,,0,0,0,,
15,"[2,4)",>=2,ask=1,162,1,0,161,0,0,0.0233039603518230327975463198982545716919069156739933265700388,1.00000000,161,161.00000000,0E-8,0E-8,-0.0233039603518230327975463198982545716919069156739933265700388
15,"[4,8)",<-2,ask=0,0,0,0,0,,,,,0,0,0,,
15,"[4,8)",<-2,"(0,0.90)",2,1,0,1,0,0,0.793450685622762572644686990659235135454905747938657255997644,0.84000000,1,0.84000000,0.16000000,0.16000000,-0.633450685622762572644686990659235135454905747938657255997644
15,"[4,8)",<-2,"[0.90,0.95)",1,0,1,1,1,0.206549314377237427355313009340764864545094252061342744002356,1,0.94000000,0,0.94000000,-0.94000000,-0.94000000,-0.94000000
15,"[4,8)",<-2,"[0.95,0.98)",0,0,0,0,,,,,0,0,0,,
15,"[4,8)",<-2,"[0.98,1)",8,0,0,8,0,0,0.324407564883880212890280277144521794238395570390205804016566,0.99212500,8,7.93700000,0.06300000,0.00787500,-0.316532564883880212890280277144521794238395570390205804016566
15,"[4,8)",<-2,ask=1,189,1,0,188,0,0,0.0200241326578139173855221992182628421418761324651039342189260,1.00000000,188,188.00000000,0E-8,0E-8,-0.0200241326578139173855221992182628421418761324651039342189260
15,"[4,8)","[-2,0)",ask=0,0,0,0,0,,,,,0,0,0,,
15,"[4,8)","[-2,0)","(0,0.90)",1,0,0,1,0,0,0.793450685622762572644686990659235135454905747938657255997644,0.89000000,1,0.89000000,0.11000000,0.11000000,-0.683450685622762572644686990659235135454905747938657255997644
15,"[4,8)","[-2,0)","[0.90,0.95)",0,0,0,0,,,,,0,0,0,,
15,"[4,8)","[-2,0)","[0.95,0.98)",0,0,0,0,,,,,0,0,0,,
15,"[4,8)","[-2,0)","[0.98,1)",1,0,0,1,0,0,0.793450685622762572644686990659235135454905747938657255997644,0.99900000,1,0.99900000,0.00100000,0.00100000,-0.792450685622762572644686990659235135454905747938657255997644
15,"[4,8)","[-2,0)",ask=1,589,2,0,587,0,0,0.00650167445656502832224764522387829984618414789255268809457898,1.00000000,587,587.00000000,0E-8,0E-8,-0.00650167445656502832224764522387829984618414789255268809457898
15,"[4,8)","[0,2)",ask=0,0,0,0,0,,,,,0,0,0,,
15,"[4,8)","[0,2)","(0,0.90)",1,0,0,1,0,0,0.793450685622762572644686990659235135454905747938657255997644,0.50000000,1,0.50000000,0.50000000,0.50000000,-0.293450685622762572644686990659235135454905747938657255997644
15,"[4,8)","[0,2)","[0.90,0.95)",0,0,0,0,,,,,0,0,0,,
15,"[4,8)","[0,2)","[0.95,0.98)",0,0,0,0,,,,,0,0,0,,
15,"[4,8)","[0,2)","[0.98,1)",1,0,0,1,0,0,0.793450685622762572644686990659235135454905747938657255997644,0.99000000,1,0.99000000,0.01000000,0.01000000,-0.783450685622762572644686990659235135454905747938657255997644
15,"[4,8)","[0,2)",ask=1,688,1,0,687,0,0,0.00556055050206702259914810621029965123976373928386867785057676,1.00000000,687,687.00000000,0E-8,0E-8,-0.00556055050206702259914810621029965123976373928386867785057676
15,"[4,8)",>=2,ask=0,0,0,0,0,,,,,0,0,0,,
15,"[4,8)",>=2,"(0,0.90)",0,0,0,0,,,,,0,0,0,,
15,"[4,8)",>=2,"[0.90,0.95)",0,0,0,0,,,,,0,0,0,,
15,"[4,8)",>=2,"[0.95,0.98)",0,0,0,0,,,,,0,0,0,,
15,"[4,8)",>=2,"[0.98,1)",0,0,0,0,,,,,0,0,0,,
15,"[4,8)",>=2,ask=1,281,4,0,277,0,0,0.0136783893547096997757671775033450724802232840224746227545337,1.00000000,277,277.00000000,0E-8,0E-8,-0.0136783893547096997757671775033450724802232840224746227545337
15,"[8,infinity)",<-2,ask=0,0,0,0,0,,,,,0,0,0,,
15,"[8,infinity)",<-2,"(0,0.90)",1,0,0,1,0,0,0.793450685622762572644686990659235135454905747938657255997644,0.83000000,1,0.83000000,0.17000000,0.17000000,-0.623450685622762572644686990659235135454905747938657255997644
15,"[8,infinity)",<-2,"[0.90,0.95)",0,0,0,0,,,,,0,0,0,,
15,"[8,infinity)",<-2,"[0.95,0.98)",0,0,0,0,,,,,0,0,0,,
15,"[8,infinity)",<-2,"[0.98,1)",1,0,0,1,0,0,0.793450685622762572644686990659235135454905747938657255997644,0.99900000,1,0.99900000,0.00100000,0.00100000,-0.792450685622762572644686990659235135454905747938657255997644
15,"[8,infinity)",<-2,ask=1,415,0,0,415,0,0,0.00917162983700391547891131623196214836686327148933285271983186,1.00000000,415,415.00000000,0E-8,0E-8,-0.00917162983700391547891131623196214836686327148933285271983186
15,"[8,infinity)","[-2,0)",ask=0,0,0,0,0,,,,,0,0,0,,
15,"[8,infinity)","[-2,0)","(0,0.90)",0,0,0,0,,,,,0,0,0,,
15,"[8,infinity)","[-2,0)","[0.90,0.95)",0,0,0,0,,,,,0,0,0,,
15,"[8,infinity)","[-2,0)","[0.95,0.98)",0,0,0,0,,,,,0,0,0,,
15,"[8,infinity)","[-2,0)","[0.98,1)",2,0,0,2,0,0,0.657619772493346908066213171022805867761678469589830388837810,0.99900000,2,1.99800000,0.00200000,0.00100000,-0.656619772493346908066213171022805867761678469589830388837810
15,"[8,infinity)","[-2,0)",ask=1,495,4,0,491,0,0,0.00776300924714167533109045294696866912012572267289247241714398,1.00000000,491,491.00000000,0E-8,0E-8,-0.00776300924714167533109045294696866912012572267289247241714398
15,"[8,infinity)","[0,2)",ask=0,0,0,0,0,,,,,0,0,0,,
15,"[8,infinity)","[0,2)","(0,0.90)",0,0,0,0,,,,,0,0,0,,
15,"[8,infinity)","[0,2)","[0.90,0.95)",0,0,0,0,,,,,0,0,0,,
15,"[8,infinity)","[0,2)","[0.95,0.98)",0,0,0,0,,,,,0,0,0,,
15,"[8,infinity)","[0,2)","[0.98,1)",0,0,0,0,,,,,0,0,0,,
15,"[8,infinity)","[0,2)",ask=1,656,5,0,651,0,1E-62,0.00586624253695271420798423029590642516515369293931305891939739,1.00000000,651,651.00000000,0E-8,0E-8,-0.00586624253695271420798423029590642516515369293931305891939739
15,"[8,infinity)",>=2,ask=0,0,0,0,0,,,,,0,0,0,,
15,"[8,infinity)",>=2,"(0,0.90)",0,0,0,0,,,,,0,0,0,,
15,"[8,infinity)",>=2,"[0.90,0.95)",0,0,0,0,,,,,0,0,0,,
15,"[8,infinity)",>=2,"[0.95,0.98)",0,0,0,0,,,,,0,0,0,,
15,"[8,infinity)",>=2,"[0.98,1)",1,0,0,1,0,0,0.793450685622762572644686990659235135454905747938657255997644,0.99900000,1,0.99900000,0.00100000,0.00100000,-0.792450685622762572644686990659235135454905747938657255997644
15,"[8,infinity)",>=2,ask=1,625,4,0,621,0,0,0.00614789362399923350887014044159076866954948843877231671277690,1.00000000,621,621.00000000,0E-8,0E-8,-0.00614789362399923350887014044159076866954948843877231671277690
10,"[0,1)",<-2,ask=0,0,0,0,0,,,,,0,0,0,,
10,"[0,1)",<-2,"(0,0.90)",55,0,54,55,0.981818181818181818181818181818181818181818181818181818181818,0.903942239378376034301437808928975986716732755929722825880544,0.996783219545158926234224255187218388756211130937127308523186,0.0545636363636363636363636363636363636363636363636363636363636,1,3.00100000,-2.00100000,-0.0363818181818181818181818181818181818181818181818181818181818,-0.051346855908795289870587891550854752392574767300763672159550
10,"[0,1)",<-2,"[0.90,0.95)",1,0,0,1,0,0,0.793450685622762572644686990659235135454905747938657255997644,0.93000000,1,0.93000000,0.07000000,0.07000000,-0.723450685622762572644686990659235135454905747938657255997644
10,"[0,1)",<-2,"[0.95,0.98)",2,0,0,2,0,0,0.657619772493346908066213171022805867761678469589830388837810,0.96500000,2,1.93000000,0.07000000,0.03500000,-0.622619772493346908066213171022805867761678469589830388837810
10,"[0,1)",<-2,"[0.98,1)",1,0,0,1,0,0,0.793450685622762572644686990659235135454905747938657255997644,0.98000000,1,0.98000000,0.02000000,0.02000000,-0.773450685622762572644686990659235135454905747938657255997644
10,"[0,1)",<-2,ask=1,2,0,0,2,0,0,0.657619772493346908066213171022805867761678469589830388837810,1.00000000,2,2.00000000,0E-8,0E-8,-0.657619772493346908066213171022805867761678469589830388837810
10,"[0,1)","[-2,0)",ask=0,0,0,0,0,,,,,0,0,0,,
10,"[0,1)","[-2,0)","(0,0.90)",83,0,72,83,0.867469879518072289156626506024096385542168674698795180722892,0.778072536154582226794635995080748950326569297880236067852460,0.924356935072400854402454970871856867650373961039295784413962,0.190060240963855421686746987951807228915662650602409638554217,11,15.77500000,-4.77500000,-0.0575301204819277108433734939759036144578313253012048192771084,-0.114417176036256276089201958823664096566036611641705422968179
10,"[0,1)","[-2,0)","[0.90,0.95)",4,0,0,4,0,0,0.489890836454597301712536589852471046460117866669254129450196,0.92500000,4,3.70000000,0.30000000,0.07500000,-0.414890836454597301712536589852471046460117866669254129450196
10,"[0,1)","[-2,0)","[0.95,0.98)",12,0,1,12,0.0833333333333333333333333333333333333333333333333333333333333,0.014865094404917114752602291403112818736709754550808213613698,0.353879911141116927533678326002990052081097430266471836347478,0.963333333333333333333333333333333333333333333333333333333333,11,11.56000000,-0.56000000,-0.0466666666666666666666666666666666666666666666666666666666667,-0.317213244474450260867011659336323385414430763599805169680811
10,"[0,1)","[-2,0)","[0.98,1)",41,0,0,41,0,0,0.0856675701844318594351844311280687423499582709533817091149619,0.988512195121951219512195121951219512195121951219512195121951,41,40.52900000,0.47100000,0.0114878048780487804878048780487804878048780487804878048780488,-0.0741797653063830789473795530792882545450802221728939042369129
10,"[0,1)","[-2,0)",ask=1,205,0,0,205,0,1E-62,0.0183941389913020202620923022151250515273807052441863037780996,1.00000000,205,205.00000000,0E-8,0E-8,-0.0183941389913020202620923022151250515273807052441863037780996
10,"[0,1)","[0,2)",ask=0,0,0,0,0,,,,,0,0,0,,
10,"[0,1)","[0,2)","(0,0.90)",12,0,3,12,0.25,0.088941668394054751787482659745219961573184556826760770101589,0.532305334933565673584285710698441760917499754063607259875117,0.570833333333333333333333333333333333333333333333333333333333,9,6.85000000,2.15000000,0.179166666666666666666666666666666666666666666666666666666667,-0.103138668266899006917619044031775094250833087396940593208450
10,"[0,1)","[0,2)","[0.90,0.95)",3,0,1,3,0.333333333333333333333333333333333333333333333333333333333333,0.061491944720396241873444442939187390780210775328990142673567,0.792340399197952247054735144859082924781055214487972948705729,0.93000000,2,2.79000000,-0.79000000,-0.263333333333333333333333333333333333333333333333333333333333,-0.722340399197952247054735144859082924781055214487972948705729
10,"[0,1)","[0,2)","[0.95,0.98)",6,0,0,6,0,0,0.390334287902165324898707055142237608185625673736798285240772,0.96000000,6,5.76000000,0.24000000,0.04000000,-0.350334287902165324898707055142237608185625673736798285240772
10,"[0,1)","[0,2)","[0.98,1)",36,0,0,36,0,0,0.0964186285944636615382445947927992309228324969090787481472514,0.98750000,36,35.55000000,0.45000000,0.01250000,-0.0839186285944636615382445947927992309228324969090787481472514
10,"[0,1)","[0,2)",ask=1,349,1,0,348,0,0,0.0109181528338643399668207913748969013550996062983162687068331,1.00000000,348,348.00000000,0E-8,0E-8,-0.0109181528338643399668207913748969013550996062983162687068331
10,"[0,1)",>=2,ask=0,0,0,0,0,,,,,0,0,0,,
10,"[0,1)",>=2,"(0,0.90)",0,0,0,0,,,,,0,0,0,,
10,"[0,1)",>=2,"[0.90,0.95)",0,0,0,0,,,,,0,0,0,,
10,"[0,1)",>=2,"[0.95,0.98)",0,0,0,0,,,,,0,0,0,,
10,"[0,1)",>=2,"[0.98,1)",0,0,0,0,,,,,0,0,0,,
10,"[0,1)",>=2,ask=1,62,0,0,62,0,0,0.0583440721013724791893274262008387953817748151642297448820570,1.00000000,62,62.00000000,0E-8,0E-8,-0.0583440721013724791893274262008387953817748151642297448820570
10,"[1,2)",<-2,ask=0,0,0,0,0,,,,,0,0,0,,
10,"[1,2)",<-2,"(0,0.90)",12,0,9,12,0.75,0.467694665066434326415714289301558239082500245936392740124883,0.911058331605945248212517340254780038426815443173239229898411,0.280833333333333333333333333333333333333333333333333333333333,3,3.37000000,-0.37000000,-0.0308333333333333333333333333333333333333333333333333333333333,-0.191891664939278581545850673588113371760148776506572563231744
10,"[1,2)",<-2,"[0.90,0.95)",2,0,0,2,0,0,0.657619772493346908066213171022805867761678469589830388837810,0.91000000,2,1.82000000,0.18000000,0.09000000,-0.567619772493346908066213171022805867761678469589830388837810
10,"[1,2)",<-2,"[0.95,0.98)",4,0,0,4,0,0,0.489890836454597301712536589852471046460117866669254129450196,0.96500000,4,3.86000000,0.14000000,0.03500000,-0.454890836454597301712536589852471046460117866669254129450196
10,"[1,2)",<-2,"[0.98,1)",5,0,0,5,0,0,0.434482464783174761084782871525556271809021898883564142795326,0.98600000,5,4.93000000,0.07000000,0.01400000,-0.420482464783174761084782871525556271809021898883564142795326
10,"[1,2)",<-2,ask=1,29,0,0,29,0,0,0.116969798499740742321570618566042766673886847202390383923475,1.00000000,29,29.00000000,0E-8,0E-8,-0.116969798499740742321570618566042766673886847202390383923475
10,"[1,2)","[-2,0)",ask=0,0,0,0,0,,,,,0,0,0,,
10,"[1,2)","[-2,0)","(0,0.90)",3,0,1,3,0.333333333333333333333333333333333333333333333333333333333333,0.061491944720396241873444442939187390780210775328990142673567,0.792340399197952247054735144859082924781055214487972948705729,0.343333333333333333333333333333333333333333333333333333333333,2,1.03000000,0.97000000,0.323333333333333333333333333333333333333333333333333333333333,-0.135673732531285580388068478192416258114388547821306282039062
10,"[1,2)","[-2,0)","[0.90,0.95)",2,0,0,2,0,0,0.657619772493346908066213171022805867761678469589830388837810,0.91500000,2,1.83000000,0.17000000,0.08500000,-0.572619772493346908066213171022805867761678469589830388837810
10,"[1,2)","[-2,0)","[0.95,0.98)",0,0,0,0,,,,,0,0,0,,
10,"[1,2)","[-2,0)","[0.98,1)",1,0,0,1,0,0,0.793450685622762572644686990659235135454905747938657255997644,0.99000000,1,0.99000000,0.01000000,0.01000000,-0.783450685622762572644686990659235135454905747938657255997644
10,"[1,2)","[-2,0)",ask=1,288,0,0,288,0,0,0.0131628276401068066279889399249987036914787140690748624035166,1.00000000,288,288.00000000,0E-8,0E-8,-0.0131628276401068066279889399249987036914787140690748624035166
10,"[1,2)","[0,2)",ask=0,0,0,0,0,,,,,0,0,0,,
10,"[1,2)","[0,2)","(0,0.90)",0,0,0,0,,,,,0,0,0,,
10,"[1,2)","[0,2)","[0.90,0.95)",0,0,0,0,,,,,0,0,0,,
10,"[1,2)","[0,2)","[0.95,0.98)",0,0,0,0,,,,,0,0,0,,
10,"[1,2)","[0,2)","[0.98,1)",0,0,0,0,,,,,0,0,0,,
10,"[1,2)","[0,2)",ask=1,362,0,1,362,0.00276243093922651933701657458563535911602209944751381215469613,0.00048780344189907451792208990913785117828417977401347153215552,0.0154793831080461447585713669297557109180958806365712648207708,1.00000000,361,362.00000000,-1.00000000,-0.00276243093922651933701657458563535911602209944751381215469613,-0.0154793831080461447585713669297557109180958806365712648207708
10,"[1,2)",>=2,ask=0,0,0,0,0,,,,,0,0,0,,
10,"[1,2)",>=2,"(0,0.90)",0,0,0,0,,,,,0,0,0,,
10,"[1,2)",>=2,"[0.90,0.95)",0,0,0,0,,,,,0,0,0,,
10,"[1,2)",>=2,"[0.95,0.98)",0,0,0,0,,,,,0,0,0,,
10,"[1,2)",>=2,"[0.98,1)",0,0,0,0,,,,,0,0,0,,
10,"[1,2)",>=2,ask=1,75,1,0,74,0,0,0.0493497793963860622025936786532397848191596529491670499794146,1.00000000,74,74.00000000,0E-8,0E-8,-0.0493497793963860622025936786532397848191596529491670499794146
10,"[2,4)",<-2,ask=0,0,0,0,0,,,,,0,0,0,,
10,"[2,4)",<-2,"(0,0.90)",0,0,0,0,,,,,0,0,0,,
10,"[2,4)",<-2,"[0.90,0.95)",1,0,0,1,0,0,0.793450685622762572644686990659235135454905747938657255997644,0.93000000,1,0.93000000,0.07000000,0.07000000,-0.723450685622762572644686990659235135454905747938657255997644
10,"[2,4)",<-2,"[0.95,0.98)",0,0,0,0,,,,,0,0,0,,
10,"[2,4)",<-2,"[0.98,1)",5,0,0,5,0,0,0.434482464783174761084782871525556271809021898883564142795326,0.98980000,5,4.94900000,0.05100000,0.01020000,-0.424282464783174761084782871525556271809021898883564142795326
10,"[2,4)",<-2,ask=1,128,1,0,127,0,0,0.0293596452937633622931293866534649823448394957439820136137162,1.00000000,127,127.00000000,0E-8,0E-8,-0.0293596452937633622931293866534649823448394957439820136137162
10,"[2,4)","[-2,0)",ask=0,0,0,0,0,,,,,0,0,0,,
10,"[2,4)","[-2,0)","(0,0.90)",1,0,0,1,0,0,0.793450685622762572644686990659235135454905747938657255997644,0.50000000,1,0.50000000,0.50000000,0.50000000,-0.293450685622762572644686990659235135454905747938657255997644
10,"[2,4)","[-2,0)","[0.90,0.95)",0,0,0,0,,,,,0,0,0,,
10,"[2,4)","[-2,0)","[0.95,0.98)",0,0,0,0,,,,,0,0,0,,
10,"[2,4)","[-2,0)","[0.98,1)",1,0,0,1,0,0,0.793450685622762572644686990659235135454905747938657255997644,0.99900000,1,0.99900000,0.00100000,0.00100000,-0.792450685622762572644686990659235135454905747938657255997644
10,"[2,4)","[-2,0)",ask=1,488,0,0,488,0,1E-62,0.00781035992757692363572533304487993586029902097007229336775331,1.00000000,488,488.00000000,0E-8,0E-8,-0.00781035992757692363572533304487993586029902097007229336775331
10,"[2,4)","[0,2)",ask=0,0,0,0,0,,,,,0,0,0,,
10,"[2,4)","[0,2)","(0,0.90)",0,0,0,0,,,,,0,0,0,,
10,"[2,4)","[0,2)","[0.90,0.95)",0,0,0,0,,,,,0,0,0,,
10,"[2,4)","[0,2)","[0.95,0.98)",0,0,0,0,,,,,0,0,0,,
10,"[2,4)","[0,2)","[0.98,1)",0,0,0,0,,,,,0,0,0,,
10,"[2,4)","[0,2)",ask=1,580,0,0,580,0,0,0.00657962664805188277695281146683910659354007173294789505342802,1.00000000,580,580.00000000,0E-8,0E-8,-0.00657962664805188277695281146683910659354007173294789505342802
10,"[2,4)",>=2,ask=0,0,0,0,0,,,,,0,0,0,,
10,"[2,4)",>=2,"(0,0.90)",0,0,0,0,,,,,0,0,0,,
10,"[2,4)",>=2,"[0.90,0.95)",0,0,0,0,,,,,0,0,0,,
10,"[2,4)",>=2,"[0.95,0.98)",0,0,0,0,,,,,0,0,0,,
10,"[2,4)",>=2,"[0.98,1)",0,0,0,0,,,,,0,0,0,,
10,"[2,4)",>=2,ask=1,160,0,0,160,0,0,0.0234461951715051901176366347595152633843440276828788110351402,1.00000000,160,160.00000000,0E-8,0E-8,-0.0234461951715051901176366347595152633843440276828788110351402
10,"[4,8)",<-2,ask=0,0,0,0,0,,,,,0,0,0,,
10,"[4,8)",<-2,"(0,0.90)",0,0,0,0,,,,,0,0,0,,
10,"[4,8)",<-2,"[0.90,0.95)",0,0,0,0,,,,,0,0,0,,
10,"[4,8)",<-2,"[0.95,0.98)",0,0,0,0,,,,,0,0,0,,
10,"[4,8)",<-2,"[0.98,1)",1,0,0,1,0,0,0.793450685622762572644686990659235135454905747938657255997644,0.99900000,1,0.99900000,0.00100000,0.00100000,-0.792450685622762572644686990659235135454905747938657255997644
10,"[4,8)",<-2,ask=1,200,1,0,199,0,0,0.0189382330566349430745843533132211436134483755122039455629270,1.00000000,199,199.00000000,0E-8,0E-8,-0.0189382330566349430745843533132211436134483755122039455629270
10,"[4,8)","[-2,0)",ask=0,0,0,0,0,,,,,0,0,0,,
10,"[4,8)","[-2,0)","(0,0.90)",0,0,0,0,,,,,0,0,0,,
10,"[4,8)","[-2,0)","[0.90,0.95)",0,0,0,0,,,,,0,0,0,,
10,"[4,8)","[-2,0)","[0.95,0.98)",0,0,0,0,,,,,0,0,0,,
10,"[4,8)","[-2,0)","[0.98,1)",0,0,0,0,,,,,0,0,0,,
10,"[4,8)","[-2,0)",ask=1,596,2,0,594,0,1E-62,0.00642554771673381636551817288608426657178557102053814943585883,1.00000000,594,594.00000000,0E-8,0E-8,-0.00642554771673381636551817288608426657178557102053814943585883
10,"[4,8)","[0,2)",ask=0,0,0,0,0,,,,,0,0,0,,
10,"[4,8)","[0,2)","(0,0.90)",0,0,0,0,,,,,0,0,0,,
10,"[4,8)","[0,2)","[0.90,0.95)",0,0,0,0,,,,,0,0,0,,
10,"[4,8)","[0,2)","[0.95,0.98)",1,0,0,1,0,0,0.793450685622762572644686990659235135454905747938657255997644,0.96000000,1,0.96000000,0.04000000,0.04000000,-0.753450685622762572644686990659235135454905747938657255997644
10,"[4,8)","[0,2)","[0.98,1)",0,0,0,0,,,,,0,0,0,,
10,"[4,8)","[0,2)",ask=1,697,1,0,696,0,0,0.00548904151401287934630713080086367734031299318570608225748354,1.00000000,696,696.00000000,0E-8,0E-8,-0.00548904151401287934630713080086367734031299318570608225748354
10,"[4,8)",>=2,ask=0,0,0,0,0,,,,,0,0,0,,
10,"[4,8)",>=2,"(0,0.90)",0,0,0,0,,,,,0,0,0,,
10,"[4,8)",>=2,"[0.90,0.95)",0,0,0,0,,,,,0,0,0,,
10,"[4,8)",>=2,"[0.95,0.98)",0,0,0,0,,,,,0,0,0,,
10,"[4,8)",>=2,"[0.98,1)",0,0,0,0,,,,,0,0,0,,
10,"[4,8)",>=2,ask=1,261,4,0,257,0,0,0.0147271788697317274556551294995552380757890792526123359497250,1.00000000,257,257.00000000,0E-8,0E-8,-0.0147271788697317274556551294995552380757890792526123359497250
10,"[8,infinity)",<-2,ask=0,0,0,0,0,,,,,0,0,0,,
10,"[8,infinity)",<-2,"(0,0.90)",0,0,0,0,,,,,0,0,0,,
10,"[8,infinity)",<-2,"[0.90,0.95)",0,0,0,0,,,,,0,0,0,,
10,"[8,infinity)",<-2,"[0.95,0.98)",0,0,0,0,,,,,0,0,0,,
10,"[8,infinity)",<-2,"[0.98,1)",0,0,0,0,,,,,0,0,0,,
10,"[8,infinity)",<-2,ask=1,410,1,0,409,0,0,0.00930492502295548945302403002365986899833395950213918851802341,1.00000000,409,409.00000000,0E-8,0E-8,-0.00930492502295548945302403002365986899833395950213918851802341
10,"[8,infinity)","[-2,0)",ask=0,0,0,0,0,,,,,0,0,0,,
10,"[8,infinity)","[-2,0)","(0,0.90)",0,0,0,0,,,,,0,0,0,,
10,"[8,infinity)","[-2,0)","[0.90,0.95)",0,0,0,0,,,,,0,0,0,,
10,"[8,infinity)","[-2,0)","[0.95,0.98)",0,0,0,0,,,,,0,0,0,,
10,"[8,infinity)","[-2,0)","[0.98,1)",2,0,0,2,0,0,0.657619772493346908066213171022805867761678469589830388837810,0.99900000,2,1.99800000,0.00200000,0.00100000,-0.656619772493346908066213171022805867761678469589830388837810
10,"[8,infinity)","[-2,0)",ask=1,519,3,0,516,0,1E-62,0.00738967382364771518882671491089388665038053672600930897298425,1.00000000,516,516.00000000,0E-8,0E-8,-0.00738967382364771518882671491089388665038053672600930897298425
10,"[8,infinity)","[0,2)",ask=0,0,0,0,0,,,,,0,0,0,,
10,"[8,infinity)","[0,2)","(0,0.90)",0,0,0,0,,,,,0,0,0,,
10,"[8,infinity)","[0,2)","[0.90,0.95)",0,0,0,0,,,,,0,0,0,,
10,"[8,infinity)","[0,2)","[0.95,0.98)",0,0,0,0,,,,,0,0,0,,
10,"[8,infinity)","[0,2)","[0.98,1)",1,0,0,1,0,0,0.793450685622762572644686990659235135454905747938657255997644,0.99000000,1,0.99000000,0.01000000,0.01000000,-0.783450685622762572644686990659235135454905747938657255997644
10,"[8,infinity)","[0,2)",ask=1,661,5,0,656,0,0,0.00582179062764530880663289616567690286299392015273215666410433,1.00000000,656,656.00000000,0E-8,0E-8,-0.00582179062764530880663289616567690286299392015273215666410433
10,"[8,infinity)",>=2,ask=0,0,0,0,0,,,,,0,0,0,,
10,"[8,infinity)",>=2,"(0,0.90)",0,0,0,0,,,,,0,0,0,,
10,"[8,infinity)",>=2,"[0.90,0.95)",0,0,0,0,,,,,0,0,0,,
10,"[8,infinity)",>=2,"[0.95,0.98)",0,0,0,0,,,,,0,0,0,,
10,"[8,infinity)",>=2,"[0.98,1)",0,0,0,0,,,,,0,0,0,,
10,"[8,infinity)",>=2,ask=1,635,5,0,630,0,0,0.00606059885675737411166086410883943469107993581116976443242717,1.00000000,630,630.00000000,0E-8,0E-8,-0.00606059885675737411166086410883943469107993581116976443242717
5,"[0,1)",<-2,ask=0,0,0,0,0,,,,,0,0,0,,
5,"[0,1)",<-2,"(0,0.90)",39,0,36,39,0.923076923076923076923076923076923076923076923076923076923077,0.796789288320450082067924631080440164047640737162384993721098,0.973492604696220260484057045881062832430415576082679078697326,0.0835897435897435897435897435897435897435897435897435897435897,3,3.26000000,-0.26000000,-0.00666666666666666666666666666666666666666666666666666666666667,-0.057082348285963850227646789470806422174005319672422668440916
5,"[0,1)",<-2,"[0.90,0.95)",1,0,0,1,0,0,0.793450685622762572644686990659235135454905747938657255997644,0.94000000,1,0.94000000,0.06000000,0.06000000,-0.733450685622762572644686990659235135454905747938657255997644
5,"[0,1)",<-2,"[0.95,0.98)",1,0,0,1,0,0,0.793450685622762572644686990659235135454905747938657255997644,0.95000000,1,0.95000000,0.05000000,0.05000000,-0.743450685622762572644686990659235135454905747938657255997644
5,"[0,1)",<-2,"[0.98,1)",0,0,0,0,,,,,0,0,0,,
5,"[0,1)",<-2,ask=1,16,0,0,16,0,0,0.193607680534436484397123030315166534447518308110879063675717,1.00000000,16,16.00000000,0E-8,0E-8,-0.193607680534436484397123030315166534447518308110879063675717
5,"[0,1)","[-2,0)",ask=0,0,0,0,0,,,,,0,0,0,,
5,"[0,1)","[-2,0)","(0,0.90)",45,0,39,45,0.866666666666666666666666666666666666666666666666666666666667,0.738226981738229315526769541914097822401621962360779566219160,0.937428512524319220821692526922660212540922814317857150148432,0.168444444444444444444444444444444444444444444444444444444444,6,7.58000000,-1.58000000,-0.0351111111111111111111111111111111111111111111111111111111111,-0.105872956968763665266136971367104656985367258762301594592876
5,"[0,1)","[-2,0)","[0.90,0.95)",0,0,0,0,,,,,0,0,0,,
5,"[0,1)","[-2,0)","[0.95,0.98)",3,0,0,3,0,0,0.561497031755045466784538763394810946683797969450889274137888,0.963333333333333333333333333333333333333333333333333333333333,3,2.89000000,0.11000000,0.0366666666666666666666666666666666666666666666666666666666667,-0.524830365088378800117872096728144280017131302784222607471221
5,"[0,1)","[-2,0)","[0.98,1)",12,0,0,12,0,0,0.242494006655240850743536740887323444981368621780736059953412,0.986666666666666666666666666666666666666666666666666666666667,12,11.84000000,0.16000000,0.0133333333333333333333333333333333333333333333333333333333333,-0.229160673321907517410203407553990111648035288447402726620079
5,"[0,1)","[-2,0)",ask=1,308,0,0,308,0,0,0.0123186276617020552946103531230792725154389960879633128571381,1.00000000,308,308.00000000,0E-8,0E-8,-0.0123186276617020552946103531230792725154389960879633128571381
5,"[0,1)","[0,2)",ask=0,0,0,0,0,,,,,0,0,0,,
5,"[0,1)","[0,2)","(0,0.90)",9,0,5,9,0.555555555555555555555555555555555555555555555555555555555556,0.266651293495493043059615993877244882026140673164104999584969,0.811221478902335396118006603400764841034398238993772151347717,0.34000000,4,3.06000000,0.94000000,0.104444444444444444444444444444444444444444444444444444444444,-0.151221478902335396118006603400764841034398238993772151347717
5,"[0,1)","[0,2)","[0.90,0.95)",1,0,0,1,0,0,0.793450685622762572644686990659235135454905747938657255997644,0.91000000,1,0.91000000,0.09000000,0.09000000,-0.703450685622762572644686990659235135454905747938657255997644
5,"[0,1)","[0,2)","[0.95,0.98)",0,0,0,0,,,,,0,0,0,,
5,"[0,1)","[0,2)","[0.98,1)",10,0,0,10,0,0,0.277532799862889204526030927043294338473666863904268179277910,0.98680000,10,9.86800000,0.13200000,0.01320000,-0.264332799862889204526030927043294338473666863904268179277910
5,"[0,1)","[0,2)",ask=1,384,1,0,383,0,0,0.00993031830767314277955665154111070671570592700939903505155989,1.00000000,383,383.00000000,0E-8,0E-8,-0.00993031830767314277955665154111070671570592700939903505155989
5,"[0,1)",>=2,ask=0,0,0,0,0,,,,,0,0,0,,
5,"[0,1)",>=2,"(0,0.90)",1,0,0,1,0,0,0.793450685622762572644686990659235135454905747938657255997644,0.50000000,1,0.50000000,0.50000000,0.50000000,-0.293450685622762572644686990659235135454905747938657255997644
5,"[0,1)",>=2,"[0.90,0.95)",0,0,0,0,,,,,0,0,0,,
5,"[0,1)",>=2,"[0.95,0.98)",0,0,0,0,,,,,0,0,0,,
5,"[0,1)",>=2,"[0.98,1)",0,0,0,0,,,,,0,0,0,,
5,"[0,1)",>=2,ask=1,67,0,0,67,0,1E-61,0.0542261393913017856485245130017028349262980784039413836676687,1.00000000,67,67.00000000,0E-8,0E-8,-0.0542261393913017856485245130017028349262980784039413836676687
5,"[1,2)",<-2,ask=0,0,0,0,0,,,,,0,0,0,,
5,"[1,2)",<-2,"(0,0.90)",1,0,1,1,1,0.206549314377237427355313009340764864545094252061342744002356,1,0.14000000,0,0.14000000,-0.14000000,-0.14000000,-0.14000000
5,"[1,2)",<-2,"[0.90,0.95)",0,0,0,0,,,,,0,0,0,,
5,"[1,2)",<-2,"[0.95,0.98)",1,0,0,1,0,0,0.793450685622762572644686990659235135454905747938657255997644,0.95000000,1,0.95000000,0.05000000,0.05000000,-0.743450685622762572644686990659235135454905747938657255997644
5,"[1,2)",<-2,"[0.98,1)",1,0,0,1,0,0,0.793450685622762572644686990659235135454905747938657255997644,0.99000000,1,0.99000000,0.01000000,0.01000000,-0.783450685622762572644686990659235135454905747938657255997644
5,"[1,2)",<-2,ask=1,71,1,0,70,0,0,0.0520230624102669173823786249206967016701131340208818963399166,1.00000000,70,70.00000000,0E-8,0E-8,-0.0520230624102669173823786249206967016701131340208818963399166
5,"[1,2)","[-2,0)",ask=0,0,0,0,0,,,,,0,0,0,,
5,"[1,2)","[-2,0)","(0,0.90)",1,0,0,1,0,0,0.793450685622762572644686990659235135454905747938657255997644,0.50000000,1,0.50000000,0.50000000,0.50000000,-0.293450685622762572644686990659235135454905747938657255997644
5,"[1,2)","[-2,0)","[0.90,0.95)",0,0,0,0,,,,,0,0,0,,
5,"[1,2)","[-2,0)","[0.95,0.98)",0,0,0,0,,,,,0,0,0,,
5,"[1,2)","[-2,0)","[0.98,1)",0,0,0,0,,,,,0,0,0,,
5,"[1,2)","[-2,0)",ask=1,327,1,0,326,0,0,0.0116463795498260554034129286147749201619264418823036778378175,1.00000000,326,326.00000000,0E-8,0E-8,-0.0116463795498260554034129286147749201619264418823036778378175
5,"[1,2)","[0,2)",ask=0,0,0,0,0,,,,,0,0,0,,
5,"[1,2)","[0,2)","(0,0.90)",0,0,0,0,,,,,0,0,0,,
5,"[1,2)","[0,2)","[0.90,0.95)",0,0,0,0,,,,,0,0,0,,
5,"[1,2)","[0,2)","[0.95,0.98)",0,0,0,0,,,,,0,0,0,,
5,"[1,2)","[0,2)","[0.98,1)",0,0,0,0,,,,,0,0,0,,
5,"[1,2)","[0,2)",ask=1,342,0,0,342,0,0,0.0111075717578608119042787520980436901916990313457317198507205,1.00000000,342,342.00000000,0E-8,0E-8,-0.0111075717578608119042787520980436901916990313457317198507205
5,"[1,2)",>=2,ask=0,0,0,0,0,,,,,0,0,0,,
5,"[1,2)",>=2,"(0,0.90)",0,0,0,0,,,,,0,0,0,,
5,"[1,2)",>=2,"[0.90,0.95)",0,0,0,0,,,,,0,0,0,,
5,"[1,2)",>=2,"[0.95,0.98)",0,0,0,0,,,,,0,0,0,,
5,"[1,2)",>=2,"[0.98,1)",0,0,0,0,,,,,0,0,0,,
5,"[1,2)",>=2,ask=1,82,0,0,82,0,0,0.0447506236901003135454555542189412591181986946139529156719919,1.00000000,82,82.00000000,0E-8,0E-8,-0.0447506236901003135454555542189412591181986946139529156719919
5,"[2,4)",<-2,ask=0,0,0,0,0,,,,,0,0,0,,
5,"[2,4)",<-2,"(0,0.90)",0,0,0,0,,,,,0,0,0,,
5,"[2,4)",<-2,"[0.90,0.95)",0,0,0,0,,,,,0,0,0,,
5,"[2,4)",<-2,"[0.95,0.98)",0,0,0,0,,,,,0,0,0,,
5,"[2,4)",<-2,"[0.98,1)",1,0,0,1,0,0,0.793450685622762572644686990659235135454905747938657255997644,0.99700000,1,0.99700000,0.00300000,0.00300000,-0.790450685622762572644686990659235135454905747938657255997644
5,"[2,4)",<-2,ask=1,131,1,0,130,0,1E-61,0.0287015611944314173827666247406451957770327856131371999791451,1.00000000,130,130.00000000,0E-8,0E-8,-0.0287015611944314173827666247406451957770327856131371999791451
5,"[2,4)","[-2,0)",ask=0,0,0,0,0,,,,,0,0,0,,
5,"[2,4)","[-2,0)","(0,0.90)",0,0,0,0,,,,,0,0,0,,
5,"[2,4)","[-2,0)","[0.90,0.95)",0,0,0,0,,,,,0,0,0,,
5,"[2,4)","[-2,0)","[0.95,0.98)",0,0,0,0,,,,,0,0,0,,
5,"[2,4)","[-2,0)","[0.98,1)",1,0,0,1,0,0,0.793450685622762572644686990659235135454905747938657255997644,0.99900000,1,0.99900000,0.00100000,0.00100000,-0.792450685622762572644686990659235135454905747938657255997644
5,"[2,4)","[-2,0)",ask=1,513,0,0,513,0,1E-62,0.00743256709602862563993827353673160259844732718983100063291603,1.00000000,513,513.00000000,0E-8,0E-8,-0.00743256709602862563993827353673160259844732718983100063291603
5,"[2,4)","[0,2)",ask=0,0,0,0,0,,,,,0,0,0,,
5,"[2,4)","[0,2)","(0,0.90)",1,0,0,1,0,0,0.793450685622762572644686990659235135454905747938657255997644,0.51000000,1,0.51000000,0.49000000,0.49000000,-0.303450685622762572644686990659235135454905747938657255997644
5,"[2,4)","[0,2)","[0.90,0.95)",0,0,0,0,,,,,0,0,0,,
5,"[2,4)","[0,2)","[0.95,0.98)",0,0,0,0,,,,,0,0,0,,
5,"[2,4)","[0,2)","[0.98,1)",0,0,0,0,,,,,0,0,0,,
5,"[2,4)","[0,2)",ask=1,579,0,0,579,0,0,0.00659091552695450052138811121909145165655985568601419011709374,1.00000000,579,579.00000000,0E-8,0E-8,-0.00659091552695450052138811121909145165655985568601419011709374
5,"[2,4)",>=2,ask=0,0,0,0,0,,,,,0,0,0,,
5,"[2,4)",>=2,"(0,0.90)",0,0,0,0,,,,,0,0,0,,
5,"[2,4)",>=2,"[0.90,0.95)",0,0,0,0,,,,,0,0,0,,
5,"[2,4)",>=2,"[0.95,0.98)",0,0,0,0,,,,,0,0,0,,
5,"[2,4)",>=2,"[0.98,1)",0,0,0,0,,,,,0,0,0,,
5,"[2,4)",>=2,ask=1,134,1,0,133,0,0,0.0280723316880716613139581633660357159207289956100888848471254,1.00000000,133,133.00000000,0E-8,0E-8,-0.0280723316880716613139581633660357159207289956100888848471254
5,"[4,8)",<-2,ask=0,0,0,0,0,,,,,0,0,0,,
5,"[4,8)",<-2,"(0,0.90)",0,0,0,0,,,,,0,0,0,,
5,"[4,8)",<-2,"[0.90,0.95)",0,0,0,0,,,,,0,0,0,,
5,"[4,8)",<-2,"[0.95,0.98)",0,0,0,0,,,,,0,0,0,,
5,"[4,8)",<-2,"[0.98,1)",0,0,0,0,,,,,0,0,0,,
5,"[4,8)",<-2,ask=1,210,0,0,210,0,0,0.0179640507592832355040595430033873382232707988716943083950446,1.00000000,210,210.00000000,0E-8,0E-8,-0.0179640507592832355040595430033873382232707988716943083950446
5,"[4,8)","[-2,0)",ask=0,0,0,0,0,,,,,0,0,0,,
5,"[4,8)","[-2,0)","(0,0.90)",0,0,0,0,,,,,0,0,0,,
5,"[4,8)","[-2,0)","[0.90,0.95)",0,0,0,0,,,,,0,0,0,,
5,"[4,8)","[-2,0)","[0.95,0.98)",0,0,0,0,,,,,0,0,0,,
5,"[4,8)","[-2,0)","[0.98,1)",0,0,0,0,,,,,0,0,0,,
5,"[4,8)","[-2,0)",ask=1,582,0,0,582,0,1E-62,0.00655716450731743646431675108873665512600573877968638894601157,1.00000000,582,582.00000000,0E-8,0E-8,-0.00655716450731743646431675108873665512600573877968638894601157
5,"[4,8)","[0,2)",ask=0,0,0,0,0,,,,,0,0,0,,
5,"[4,8)","[0,2)","(0,0.90)",0,0,0,0,,,,,0,0,0,,
5,"[4,8)","[0,2)","[0.90,0.95)",0,0,0,0,,,,,0,0,0,,
5,"[4,8)","[0,2)","[0.95,0.98)",0,0,0,0,,,,,0,0,0,,
5,"[4,8)","[0,2)","[0.98,1)",0,0,0,0,,,,,0,0,0,,
5,"[4,8)","[0,2)",ask=1,697,4,0,693,0,1E-62,0.00551267260589697436489237614105310498860441445846185760551947,1.00000000,693,693.00000000,0E-8,0E-8,-0.00551267260589697436489237614105310498860441445846185760551947
5,"[4,8)",>=2,ask=0,0,0,0,0,,,,,0,0,0,,
5,"[4,8)",>=2,"(0,0.90)",0,0,0,0,,,,,0,0,0,,
5,"[4,8)",>=2,"[0.90,0.95)",0,0,0,0,,,,,0,0,0,,
5,"[4,8)",>=2,"[0.95,0.98)",0,0,0,0,,,,,0,0,0,,
5,"[4,8)",>=2,"[0.98,1)",1,0,0,1,0,0,0.793450685622762572644686990659235135454905747938657255997644,0.99000000,1,0.99000000,0.01000000,0.01000000,-0.783450685622762572644686990659235135454905747938657255997644
5,"[4,8)",>=2,ask=1,266,3,0,263,0,2E-62,0.0143960344006192028029251650364874516533665689156187195760780,1.00000000,263,263.00000000,0E-8,0E-8,-0.0143960344006192028029251650364874516533665689156187195760780
5,"[8,infinity)",<-2,ask=0,0,0,0,0,,,,,0,0,0,,
5,"[8,infinity)",<-2,"(0,0.90)",0,0,0,0,,,,,0,0,0,,
5,"[8,infinity)",<-2,"[0.90,0.95)",0,0,0,0,,,,,0,0,0,,
5,"[8,infinity)",<-2,"[0.95,0.98)",0,0,0,0,,,,,0,0,0,,
5,"[8,infinity)",<-2,"[0.98,1)",0,0,0,0,,,,,0,0,0,,
5,"[8,infinity)",<-2,ask=1,393,2,0,391,0,0,0.00972911718077359476036270935923077868694394658548585319691590,1.00000000,391,391.00000000,0E-8,0E-8,-0.00972911718077359476036270935923077868694394658548585319691590
5,"[8,infinity)","[-2,0)",ask=0,0,0,0,0,,,,,0,0,0,,
5,"[8,infinity)","[-2,0)","(0,0.90)",0,0,0,0,,,,,0,0,0,,
5,"[8,infinity)","[-2,0)","[0.90,0.95)",0,0,0,0,,,,,0,0,0,,
5,"[8,infinity)","[-2,0)","[0.95,0.98)",0,0,0,0,,,,,0,0,0,,
5,"[8,infinity)","[-2,0)","[0.98,1)",0,0,0,0,,,,,0,0,0,,
5,"[8,infinity)","[-2,0)",ask=1,544,2,0,542,0,0,0.00703768238673864242547580836820644350804963592584564457506475,1.00000000,542,542.00000000,0E-8,0E-8,-0.00703768238673864242547580836820644350804963592584564457506475
5,"[8,infinity)","[0,2)",ask=0,0,0,0,0,,,,,0,0,0,,
5,"[8,infinity)","[0,2)","(0,0.90)",0,0,0,0,,,,,0,0,0,,
5,"[8,infinity)","[0,2)","[0.90,0.95)",0,0,0,0,,,,,0,0,0,,
5,"[8,infinity)","[0,2)","[0.95,0.98)",0,0,0,0,,,,,0,0,0,,
5,"[8,infinity)","[0,2)","[0.98,1)",1,0,0,1,0,0,0.793450685622762572644686990659235135454905747938657255997644,0.99900000,1,0.99900000,0.00100000,0.00100000,-0.792450685622762572644686990659235135454905747938657255997644
5,"[8,infinity)","[0,2)",ask=1,665,5,0,660,0,0,0.00578671122396969236943198589573286350725183967135283105197546,1.00000000,660,660.00000000,0E-8,0E-8,-0.00578671122396969236943198589573286350725183967135283105197546
5,"[8,infinity)",>=2,ask=0,0,0,0,0,,,,,0,0,0,,
5,"[8,infinity)",>=2,"(0,0.90)",0,0,0,0,,,,,0,0,0,,
5,"[8,infinity)",>=2,"[0.90,0.95)",0,0,0,0,,,,,0,0,0,,
5,"[8,infinity)",>=2,"[0.95,0.98)",0,0,0,0,,,,,0,0,0,,
5,"[8,infinity)",>=2,"[0.98,1)",0,0,0,0,,,,,0,0,0,,
5,"[8,infinity)",>=2,ask=1,629,5,0,624,0,0,0.00611851728923688540797093809849028504285608497905658452586638,1.00000000,624,624.00000000,0E-8,0E-8,-0.00611851728923688540797093809849028504285608497905658452586638
3,"[0,1)",<-2,ask=0,0,0,0,0,,,,,0,0,0,,
3,"[0,1)",<-2,"(0,0.90)",25,0,23,25,0.92,0.750338910496046871901159156302095519289371734663047006683365,0.977779598715152408004781771844550701843062601026637428979279,0.09520000,2,2.38000000,-0.38000000,-0.01520000,-0.072979598715152408004781771844550701843062601026637428979279
3,"[0,1)",<-2,"[0.90,0.95)",0,0,0,0,,,,,0,0,0,,
3,"[0,1)",<-2,"[0.95,0.98)",1,0,0,1,0,0,0.793450685622762572644686990659235135454905747938657255997644,0.97000000,1,0.97000000,0.03000000,0.03000000,-0.763450685622762572644686990659235135454905747938657255997644
3,"[0,1)",<-2,"[0.98,1)",4,0,1,4,0.25,0.045587260809700566421210903550181973719959137374694927176083,0.699358157417598084435057391376053549510099795959932137549015,0.98950000,3,3.95800000,-0.95800000,-0.23950000,-0.688858157417598084435057391376053549510099795959932137549015
3,"[0,1)",<-2,ask=1,20,0,0,20,0,0,0.161125158052819354664367409458698834644472493370427941636724,1.00000000,20,20.00000000,0E-8,0E-8,-0.161125158052819354664367409458698834644472493370427941636724
3,"[0,1)","[-2,0)",ask=0,0,0,0,0,,,,,0,0,0,,
3,"[0,1)","[-2,0)","(0,0.90)",37,0,33,37,0.891891891891891891891891891891891891891891891891891891891892,0.752914684558739797396457282907488027245923965554742202176416,0.957148100595885285222366032655724109923059828956263516556754,0.124324324324324324324324324324324324324324324324324324324324,4,4.60000000,-0.60000000,-0.0162162162162162162162162162162162162162162162162162162162162,-0.081472424920209609546690356980048434247384153280587840881078
3,"[0,1)","[-2,0)","[0.90,0.95)",1,0,0,1,0,0,0.793450685622762572644686990659235135454905747938657255997644,0.91000000,1,0.91000000,0.09000000,0.09000000,-0.703450685622762572644686990659235135454905747938657255997644
3,"[0,1)","[-2,0)","[0.95,0.98)",2,0,0,2,0,0,0.657619772493346908066213171022805867761678469589830388837810,0.95500000,2,1.91000000,0.09000000,0.04500000,-0.612619772493346908066213171022805867761678469589830388837810
3,"[0,1)","[-2,0)","[0.98,1)",7,0,0,7,0,0,0.354330435066687400786206839933794738607089448605187126348296,0.99000000,7,6.93000000,0.07000000,0.01000000,-0.344330435066687400786206839933794738607089448605187126348296
3,"[0,1)","[-2,0)",ask=1,322,0,0,322,0,1E-62,0.0117893494418953748057814750064350910274679540276926421803398,1.00000000,322,322.00000000,0E-8,0E-8,-0.0117893494418953748057814750064350910274679540276926421803398
3,"[0,1)","[0,2)",ask=0,0,0,0,0,,,,,0,0,0,,
3,"[0,1)","[0,2)","(0,0.90)",6,0,3,6,0.5,0.187616306482650520497838086822922679765759317889977245350468,0.812383693517349479502161913177077320234240682110022754649532,0.313333333333333333333333333333333333333333333333333333333333,3,1.88000000,1.12000000,0.186666666666666666666666666666666666666666666666666666666667,-0.125717026850682812835495246510410653567574015443356087982865
3,"[0,1)","[0,2)","[0.90,0.95)",0,0,0,0,,,,,0,0,0,,
3,"[0,1)","[0,2)","[0.95,0.98)",2,0,0,2,0,0,0.657619772493346908066213171022805867761678469589830388837810,0.96500000,2,1.93000000,0.07000000,0.03500000,-0.622619772493346908066213171022805867761678469589830388837810
3,"[0,1)","[0,2)","[0.98,1)",2,0,0,2,0,0,0.657619772493346908066213171022805867761678469589830388837810,0.99450000,2,1.98900000,0.01100000,0.00550000,-0.652119772493346908066213171022805867761678469589830388837810
3,"[0,1)","[0,2)",ask=1,404,0,0,404,0,0,0.00941900029438401730560918932928424364218516230528008262741707,1.00000000,404,404.00000000,0E-8,0E-8,-0.00941900029438401730560918932928424364218516230528008262741707
3,"[0,1)",>=2,ask=0,0,0,0,0,,,,,0,0,0,,
3,"[0,1)",>=2,"(0,0.90)",0,0,0,0,,,,,0,0,0,,
3,"[0,1)",>=2,"[0.90,0.95)",0,0,0,0,,,,,0,0,0,,
3,"[0,1)",>=2,"[0.95,0.98)",0,0,0,0,,,,,0,0,0,,
3,"[0,1)",>=2,"[0.98,1)",0,0,0,0,,,,,0,0,0,,
3,"[0,1)",>=2,ask=1,67,0,0,67,0,1E-61,0.0542261393913017856485245130017028349262980784039413836676687,1.00000000,67,67.00000000,0E-8,0E-8,-0.0542261393913017856485245130017028349262980784039413836676687
3,"[1,2)",<-2,ask=0,0,0,0,0,,,,,0,0,0,,
3,"[1,2)",<-2,"(0,0.90)",1,0,1,1,1,0.206549314377237427355313009340764864545094252061342744002356,1,0.10000000,0,0.10000000,-0.10000000,-0.10000000,-0.10000000
3,"[1,2)",<-2,"[0.90,0.95)",0,0,0,0,,,,,0,0,0,,
3,"[1,2)",<-2,"[0.95,0.98)",0,0,0,0,,,,,0,0,0,,
3,"[1,2)",<-2,"[0.98,1)",1,0,0,1,0,0,0.793450685622762572644686990659235135454905747938657255997644,0.99000000,1,0.99000000,0.01000000,0.01000000,-0.783450685622762572644686990659235135454905747938657255997644
3,"[1,2)",<-2,ask=1,85,1,0,84,0,0,0.0437317284146598801624975314283815795965094588977717772519719,1.00000000,84,84.00000000,0E-8,0E-8,-0.0437317284146598801624975314283815795965094588977717772519719
3,"[1,2)","[-2,0)",ask=0,0,0,0,0,,,,,0,0,0,,
3,"[1,2)","[-2,0)","(0,0.90)",1,0,0,1,0,0,0.793450685622762572644686990659235135454905747938657255997644,0.50000000,1,0.50000000,0.50000000,0.50000000,-0.293450685622762572644686990659235135454905747938657255997644
3,"[1,2)","[-2,0)","[0.90,0.95)",0,0,0,0,,,,,0,0,0,,
3,"[1,2)","[-2,0)","[0.95,0.98)",0,0,0,0,,,,,0,0,0,,
3,"[1,2)","[-2,0)","[0.98,1)",0,0,0,0,,,,,0,0,0,,
3,"[1,2)","[-2,0)",ask=1,311,1,0,310,0,0,0.0122401254287084213268214098390981682020066348223164387796820,1.00000000,310,310.00000000,0E-8,0E-8,-0.0122401254287084213268214098390981682020066348223164387796820
3,"[1,2)","[0,2)",ask=0,0,0,0,0,,,,,0,0,0,,
3,"[1,2)","[0,2)","(0,0.90)",2,0,0,2,0,0,0.657619772493346908066213171022805867761678469589830388837810,0.50500000,2,1.01000000,0.99000000,0.49500000,-0.162619772493346908066213171022805867761678469589830388837810
3,"[1,2)","[0,2)","[0.90,0.95)",0,0,0,0,,,,,0,0,0,,
3,"[1,2)","[0,2)","[0.95,0.98)",0,0,0,0,,,,,0,0,0,,
3,"[1,2)","[0,2)","[0.98,1)",0,0,0,0,,,,,0,0,0,,
3,"[1,2)","[0,2)",ask=1,344,0,0,344,0,0,0.0110437060427415192332510586488871533241045053919840788706541,1.00000000,344,344.00000000,0E-8,0E-8,-0.0110437060427415192332510586488871533241045053919840788706541
3,"[1,2)",>=2,ask=0,0,0,0,0,,,,,0,0,0,,
3,"[1,2)",>=2,"(0,0.90)",0,0,0,0,,,,,0,0,0,,
3,"[1,2)",>=2,"[0.90,0.95)",0,0,0,0,,,,,0,0,0,,
3,"[1,2)",>=2,"[0.95,0.98)",0,0,0,0,,,,,0,0,0,,
3,"[1,2)",>=2,"[0.98,1)",0,0,0,0,,,,,0,0,0,,
3,"[1,2)",>=2,ask=1,77,1,0,76,0,0,0.0481135850651373179806680027772221016786979542922821152437366,1.00000000,76,76.00000000,0E-8,0E-8,-0.0481135850651373179806680027772221016786979542922821152437366
3,"[2,4)",<-2,ask=0,0,0,0,0,,,,,0,0,0,,
3,"[2,4)",<-2,"(0,0.90)",0,0,0,0,,,,,0,0,0,,
3,"[2,4)",<-2,"[0.90,0.95)",0,0,0,0,,,,,0,0,0,,
3,"[2,4)",<-2,"[0.95,0.98)",0,0,0,0,,,,,0,0,0,,
3,"[2,4)",<-2,"[0.98,1)",1,0,0,1,0,0,0.793450685622762572644686990659235135454905747938657255997644,0.99900000,1,0.99900000,0.00100000,0.00100000,-0.792450685622762572644686990659235135454905747938657255997644
3,"[2,4)",<-2,ask=1,121,0,0,121,0,0,0.0307706979474782648436886526205729948488786779826887307519502,1.00000000,121,121.00000000,0E-8,0E-8,-0.0307706979474782648436886526205729948488786779826887307519502
3,"[2,4)","[-2,0)",ask=0,0,0,0,0,,,,,0,0,0,,
3,"[2,4)","[-2,0)","(0,0.90)",0,0,0,0,,,,,0,0,0,,
3,"[2,4)","[-2,0)","[0.90,0.95)",0,0,0,0,,,,,0,0,0,,
3,"[2,4)","[-2,0)","[0.95,0.98)",0,0,0,0,,,,,0,0,0,,
3,"[2,4)","[-2,0)","[0.98,1)",1,0,0,1,0,0,0.793450685622762572644686990659235135454905747938657255997644,0.99900000,1,0.99900000,0.00100000,0.00100000,-0.792450685622762572644686990659235135454905747938657255997644
3,"[2,4)","[-2,0)",ask=1,511,1,0,510,0,0,0.00747596122257353469669907955869018049076293945631224531286438,1.00000000,510,510.00000000,0E-8,0E-8,-0.00747596122257353469669907955869018049076293945631224531286438
3,"[2,4)","[0,2)",ask=0,0,0,0,0,,,,,0,0,0,,
3,"[2,4)","[0,2)","(0,0.90)",1,0,0,1,0,0,0.793450685622762572644686990659235135454905747938657255997644,0.50000000,1,0.50000000,0.50000000,0.50000000,-0.293450685622762572644686990659235135454905747938657255997644
3,"[2,4)","[0,2)","[0.90,0.95)",0,0,0,0,,,,,0,0,0,,
3,"[2,4)","[0,2)","[0.95,0.98)",0,0,0,0,,,,,0,0,0,,
3,"[2,4)","[0,2)","[0.98,1)",0,0,0,0,,,,,0,0,0,,
3,"[2,4)","[0,2)",ask=1,591,0,0,591,0,0,0.00645795407117390272613254990935949658017641077455260212122449,1.00000000,591,591.00000000,0E-8,0E-8,-0.00645795407117390272613254990935949658017641077455260212122449
3,"[2,4)",>=2,ask=0,0,0,0,0,,,,,0,0,0,,
3,"[2,4)",>=2,"(0,0.90)",0,0,0,0,,,,,0,0,0,,
3,"[2,4)",>=2,"[0.90,0.95)",0,0,0,0,,,,,0,0,0,,
3,"[2,4)",>=2,"[0.95,0.98)",0,0,0,0,,,,,0,0,0,,
3,"[2,4)",>=2,"[0.98,1)",0,0,0,0,,,,,0,0,0,,
3,"[2,4)",>=2,ask=1,136,1,0,135,0,0,0.0276679520175249050077361753068492589228594049216368442485636,1.00000000,135,135.00000000,0E-8,0E-8,-0.0276679520175249050077361753068492589228594049216368442485636
3,"[4,8)",<-2,ask=0,0,0,0,0,,,,,0,0,0,,
3,"[4,8)",<-2,"(0,0.90)",0,0,0,0,,,,,0,0,0,,
3,"[4,8)",<-2,"[0.90,0.95)",0,0,0,0,,,,,0,0,0,,
3,"[4,8)",<-2,"[0.95,0.98)",0,0,0,0,,,,,0,0,0,,
3,"[4,8)",<-2,"[0.98,1)",0,0,0,0,,,,,0,0,0,,
3,"[4,8)",<-2,ask=1,208,0,0,208,0,0,0.0181336497684600773692855047534175964150507355307307299498867,1.00000000,208,208.00000000,0E-8,0E-8,-0.0181336497684600773692855047534175964150507355307307299498867
3,"[4,8)","[-2,0)",ask=0,0,0,0,0,,,,,0,0,0,,
3,"[4,8)","[-2,0)","(0,0.90)",0,0,0,0,,,,,0,0,0,,
3,"[4,8)","[-2,0)","[0.90,0.95)",0,0,0,0,,,,,0,0,0,,
3,"[4,8)","[-2,0)","[0.95,0.98)",0,0,0,0,,,,,0,0,0,,
3,"[4,8)","[-2,0)","[0.98,1)",0,0,0,0,,,,,0,0,0,,
3,"[4,8)","[-2,0)",ask=1,579,1,0,578,0,0,0.00660224320982590212876303263873770744797513010965430908839988,1.00000000,578,578.00000000,0E-8,0E-8,-0.00660224320982590212876303263873770744797513010965430908839988
3,"[4,8)","[0,2)",ask=0,0,0,0,0,,,,,0,0,0,,
3,"[4,8)","[0,2)","(0,0.90)",1,0,0,1,0,0,0.793450685622762572644686990659235135454905747938657255997644,0.50000000,1,0.50000000,0.50000000,0.50000000,-0.293450685622762572644686990659235135454905747938657255997644
3,"[4,8)","[0,2)","[0.90,0.95)",0,0,0,0,,,,,0,0,0,,
3,"[4,8)","[0,2)","[0.95,0.98)",0,0,0,0,,,,,0,0,0,,
3,"[4,8)","[0,2)","[0.98,1)",0,0,0,0,,,,,0,0,0,,
3,"[4,8)","[0,2)",ask=1,717,2,0,715,0,1E-62,0.00534395835626437924188758628789273555963626145680962208200457,1.00000000,715,715.00000000,0E-8,0E-8,-0.00534395835626437924188758628789273555963626145680962208200457
3,"[4,8)",>=2,ask=0,0,0,0,0,,,,,0,0,0,,
3,"[4,8)",>=2,"(0,0.90)",0,0,0,0,,,,,0,0,0,,
3,"[4,8)",>=2,"[0.90,0.95)",0,0,0,0,,,,,0,0,0,,
3,"[4,8)",>=2,"[0.95,0.98)",0,0,0,0,,,,,0,0,0,,
3,"[4,8)",>=2,"[0.98,1)",1,0,0,1,0,0,0.793450685622762572644686990659235135454905747938657255997644,0.99000000,1,0.99000000,0.01000000,0.01000000,-0.783450685622762572644686990659235135454905747938657255997644
3,"[4,8)",>=2,ask=1,262,4,0,258,0,0,0.0146709342286574630396614742311364432649534745658907934732558,1.00000000,258,258.00000000,0E-8,0E-8,-0.0146709342286574630396614742311364432649534745658907934732558
3,"[8,infinity)",<-2,ask=0,0,0,0,0,,,,,0,0,0,,
3,"[8,infinity)",<-2,"(0,0.90)",0,0,0,0,,,,,0,0,0,,
3,"[8,infinity)",<-2,"[0.90,0.95)",0,0,0,0,,,,,0,0,0,,
3,"[8,infinity)",<-2,"[0.95,0.98)",0,0,0,0,,,,,0,0,0,,
3,"[8,infinity)",<-2,"[0.98,1)",0,0,0,0,,,,,0,0,0,,
3,"[8,infinity)",<-2,ask=1,414,2,0,412,0,0,0.00923779661505688455160093581040338565500294375530387456323903,1.00000000,412,412.00000000,0E-8,0E-8,-0.00923779661505688455160093581040338565500294375530387456323903
3,"[8,infinity)","[-2,0)",ask=0,0,0,0,0,,,,,0,0,0,,
3,"[8,infinity)","[-2,0)","(0,0.90)",0,0,0,0,,,,,0,0,0,,
3,"[8,infinity)","[-2,0)","[0.90,0.95)",0,0,0,0,,,,,0,0,0,,
3,"[8,infinity)","[-2,0)","[0.95,0.98)",0,0,0,0,,,,,0,0,0,,
3,"[8,infinity)","[-2,0)","[0.98,1)",0,0,0,0,,,,,0,0,0,,
3,"[8,infinity)","[-2,0)",ask=1,521,3,0,518,0,0,0.00736135229534159866236858193471247895656846090137684062250019,1.00000000,518,518.00000000,0E-8,0E-8,-0.00736135229534159866236858193471247895656846090137684062250019
3,"[8,infinity)","[0,2)",ask=0,0,0,0,0,,,,,0,0,0,,
3,"[8,infinity)","[0,2)","(0,0.90)",0,0,0,0,,,,,0,0,0,,
3,"[8,infinity)","[0,2)","[0.90,0.95)",0,0,0,0,,,,,0,0,0,,
3,"[8,infinity)","[0,2)","[0.95,0.98)",0,0,0,0,,,,,0,0,0,,
3,"[8,infinity)","[0,2)","[0.98,1)",1,0,0,1,0,0,0.793450685622762572644686990659235135454905747938657255997644,0.99900000,1,0.99900000,0.00100000,0.00100000,-0.792450685622762572644686990659235135454905747938657255997644
3,"[8,infinity)","[0,2)",ask=1,703,4,0,699,0,0,0.00546561215546355725847412857081191477902719955187847825698898,1.00000000,699,699.00000000,0E-8,0E-8,-0.00546561215546355725847412857081191477902719955187847825698898
3,"[8,infinity)",>=2,ask=0,0,0,0,0,,,,,0,0,0,,
3,"[8,infinity)",>=2,"(0,0.90)",0,0,0,0,,,,,0,0,0,,
3,"[8,infinity)",>=2,"[0.90,0.95)",0,0,0,0,,,,,0,0,0,,
3,"[8,infinity)",>=2,"[0.95,0.98)",0,0,0,0,,,,,0,0,0,,
3,"[8,infinity)",>=2,"[0.98,1)",0,0,0,0,,,,,0,0,0,,
3,"[8,infinity)",>=2,ask=1,608,4,0,604,0,0,0.00631983680110788379504040300811947196276948466530994156410319,1.00000000,604,604.00000000,0E-8,0E-8,-0.00631983680110788379504040300811947196276948466530994156410319
