t_sec,utc_market_start_date,x_bin,y_bin,N,U,L,resolved,loss_rate,wilson_95_low,wilson_95_high
120,2026-08-16,"[0,1)",<-2,1,0,0,1,0,0,0.793450685622762572644686990659235135454905747938657255997644
120,2026-08-16,"[0,1)","[-2,0)",77,0,32,77,0.415584415584415584415584415584415584415584415584415584415584,0.312091846422286427340550601631835174771850231932479165571435,0.527099576027994650597320365437445595084618600995964678410581
120,2026-08-16,"[0,1)","[0,2)",86,0,20,86,0.232558139534883720930232558139534883720930232558139534883721,0.155891089360156692161383746474902923961190075682660697818019,0.332095853374077518945090432657612017589431329133908023027377
120,2026-08-16,"[0,1)",>=2,0,0,0,0,,,
120,2026-08-16,"[1,2)",<-2,1,0,0,1,0,0,0.793450685622762572644686990659235135454905747938657255997644
120,2026-08-16,"[1,2)","[-2,0)",15,0,2,15,0.133333333333333333333333333333333333333333333333333333333333,0.037361259103065351046643193402398148733014991019704808316858,0.378819828323223614151173391621803939039422047268381567073774
120,2026-08-16,"[1,2)","[0,2)",21,0,3,21,0.142857142857142857142857142857142857142857142857142857142857,0.049810124997252692267020762353178509554809845763770065999945,0.346360602806209415952719912649412012302267632850122471841473
120,2026-08-16,"[1,2)",>=2,1,0,0,1,0,0,0.793450685622762572644686990659235135454905747938657255997644
120,2026-08-16,"[2,4)",<-2,0,0,0,0,,,
120,2026-08-16,"[2,4)","[-2,0)",15,0,2,15,0.133333333333333333333333333333333333333333333333333333333333,0.037361259103065351046643193402398148733014991019704808316858,0.378819828323223614151173391621803939039422047268381567073774
120,2026-08-16,"[2,4)","[0,2)",18,0,0,18,0,0,0.175879223646657630299759265673340687198492408383498668745102
120,2026-08-16,"[2,4)",>=2,1,0,0,1,0,0,0.793450685622762572644686990659235135454905747938657255997644
120,2026-08-16,"[4,8)",<-2,0,0,0,0,,,
120,2026-08-16,"[4,8)","[-2,0)",2,0,0,2,0,0,0.657619772493346908066213171022805867761678469589830388837810
120,2026-08-16,"[4,8)","[0,2)",11,0,0,11,0,0,0.258832966968031690622885270690496860752291234813264358589584
120,2026-08-16,"[4,8)",>=2,1,0,0,1,0,0,0.793450685622762572644686990659235135454905747938657255997644
120,2026-08-16,"[8,infinity)",<-2,0,0,0,0,,,
120,2026-08-16,"[8,infinity)","[-2,0)",1,0,0,1,0,0,0.793450685622762572644686990659235135454905747938657255997644
120,2026-08-16,"[8,infinity)","[0,2)",4,0,0,4,0,0,0.489890836454597301712536589852471046460117866669254129450196
120,2026-08-16,"[8,infinity)",>=2,2,0,0,2,0,0,0.657619772493346908066213171022805867761678469589830388837810
120,2026-08-17,"[0,1)",<-2,4,0,3,4,0.75,0.300641842582401915564942608623946450489900204040067862450985,0.954412739190299433578789096449818026280040862625305072823917
120,2026-08-17,"[0,1)","[-2,0)",23,0,14,23,0.608695652173913043478260869565217391304347826086956521739130,0.407855223913817099649036455004428501460890953747340096003370,0.778423772075220544071947832682005175856660476592682190701576
120,2026-08-17,"[0,1)","[0,2)",20,0,4,20,0.2,0.080657662579798049939120321766488120248982155602954004412897,0.416017432251893562859500123908731180537701340419302760569137
120,2026-08-17,"[0,1)",>=2,2,0,0,2,0,0,0.657619772493346908066213171022805867761678469589830388837810
120,2026-08-17,"[1,2)",<-2,2,0,2,2,1,0.342380227506653091933786828977194132238321530410169611162190,1
120,2026-08-17,"[1,2)","[-2,0)",14,0,3,14,0.214285714285714285714285714285714285714285714285714285714286,0.075713867126931825281250264689792498900596000422290639585996,0.475892305866002918432702153041222910105435401510432455143186
120,2026-08-17,"[1,2)","[0,2)",26,1,4,25,0.16,0.064034514566764395140854100598757675913518437423819251002634,0.346536216071788568744812767092052526026891862255960015365702
120,2026-08-17,"[1,2)",>=2,4,0,1,4,0.25,0.045587260809700566421210903550181973719959137374694927176083,0.699358157417598084435057391376053549510099795959932137549015
120,2026-08-17,"[2,4)",<-2,5,0,4,5,0.8,0.375534629762525314372013921647583449989903515711330528044035,0.963775891367569828977116355437082786924683344958530986278769
120,2026-08-17,"[2,4)","[-2,0)",27,0,9,27,0.333333333333333333333333333333333333333333333333333333333333,0.186432614987156474437145424364940294285606066628546568913894,0.521752394926799213416487086042784607893362644588436069876828
120,2026-08-17,"[2,4)","[0,2)",38,0,3,38,0.0789473684210526315789473684210526315789473684210526315789474,0.0272145955069877090241016848455267081007737216747746252163808,0.207993714577714568539159826607115013644858593406663968630985
120,2026-08-17,"[2,4)",>=2,8,0,1,8,0.125,0.022417491450056672799680864765156704300662439077102905272333,0.470888182212853486868029343093234641378134238715551447740093
120,2026-08-17,"[4,8)",<-2,7,0,1,7,0.142857142857142857142857142857142857142857142857142857142857,0.025679624344743560607128914884008804252331158419792918804746,0.513127829274318868525875970782987437609875590583912171444036
120,2026-08-17,"[4,8)","[-2,0)",22,0,3,22,0.136363636363636363636363636363636363636363636363636363636364,0.047490037140552535789798900094415495959800057247582919467239,0.333349871665717191673131755267916108571847594875751010615389
120,2026-08-17,"[4,8)","[0,2)",28,0,0,28,0,0,0.120643304765845633983553520438697530858973767234507701423027
120,2026-08-17,"[4,8)",>=2,5,0,0,5,0,0,0.434482464783174761084782871525556271809021898883564142795326
120,2026-08-17,"[8,infinity)",<-2,4,0,0,4,0,0,0.489890836454597301712536589852471046460117866669254129450196
120,2026-08-17,"[8,infinity)","[-2,0)",9,0,1,9,0.111111111111111111111111111111111111111111111111111111111111,0.019890887638544909123336039549747145430433888416815277180683,0.434999705576656016633305779504184793145793726478044666290525
120,2026-08-17,"[8,infinity)","[0,2)",13,0,0,13,0,1E-60,0.228095372354198371443420042369827223554730318588668470106495
120,2026-08-17,"[8,infinity)",>=2,7,0,1,7,0.142857142857142857142857142857142857142857142857142857142857,0.025679624344743560607128914884008804252331158419792918804746,0.513127829274318868525875970782987437609875590583912171444036
120,2026-08-18,"[0,1)",<-2,2,0,1,2,0.5,0.094531205734230729793326600900495328768115141516490687279156,0.905468794265769270206673399099504671231884858483509312720844
120,2026-08-18,"[0,1)","[-2,0)",19,0,10,19,0.526315789473684210526315789473684210526315789473684210526316,0.317078092451131665699309202447060395044279823815893260518723,0.726701948388204321055969170105674700300081334705134208267733
120,2026-08-18,"[0,1)","[0,2)",37,0,5,37,0.135135135135135135135135135135135135135135135135135135135135,0.059132944257320159561422454931960486027789860454905182014630,0.279774117840097866965879975405738558676949365345192941923450
120,2026-08-18,"[0,1)",>=2,1,0,1,1,1,0.206549314377237427355313009340764864545094252061342744002356,1
120,2026-08-18,"[1,2)",<-2,1,0,1,1,1,0.206549314377237427355313009340764864545094252061342744002356,1
120,2026-08-18,"[1,2)","[-2,0)",21,0,6,21,0.285714285714285714285714285714285714285714285714285714285714,0.138138629521221322205660455079870450016372965038988376202783,0.499563807160855942726183949921683863097873522129347146502069
120,2026-08-18,"[1,2)","[0,2)",32,0,4,32,0.125,0.049701343874800734251915537179920360463557332137381733086422,0.280683054816502226300307650057195715244499069673680443074724
120,2026-08-18,"[1,2)",>=2,5,0,0,5,0,0,0.434482464783174761084782871525556271809021898883564142795326
120,2026-08-18,"[2,4)",<-2,3,0,1,3,0.333333333333333333333333333333333333333333333333333333333333,0.061491944720396241873444442939187390780210775328990142673567,0.792340399197952247054735144859082924781055214487972948705729
120,2026-08-18,"[2,4)","[-2,0)",24,0,5,24,0.208333333333333333333333333333333333333333333333333333333333,0.092448253528518542672528380641883353183047365726363204809818,0.404704532531886565080973528552955577948701618610473456905110
120,2026-08-18,"[2,4)","[0,2)",34,0,4,34,0.117647058823529411764705882352941176470588235294117647058824,0.046714466648823360056136510906426551429869139551349690558171,0.266208427703718343041160101755146695437015102135900403020089
120,2026-08-18,"[2,4)",>=2,5,0,0,5,0,0,0.434482464783174761084782871525556271809021898883564142795326
120,2026-08-18,"[4,8)",<-2,2,0,0,2,0,0,0.657619772493346908066213171022805867761678469589830388837810
120,2026-08-18,"[4,8)","[-2,0)",23,0,0,23,0,0,0.143116618450426838883472276642405084339263420435897481157223
120,2026-08-18,"[4,8)","[0,2)",29,0,1,29,0.0344827586206896551724137931034482758620689655172413793103448,0.0061132142927626615476141681672883528681288405609873045015249,0.171755218793202857165572269807992843690317534420548570185849
120,2026-08-18,"[4,8)",>=2,6,0,0,6,0,0,0.390334287902165324898707055142237608185625673736798285240772
120,2026-08-18,"[8,infinity)",<-2,2,0,0,2,0,0,0.657619772493346908066213171022805867761678469589830388837810
120,2026-08-18,"[8,infinity)","[-2,0)",4,0,0,4,0,0,0.489890836454597301712536589852471046460117866669254129450196
120,2026-08-18,"[8,infinity)","[0,2)",4,0,0,4,0,0,0.489890836454597301712536589852471046460117866669254129450196
120,2026-08-18,"[8,infinity)",>=2,4,0,0,4,0,0,0.489890836454597301712536589852471046460117866669254129450196
120,2026-08-19,"[0,1)",<-2,6,0,6,6,1,0.609665712097834675101292944857762391814374326263201714759228,1
120,2026-08-19,"[0,1)","[-2,0)",12,0,9,12,0.75,0.467694665066434326415714289301558239082500245936392740124883,0.911058331605945248212517340254780038426815443173239229898411
120,2026-08-19,"[0,1)","[0,2)",19,0,10,19,0.526315789473684210526315789473684210526315789473684210526316,0.317078092451131665699309202447060395044279823815893260518723,0.726701948388204321055969170105674700300081334705134208267733
120,2026-08-19,"[0,1)",>=2,1,0,0,1,0,0,0.793450685622762572644686990659235135454905747938657255997644
120,2026-08-19,"[1,2)",<-2,5,0,2,5,0.4,0.117620774232647912731540971445135881574723095506224918639884,0.769275718723987039485415602859975372787081284270487909919182
120,2026-08-19,"[1,2)","[-2,0)",16,0,4,16,0.25,0.101820674912130485701751918906514901072285229200300249795238,0.494983165355087756496809596251068366151473924855139282042620
120,2026-08-19,"[1,2)","[0,2)",14,0,3,14,0.214285714285714285714285714285714285714285714285714285714286,0.075713867126931825281250264689792498900596000422290639585996,0.475892305866002918432702153041222910105435401510432455143186
120,2026-08-19,"[1,2)",>=2,5,0,1,5,0.2,0.036224108632430171022883644562917213075316655041469013721231,0.624465370237474685627986078352416550010096484288669471955965
120,2026-08-19,"[2,4)",<-2,1,0,1,1,1,0.206549314377237427355313009340764864545094252061342744002356,1
120,2026-08-19,"[2,4)","[-2,0)",17,0,2,17,0.117647058823529411764705882352941176470588235294117647058824,0.032879773763792665310938704743317837134545250753179513892103,0.343363505948858714021681156926404209102919132169967703537399
120,2026-08-19,"[2,4)","[0,2)",34,0,3,34,0.0882352941176470588235294117647058823529411764705882352941176,0.0304659436746485262547340091014398092037017454554646648861601,0.229604865628088692465431573764869841268327437900035435890426
120,2026-08-19,"[2,4)",>=2,5,0,3,5,0.6,0.230724281276012960514584397140024627212918715729512090080818,0.882379225767352087268459028554864118425276904493775081360116
120,2026-08-19,"[4,8)",<-2,9,0,4,9,0.444444444444444444444444444444444444444444444444444444444444,0.188778521097664603881993396599235158965601761006227848652283,0.733348706504506956940384006122755117973859326835895000415031
120,2026-08-19,"[4,8)","[-2,0)",14,0,3,14,0.214285714285714285714285714285714285714285714285714285714286,0.075713867126931825281250264689792498900596000422290639585996,0.475892305866002918432702153041222910105435401510432455143186
120,2026-08-19,"[4,8)","[0,2)",22,0,2,22,0.0909090909090909090909090909090909090909090909090909090909091,0.025295428990995267023842223700597917677176523865640344860014,0.278149468416058176371954763582025137420927084773110326482942
120,2026-08-19,"[4,8)",>=2,14,0,0,14,0,1E-60,0.215310802737635801499416731029276965760554953382265415776069
120,2026-08-19,"[8,infinity)",<-2,10,0,1,10,0.1,0.017876213095072907017716328005121013219916667655301041770911,0.404150026795238456603108413629514457559016823468113501651417
120,2026-08-19,"[8,infinity)","[-2,0)",11,0,0,11,0,0,0.258832966968031690622885270690496860752291234813264358589584
120,2026-08-19,"[8,infinity)","[0,2)",23,0,2,23,0.0869565217391304347826086956521739130434782608695652173913043,0.024180004484220365222411755371310499199468506027457807187888,0.267959810757436588637847951420241526993836058680457503333296
120,2026-08-19,"[8,infinity)",>=2,20,0,1,20,0.05,0.008881448800795391602879473430907108230127032845046417582298,0.236131193446742027595051195081921842949898211188338729890754
120,2026-08-20,"[0,1)",<-2,9,0,8,9,0.888888888888888888888888888888888888888888888888888888888889,0.565000294423343983366694220495815206854206273521955333709475,0.980109112361455090876663960450252854569566111583184722819317
120,2026-08-20,"[0,1)","[-2,0)",3,0,2,3,0.666666666666666666666666666666666666666666666666666666666667,0.207659600802047752945264855140917075218944785512027051294273,0.938508055279603758126555557060812609219789224671009857326435
120,2026-08-20,"[0,1)","[0,2)",5,1,3,4,0.75,0.300641842582401915564942608623946450489900204040067862450985,0.954412739190299433578789096449818026280040862625305072823917
120,2026-08-20,"[0,1)",>=2,2,0,1,2,0.5,0.094531205734230729793326600900495328768115141516490687279156,0.905468794265769270206673399099504671231884858483509312720844
120,2026-08-20,"[1,2)",<-2,4,0,4,4,1,0.510109163545402698287463410147528953539882133330745870549804,1
120,2026-08-20,"[1,2)","[-2,0)",11,0,5,11,0.454545454545454545454545454545454545454545454545454545454545,0.212712716224597650615783745391506803188695294069402798042938,0.719908462590677957622660370125811093243331181822712143647020
120,2026-08-20,"[1,2)","[0,2)",4,0,1,4,0.25,0.045587260809700566421210903550181973719959137374694927176083,0.699358157417598084435057391376053549510099795959932137549015
120,2026-08-20,"[1,2)",>=2,7,0,1,7,0.142857142857142857142857142857142857142857142857142857142857,0.025679624344743560607128914884008804252331158419792918804746,0.513127829274318868525875970782987437609875590583912171444036
120,2026-08-20,"[2,4)",<-2,10,2,4,8,0.5,0.215216062213877565705923948256803315914944444494181065997357,0.784783937786122434294076051743196684085055555505818934002643
120,2026-08-20,"[2,4)","[-2,0)",10,0,3,10,0.3,0.107791267406301033916036517513920312585037515119197519502943,0.603221852538854647894375853303397422804429230442509752208221
120,2026-08-20,"[2,4)","[0,2)",12,0,1,12,0.0833333333333333333333333333333333333333333333333333333333333,0.014865094404917114752602291403112818736709754550808213613698,0.353879911141116927533678326002990052081097430266471836347478
120,2026-08-20,"[2,4)",>=2,8,0,1,8,0.125,0.022417491450056672799680864765156704300662439077102905272333,0.470888182212853486868029343093234641378134238715551447740093
120,2026-08-20,"[4,8)",<-2,14,0,8,14,0.571428571428571428571428571428571428571428571428571428571429,0.325906445796507504326454765007192672790342035854246059277581,0.786192010955258809745057130560053474958150113662573167040123
120,2026-08-20,"[4,8)","[-2,0)",10,0,1,10,0.1,0.017876213095072907017716328005121013219916667655301041770911,0.404150026795238456603108413629514457559016823468113501651417
120,2026-08-20,"[4,8)","[0,2)",24,0,6,24,0.25,0.119993662285950042249541726488603848337992369205011494271910,0.448994440051540050110602767106972378346363903083705644340886
120,2026-08-20,"[4,8)",>=2,17,0,2,17,0.117647058823529411764705882352941176470588235294117647058824,0.032879773763792665310938704743317837134545250753179513892103,0.343363505948858714021681156926404209102919132169967703537399
120,2026-08-20,"[8,infinity)",<-2,24,0,3,24,0.125,0.043443340801234421585843376147046323510350215714335399843820,0.310038812705000716954373364246318016516184192718740308075374
120,2026-08-20,"[8,infinity)","[-2,0)",18,0,1,18,0.0555555555555555555555555555555555555555555555555555555555556,0.009875190978303082313508634846031297156082580064912900004554,0.257573007818725922397388490196938202575910671831530361102204
120,2026-08-20,"[8,infinity)","[0,2)",23,1,1,22,0.0454545454545454545454545454545454545454545454545454545454545,0.008069427621263850908248915147418683314924464397626624695992,0.217980458386573308420414404055495822349635100756540787907294
120,2026-08-20,"[8,infinity)",>=2,54,0,2,54,0.0370370370370370370370370370370370370370370370370370370370370,0.0102163679484455828915633976212042282228097888047535241813745,0.125351769172754774087629100192589621505464673568552437332739
120,2026-08-21,"[0,1)",<-2,5,0,3,5,0.6,0.230724281276012960514584397140024627212918715729512090080818,0.882379225767352087268459028554864118425276904493775081360116
120,2026-08-21,"[0,1)","[-2,0)",3,1,1,2,0.5,0.094531205734230729793326600900495328768115141516490687279156,0.905468794265769270206673399099504671231884858483509312720844
120,2026-08-21,"[0,1)","[0,2)",2,0,0,2,0,0,0.657619772493346908066213171022805867761678469589830388837810
120,2026-08-21,"[0,1)",>=2,5,0,2,5,0.4,0.117620774232647912731540971445135881574723095506224918639884,0.769275718723987039485415602859975372787081284270487909919182
120,2026-08-21,"[1,2)",<-2,6,0,3,6,0.5,0.187616306482650520497838086822922679765759317889977245350468,0.812383693517349479502161913177077320234240682110022754649532
120,2026-08-21,"[1,2)","[-2,0)",1,0,0,1,0,0,0.793450685622762572644686990659235135454905747938657255997644
120,2026-08-21,"[1,2)","[0,2)",2,1,1,1,1,0.206549314377237427355313009340764864545094252061342744002356,1
120,2026-08-21,"[1,2)",>=2,3,1,1,2,0.5,0.094531205734230729793326600900495328768115141516490687279156,0.905468794265769270206673399099504671231884858483509312720844
120,2026-08-21,"[2,4)",<-2,3,0,1,3,0.333333333333333333333333333333333333333333333333333333333333,0.061491944720396241873444442939187390780210775328990142673567,0.792340399197952247054735144859082924781055214487972948705729
120,2026-08-21,"[2,4)","[-2,0)",7,0,5,7,0.714285714285714285714285714285714285714285714285714285714286,0.358934451832619308467445818087655348393652408447444242747635,0.917781075995943234052751250512146906489023542150332703103099
120,2026-08-21,"[2,4)","[0,2)",8,0,4,8,0.5,0.215216062213877565705923948256803315914944444494181065997357,0.784783937786122434294076051743196684085055555505818934002643
120,2026-08-21,"[2,4)",>=2,8,0,4,8,0.5,0.215216062213877565705923948256803315914944444494181065997357,0.784783937786122434294076051743196684085055555505818934002643
120,2026-08-21,"[4,8)",<-2,13,2,6,11,0.545454545454545454545454545454545454545454545454545454545455,0.280091537409322042377339629874188906756668818177287856352977,0.787287283775402349384216254608493196811304705930597201957059
120,2026-08-21,"[4,8)","[-2,0)",10,0,3,10,0.3,0.107791267406301033916036517513920312585037515119197519502943,0.603221852538854647894375853303397422804429230442509752208221
120,2026-08-21,"[4,8)","[0,2)",9,1,2,8,0.25,0.071479212752109018118065833441354725591654990944167339215003,0.590724569689831088327074305130906171527542794250935562793281
120,2026-08-21,"[4,8)",>=2,21,3,3,18,0.166666666666666666666666666666666666666666666666666666666667,0.058365768058614472752002785628494752948292204767820389759216,0.392220381039157280781170058153732371850702734154512056070852
120,2026-08-21,"[8,infinity)",<-2,42,4,10,38,0.263157894736842105263157894736842105263157894736842105263158,0.149716212547981398174193023410382907677669562488543595310532,0.420088461874663632955141576781728060804248614744765613728612
120,2026-08-21,"[8,infinity)","[-2,0)",15,3,1,12,0.0833333333333333333333333333333333333333333333333333333333333,0.014865094404917114752602291403112818736709754550808213613698,0.353879911141116927533678326002990052081097430266471836347478
120,2026-08-21,"[8,infinity)","[0,2)",26,2,2,24,0.0833333333333333333333333333333333333333333333333333333333333,0.023158815297043336041234637343711646272452416356485321686888,0.258488021932106817892339518648915398201474704124709909334440
120,2026-08-21,"[8,infinity)",>=2,66,4,1,62,0.0161290322580645161290322580645161290322580645161290322580645,0.0028528671686218249189631315838232756019970229482181082719327,0.0858672026068999291352247002234400747674624755978106770977997
120,2026-08-22,"[0,1)",<-2,5,0,4,5,0.8,0.375534629762525314372013921647583449989903515711330528044035,0.963775891367569828977116355437082786924683344958530986278769
120,2026-08-22,"[0,1)","[-2,0)",12,0,7,12,0.583333333333333333333333333333333333333333333333333333333333,0.319511312549549752881214112345423516650972787903234512239240,0.806739686341243438661529764173355909185465775133309477768524
120,2026-08-22,"[0,1)","[0,2)",11,0,4,11,0.363636363636363636363636363636363636363636363636363636363636,0.151664710953675735823076310869293598159801899314499705495715,0.646198825492151088892256035682660091136277528361845119574169
120,2026-08-22,"[0,1)",>=2,3,0,0,3,0,0,0.561497031755045466784538763394810946683797969450889274137888
120,2026-08-22,"[1,2)",<-2,6,0,5,6,0.833333333333333333333333333333333333333333333333333333333333,0.436497177813529786730157242962737082064354641683022744644003,0.969946630251693330004038053609104512478561575825778398528811
120,2026-08-22,"[1,2)","[-2,0)",10,0,2,10,0.2,0.056682151454375262761345565444990352367463172866835521618743,0.509837528463358259954272990780986250716736945475725385948003
120,2026-08-22,"[1,2)","[0,2)",8,0,1,8,0.125,0.022417491450056672799680864765156704300662439077102905272333,0.470888182212853486868029343093234641378134238715551447740093
120,2026-08-22,"[1,2)",>=2,6,0,1,6,0.166666666666666666666666666666666666666666666666666666666667,0.030053369748306669995961946390895487521438424174221601471187,0.563502822186470213269842757037262917935645358316977255355995
120,2026-08-22,"[2,4)",<-2,4,0,1,4,0.25,0.045587260809700566421210903550181973719959137374694927176083,0.699358157417598084435057391376053549510099795959932137549015
120,2026-08-22,"[2,4)","[-2,0)",20,0,8,20,0.4,0.218806532372817056513006093329533861874587220349665837214626,0.613418499237746814419867388562205905054307278324419751112718
120,2026-08-22,"[2,4)","[0,2)",18,0,1,18,0.0555555555555555555555555555555555555555555555555555555555556,0.009875190978303082313508634846031297156082580064912900004554,0.257573007818725922397388490196938202575910671831530361102204
120,2026-08-22,"[2,4)",>=2,5,0,0,5,0,0,0.434482464783174761084782871525556271809021898883564142795326
120,2026-08-22,"[4,8)",<-2,12,0,3,12,0.25,0.088941668394054751787482659745219961573184556826760770101589,0.532305334933565673584285710698441760917499754063607259875117
120,2026-08-22,"[4,8)","[-2,0)",19,0,3,19,0.157894736842105263157894736842105263157894736842105263157895,0.055204716385341409053692396938765178205972216622661334906490,0.375654752703290763127688759875678582317332722603981570869620
120,2026-08-22,"[4,8)","[0,2)",30,0,2,30,0.0666666666666666666666666666666666666666666666666666666666667,0.0184770237912703765362779464103957177312677045105401814965852,0.213234583626169206745999160266768802898238831656577235452483
120,2026-08-22,"[4,8)",>=2,16,0,1,16,0.0625,0.011119344764642533342375492137967463627461582798491024199936,0.283287375702989390505107159387803254014116936798528156516316
120,2026-08-22,"[8,infinity)",<-2,15,0,2,15,0.133333333333333333333333333333333333333333333333333333333333,0.037361259103065351046643193402398148733014991019704808316858,0.378819828323223614151173391621803939039422047268381567073774
120,2026-08-22,"[8,infinity)","[-2,0)",15,0,3,15,0.2,0.070475493469815601292869981180142450272527228424155432722199,0.451854487151693552050798133839659257904921257447915238051955
120,2026-08-22,"[8,infinity)","[0,2)",22,0,0,22,0,0,0.148654874608620875261529651123205956231015521669584153863614
120,2026-08-22,"[8,infinity)",>=2,29,0,2,29,0.0689655172413793103448275862068965517241379310344827586206897,0.019121266169433369731641860115366784181408767949552531228754,0.219645801502756925373160397269152842261597134811128834222518
120,2026-08-23,"[0,1)",<-2,6,0,4,6,0.666666666666666666666666666666666666666666666666666666666667,0.299993315138392039723859213822815746224455598651117838038035,0.903228588894219518643238434463105051047002510103282733548375
120,2026-08-23,"[0,1)","[-2,0)",10,0,7,10,0.7,0.396778147461145352105624146696602577195570769557490247791779,0.892208732593698966083963482486079687414962484880802480497057
120,2026-08-23,"[0,1)","[0,2)",9,0,3,9,0.333333333333333333333333333333333333333333333333333333333333,0.120583818386910953501667884258569432882612092860060290389413,0.645797864419603728965464323907401397935771170666308256812533
120,2026-08-23,"[0,1)",>=2,3,0,0,3,0,0,0.561497031755045466784538763394810946683797969450889274137888
120,2026-08-23,"[1,2)",<-2,7,0,5,7,0.714285714285714285714285714285714285714285714285714285714286,0.358934451832619308467445818087655348393652408447444242747635,0.917781075995943234052751250512146906489023542150332703103099
120,2026-08-23,"[1,2)","[-2,0)",15,0,3,15,0.2,0.070475493469815601292869981180142450272527228424155432722199,0.451854487151693552050798133839659257904921257447915238051955
120,2026-08-23,"[1,2)","[0,2)",18,0,4,18,0.222222222222222222222222222222222222222222222222222222222222,0.090009281086016933682117203527007223028466054211762594763476,0.452145843162126194262193499624848714304029728223514443428248
120,2026-08-23,"[1,2)",>=2,3,0,1,3,0.333333333333333333333333333333333333333333333333333333333333,0.061491944720396241873444442939187390780210775328990142673567,0.792340399197952247054735144859082924781055214487972948705729
120,2026-08-23,"[2,4)",<-2,9,0,6,9,0.666666666666666666666666666666666666666666666666666666666667,0.354202135580396271034535676092598602064228829333691743187467,0.879416181613089046498332115741430567117387907139939709610587
120,2026-08-23,"[2,4)","[-2,0)",19,0,6,19,0.315789473684210526315789473684210526315789473684210526315789,0.153643790877922806644665617190884495644517853115414396885455,0.539895923246725286068385774939969836944954037237393321609373
120,2026-08-23,"[2,4)","[0,2)",22,0,1,22,0.0454545454545454545454545454545454545454545454545454545454545,0.008069427621263850908248915147418683314924464397626624695992,0.217980458386573308420414404055495822349635100756540787907294
120,2026-08-23,"[2,4)",>=2,12,0,1,12,0.0833333333333333333333333333333333333333333333333333333333333,0.014865094404917114752602291403112818736709754550808213613698,0.353879911141116927533678326002990052081097430266471836347478
120,2026-08-23,"[4,8)",<-2,11,0,4,11,0.363636363636363636363636363636363636363636363636363636363636,0.151664710953675735823076310869293598159801899314499705495715,0.646198825492151088892256035682660091136277528361845119574169
120,2026-08-23,"[4,8)","[-2,0)",19,0,3,19,0.157894736842105263157894736842105263157894736842105263157895,0.055204716385341409053692396938765178205972216622661334906490,0.375654752703290763127688759875678582317332722603981570869620
120,2026-08-23,"[4,8)","[0,2)",29,0,0,29,0,0,0.116969798499740742321570618566042766673886847202390383923475
120,2026-08-23,"[4,8)",>=2,16,0,1,16,0.0625,0.011119344764642533342375492137967463627461582798491024199936,0.283287375702989390505107159387803254014116936798528156516316
120,2026-08-23,"[8,infinity)",<-2,12,0,0,12,0,0,0.242494006655240850743536740887323444981368621780736059953412
120,2026-08-23,"[8,infinity)","[-2,0)",16,0,0,16,0,0,0.193607680534436484397123030315166534447518308110879063675717
120,2026-08-23,"[8,infinity)","[0,2)",19,0,0,19,0,0,0.168179224052616251649710921498033188457137988100478093057389
120,2026-08-23,"[8,infinity)",>=2,15,0,0,15,0,0,0.203883301035848588906113525033002846962414143120117784623588
120,2026-08-24,"[0,1)",<-2,2,0,2,2,1,0.342380227506653091933786828977194132238321530410169611162190,1
120,2026-08-24,"[0,1)","[-2,0)",8,0,6,8,0.75,0.409275430310168911672925694869093828472457205749064437206719,0.928520787247890981881934166558645274408345009055832660784997
120,2026-08-24,"[0,1)","[0,2)",4,0,1,4,0.25,0.045587260809700566421210903550181973719959137374694927176083,0.699358157417598084435057391376053549510099795959932137549015
120,2026-08-24,"[0,1)",>=2,8,0,1,8,0.125,0.022417491450056672799680864765156704300662439077102905272333,0.470888182212853486868029343093234641378134238715551447740093
120,2026-08-24,"[1,2)",<-2,6,0,5,6,0.833333333333333333333333333333333333333333333333333333333333,0.436497177813529786730157242962737082064354641683022744644003,0.969946630251693330004038053609104512478561575825778398528811
120,2026-08-24,"[1,2)","[-2,0)",7,0,0,7,0,0,0.354330435066687400786206839933794738607089448605187126348296
120,2026-08-24,"[1,2)","[0,2)",8,0,3,8,0.375,0.136844285823597372584090192394652224791012586336676482048347,0.694257605397372680638479876891478223768586306260874968955795
120,2026-08-24,"[1,2)",>=2,9,0,1,9,0.111111111111111111111111111111111111111111111111111111111111,0.019890887638544909123336039549747145430433888416815277180683,0.434999705576656016633305779504184793145793726478044666290525
120,2026-08-24,"[2,4)",<-2,8,0,5,8,0.625,0.305742394602627319361520123108521776231413693739125031044205,0.863155714176402627415909807605347775208987413663323517951653
120,2026-08-24,"[2,4)","[-2,0)",11,0,5,11,0.454545454545454545454545454545454545454545454545454545454545,0.212712716224597650615783745391506803188695294069402798042938,0.719908462590677957622660370125811093243331181822712143647020
120,2026-08-24,"[2,4)","[0,2)",14,0,7,14,0.5,0.267992024524136346717374766445350250952205185470645542577707,0.732007975475863653282625233554649749047794814529354457422291
120,2026-08-24,"[2,4)",>=2,5,0,0,5,0,0,0.434482464783174761084782871525556271809021898883564142795326
120,2026-08-24,"[4,8)",<-2,18,0,11,18,0.611111111111111111111111111111111111111111111111111111111111,0.386190416022379019610787000614139658280083931004808228278728,0.796947534278363729211488718125117966786917756021080956444582
120,2026-08-24,"[4,8)","[-2,0)",19,0,5,19,0.263157894736842105263157894736842105263157894736842105263158,0.118064123467825079571574309424165595222785285617756813881775,0.487915508978151039630920337601218546677964287692995967040147
120,2026-08-24,"[4,8)","[0,2)",16,0,2,16,0.125,0.034977487743240464595820130995911566783344997213098451135723,0.360228272657586898702022141740463334052293733870060846621065
120,2026-08-24,"[4,8)",>=2,14,0,1,14,0.0714285714285714285714285714285714285714285714285714285714286,0.012722215247890934509444161201882906109675297161938508881200,0.314687044241511181061484465394640207399371805737146133212574
120,2026-08-24,"[8,infinity)",<-2,28,0,6,28,0.214285714285714285714285714285714285714285714285714285714286,0.102124603328978822465012787441959664727946060269864019748794,0.395385856537218682668446367094438924334324663864140381064364
120,2026-08-24,"[8,infinity)","[-2,0)",16,0,0,16,0,0,0.193607680534436484397123030315166534447518308110879063675717
120,2026-08-24,"[8,infinity)","[0,2)",23,0,2,23,0.0869565217391304347826086956521739130434782608695652173913043,0.024180004484220365222411755371310499199468506027457807187888,0.267959810757436588637847951420241526993836058680457503333296
120,2026-08-24,"[8,infinity)",>=2,48,0,2,48,0.0416666666666666666666666666666666666666666666666666666666667,0.0115018934893865973807568063985044394035325718464257200768037,0.139756558704554436408236444469459798532971463610011312568414
120,2026-08-25,"[0,1)",<-2,3,0,3,3,1,0.438502968244954533215461236605189053316202030549110725862112,1
120,2026-08-25,"[0,1)","[-2,0)",10,0,6,10,0.6,0.312673769733658296411782245652150902109484491397351823330735,0.831819670293763862683011568939190230195782135821794540813683
120,2026-08-25,"[0,1)","[0,2)",6,0,2,6,0.333333333333333333333333333333333333333333333333333333333333,0.096771411105780481356761565536894948952997489896717266451625,0.700006684861607960276140786177184253775544401348882161961965
120,2026-08-25,"[0,1)",>=2,4,0,0,4,0,0,0.489890836454597301712536589852471046460117866669254129450196
120,2026-08-25,"[1,2)",<-2,7,0,3,7,0.428571428571428571428571428571428571428571428571428571428571,0.158219855251469707611507071804452675421473342123943463411485,0.749541635472342778215093905328946572950968007676797554638273
120,2026-08-25,"[1,2)","[-2,0)",6,0,4,6,0.666666666666666666666666666666666666666666666666666666666667,0.299993315138392039723859213822815746224455598651117838038035,0.903228588894219518643238434463105051047002510103282733548375
120,2026-08-25,"[1,2)","[0,2)",9,0,4,9,0.444444444444444444444444444444444444444444444444444444444444,0.188778521097664603881993396599235158965601761006227848652283,0.733348706504506956940384006122755117973859326835895000415031
120,2026-08-25,"[1,2)",>=2,8,0,0,8,0,0,0.324407564883880212890280277144521794238395570390205804016566
120,2026-08-25,"[2,4)",<-2,11,0,6,11,0.545454545454545454545454545454545454545454545454545454545455,0.280091537409322042377339629874188906756668818177287856352977,0.787287283775402349384216254608493196811304705930597201957059
120,2026-08-25,"[2,4)","[-2,0)",12,0,10,12,0.833333333333333333333333333333333333333333333333333333333333,0.551969137747026611398718173219957040960783934933851618492523,0.953034857816146154772257332855160662384970317212324341538535
120,2026-08-25,"[2,4)","[0,2)",18,0,4,18,0.222222222222222222222222222222222222222222222222222222222222,0.090009281086016933682117203527007223028466054211762594763476,0.452145843162126194262193499624848714304029728223514443428248
120,2026-08-25,"[2,4)",>=2,9,0,1,9,0.111111111111111111111111111111111111111111111111111111111111,0.019890887638544909123336039549747145430433888416815277180683,0.434999705576656016633305779504184793145793726478044666290525
120,2026-08-25,"[4,8)",<-2,8,0,3,8,0.375,0.136844285823597372584090192394652224791012586336676482048347,0.694257605397372680638479876891478223768586306260874968955795
120,2026-08-25,"[4,8)","[-2,0)",14,0,4,14,0.285714285714285714285714285714285714285714285714285714285714,0.117213786445769208141222800557781432933232152290618529649279,0.546490843298931849644241512740480123821291399158923791397607
120,2026-08-25,"[4,8)","[0,2)",22,0,4,22,0.181818181818181818181818181818181818181818181818181818181818,0.073068845834220545556596194653184824056852455476297873469091,0.385166074371265465973468128788855329908339240131619315353207
120,2026-08-25,"[4,8)",>=2,18,0,2,18,0.111111111111111111111111111111111111111111111111111111111111,0.031019522645612380930110888542323719415287261322063555502170,0.327997651301787998191924095870274592850206834087324297966242
120,2026-08-25,"[8,infinity)",<-2,20,0,3,20,0.15,0.052368745896216610568279277675129617926203065534916488313913,0.360418864740756937696777908945959566324927679824383070831793
120,2026-08-25,"[8,infinity)","[-2,0)",20,0,0,20,0,0,0.161125158052819354664367409458698834644472493370427941636724
120,2026-08-25,"[8,infinity)","[0,2)",33,0,0,33,0,0,0.104269997542452055904110156546589646564609266108543906361983
120,2026-08-25,"[8,infinity)",>=2,36,0,0,36,0,0,0.0964186285944636615382445947927992309228324969090787481472514
120,2026-08-26,"[0,1)",<-2,6,0,3,6,0.5,0.187616306482650520497838086822922679765759317889977245350468,0.812383693517349479502161913177077320234240682110022754649532
120,2026-08-26,"[0,1)","[-2,0)",5,0,3,5,0.6,0.230724281276012960514584397140024627212918715729512090080818,0.882379225767352087268459028554864118425276904493775081360116
120,2026-08-26,"[0,1)","[0,2)",15,0,6,15,0.4,0.198244961413415748273736884158181227088065759331113024847060,0.642531698793753969507485820848419342304417069292910532077658
120,2026-08-26,"[0,1)",>=2,3,0,0,3,0,0,0.561497031755045466784538763394810946683797969450889274137888
120,2026-08-26,"[1,2)",<-2,2,0,1,2,0.5,0.094531205734230729793326600900495328768115141516490687279156,0.905468794265769270206673399099504671231884858483509312720844
120,2026-08-26,"[1,2)","[-2,0)",6,0,3,6,0.5,0.187616306482650520497838086822922679765759317889977245350468,0.812383693517349479502161913177077320234240682110022754649532
120,2026-08-26,"[1,2)","[0,2)",15,0,4,15,0.266666666666666666666666666666666666666666666666666666666667,0.108974533256923727565232658603039436468557973850178938979251,0.519504340559805613924286986412361892113901959605876027178425
120,2026-08-26,"[1,2)",>=2,4,0,0,4,0,0,0.489890836454597301712536589852471046460117866669254129450196
120,2026-08-26,"[2,4)",<-2,9,0,7,9,0.777777777777777777777777777777777777777777777777777777777778,0.452588969106988921455535757380339125374666112269483730116276,0.936774892882153274432577229009709489928028448519902024547146
120,2026-08-26,"[2,4)","[-2,0)",17,0,6,17,0.352941176470588235294117647058823529411764705882352941176471,0.173097203972437424052819538999194687372062747509333967143728,0.586996365147813106459726561643006099642346630538030347252234
120,2026-08-26,"[2,4)","[0,2)",18,0,2,18,0.111111111111111111111111111111111111111111111111111111111111,0.031019522645612380930110888542323719415287261322063555502170,0.327997651301787998191924095870274592850206834087324297966242
120,2026-08-26,"[2,4)",>=2,7,0,1,7,0.142857142857142857142857142857142857142857142857142857142857,0.025679624344743560607128914884008804252331158419792918804746,0.513127829274318868525875970782987437609875590583912171444036
120,2026-08-26,"[4,8)",<-2,16,0,6,16,0.375,0.184812325588636338717151440003495893824868698406163227915553,0.613589594544972782382129317575295739787010878621556538003377
120,2026-08-26,"[4,8)","[-2,0)",30,0,6,30,0.2,0.095051071772898722327712483244309301877627027214884599869842,0.373056964131482527636940898301419981635108267054658227248744
120,2026-08-26,"[4,8)","[0,2)",25,0,4,25,0.16,0.064034514566764395140854100598757675913518437423819251002634,0.346536216071788568744812767092052526026891862255960015365702
120,2026-08-26,"[4,8)",>=2,15,0,0,15,0,0,0.203883301035848588906113525033002846962414143120117784623588
120,2026-08-26,"[8,infinity)",<-2,16,0,1,16,0.0625,0.011119344764642533342375492137967463627461582798491024199936,0.283287375702989390505107159387803254014116936798528156516316
120,2026-08-26,"[8,infinity)","[-2,0)",17,0,1,17,0.0588235294117647058823529411764705882352941176470588235294118,0.010460400984997586936532462901059298475354490139491428714097,0.269820306375754004601105839025543062567873644002601514473789
120,2026-08-26,"[8,infinity)","[0,2)",20,0,0,20,0,0,0.161125158052819354664367409458698834644472493370427941636724
120,2026-08-26,"[8,infinity)",>=2,24,0,0,24,0,0,0.137976204674980184720288987191152453368712544577434277225593
120,2026-08-27,"[0,1)",<-2,7,0,6,7,0.857142857142857142857142857142857142857142857142857142857143,0.486872170725681131474124029217012562390124409416087828555966,0.974320375655256439392871085115991195747668841580207081195256
120,2026-08-27,"[0,1)","[-2,0)",16,0,8,16,0.5,0.279995636103260167401456419730349461246240644090779100039747,0.720004363896739832598543580269650538753759355909220899960253
120,2026-08-27,"[0,1)","[0,2)",11,0,7,11,0.636363636363636363636363636363636363636363636363636363636364,0.353801174507848911107743964317339908863722471638154880425828,0.848335289046324264176923689130706401840198100685500294504282
120,2026-08-27,"[0,1)",>=2,3,0,0,3,0,0,0.561497031755045466784538763394810946683797969450889274137888
120,2026-08-27,"[1,2)",<-2,7,0,3,7,0.428571428571428571428571428571428571428571428571428571428571,0.158219855251469707611507071804452675421473342123943463411485,0.749541635472342778215093905328946572950968007676797554638273
120,2026-08-27,"[1,2)","[-2,0)",9,0,4,9,0.444444444444444444444444444444444444444444444444444444444444,0.188778521097664603881993396599235158965601761006227848652283,0.733348706504506956940384006122755117973859326835895000415031
120,2026-08-27,"[1,2)","[0,2)",11,0,2,11,0.181818181818181818181818181818181818181818181818181818181818,0.051367689746085094133963649924377303658571388552538605220008,0.476980561960844163535145158696847971365613942692265986609726
120,2026-08-27,"[1,2)",>=2,8,0,0,8,0,0,0.324407564883880212890280277144521794238395570390205804016566
120,2026-08-27,"[2,4)",<-2,11,0,5,11,0.454545454545454545454545454545454545454545454545454545454545,0.212712716224597650615783745391506803188695294069402798042938,0.719908462590677957622660370125811093243331181822712143647020
120,2026-08-27,"[2,4)","[-2,0)",18,0,5,18,0.277777777777777777777777777777777777777777777777777777777778,0.124997533795539962289505111124471325974370160462675883944719,0.508726565602974540065943451397013423891626465485545746608661
120,2026-08-27,"[2,4)","[0,2)",15,0,3,15,0.2,0.070475493469815601292869981180142450272527228424155432722199,0.451854487151693552050798133839659257904921257447915238051955
120,2026-08-27,"[2,4)",>=2,11,0,2,11,0.181818181818181818181818181818181818181818181818181818181818,0.051367689746085094133963649924377303658571388552538605220008,0.476980561960844163535145158696847971365613942692265986609726
120,2026-08-27,"[4,8)",<-2,9,0,6,9,0.666666666666666666666666666666666666666666666666666666666667,0.354202135580396271034535676092598602064228829333691743187467,0.879416181613089046498332115741430567117387907139939709610587
120,2026-08-27,"[4,8)","[-2,0)",22,0,5,22,0.227272727272727272727272727272727272727272727272727272727273,0.101230399852485124612616145999174203013607202781311260258080,0.434399531752217170984581845522574500385128536311189187303890
120,2026-08-27,"[4,8)","[0,2)",26,0,3,26,0.115384615384615384615384615384615384615384615384615384615385,0.040032446236106150684245386274921107314915090313885761839757,0.289759032117136384046068194443056556353734770591469834285847
120,2026-08-27,"[4,8)",>=2,16,0,1,16,0.0625,0.011119344764642533342375492137967463627461582798491024199936,0.283287375702989390505107159387803254014116936798528156516316
120,2026-08-27,"[8,infinity)",<-2,17,0,2,17,0.117647058823529411764705882352941176470588235294117647058824,0.032879773763792665310938704743317837134545250753179513892103,0.343363505948858714021681156926404209102919132169967703537399
120,2026-08-27,"[8,infinity)","[-2,0)",18,0,0,18,0,0,0.175879223646657630299759265673340687198492408383498668745102
120,2026-08-27,"[8,infinity)","[0,2)",16,0,0,16,0,0,0.193607680534436484397123030315166534447518308110879063675717
120,2026-08-27,"[8,infinity)",>=2,25,0,0,25,0,0,0.133192250939048476302451276015897355794721028940851862306375
120,2026-08-28,"[0,1)",<-2,4,0,2,4,0.5,0.150038989152149514156900362816506811250894777823785469987184,0.849961010847850485843099637183493188749105222176214530012816
120,2026-08-28,"[0,1)","[-2,0)",11,0,4,11,0.363636363636363636363636363636363636363636363636363636363636,0.151664710953675735823076310869293598159801899314499705495715,0.646198825492151088892256035682660091136277528361845119574169
120,2026-08-28,"[0,1)","[0,2)",2,0,1,2,0.5,0.094531205734230729793326600900495328768115141516490687279156,0.905468794265769270206673399099504671231884858483509312720844
120,2026-08-28,"[0,1)",>=2,11,0,2,11,0.181818181818181818181818181818181818181818181818181818181818,0.051367689746085094133963649924377303658571388552538605220008,0.476980561960844163535145158696847971365613942692265986609726
120,2026-08-28,"[1,2)",<-2,6,0,5,6,0.833333333333333333333333333333333333333333333333333333333333,0.436497177813529786730157242962737082064354641683022744644003,0.969946630251693330004038053609104512478561575825778398528811
120,2026-08-28,"[1,2)","[-2,0)",13,0,6,13,0.461538461538461538461538461538461538461538461538461538461538,0.232060678095383034950759843274915123621957652733428285692996,0.708562042854939916698734006138148508959175448696469288930582
120,2026-08-28,"[1,2)","[0,2)",16,0,1,16,0.0625,0.011119344764642533342375492137967463627461582798491024199936,0.283287375702989390505107159387803254014116936798528156516316
120,2026-08-28,"[1,2)",>=2,2,0,1,2,0.5,0.094531205734230729793326600900495328768115141516490687279156,0.905468794265769270206673399099504671231884858483509312720844
120,2026-08-28,"[2,4)",<-2,5,0,4,5,0.8,0.375534629762525314372013921647583449989903515711330528044035,0.963775891367569828977116355437082786924683344958530986278769
120,2026-08-28,"[2,4)","[-2,0)",16,0,5,16,0.3125,0.141646438547820363828034100738176682019396125279199634880005,0.555956441652593317820887035630010768398423240262380013998389
120,2026-08-28,"[2,4)","[0,2)",18,0,2,18,0.111111111111111111111111111111111111111111111111111111111111,0.031019522645612380930110888542323719415287261322063555502170,0.327997651301787998191924095870274592850206834087324297966242
120,2026-08-28,"[2,4)",>=2,11,0,1,11,0.0909090909090909090909090909090909090909090909090909090909091,0.016232172885884845686826985683594359775015595838264491904934,0.377358436451595628459170053972266708113222687190769983304724
120,2026-08-28,"[4,8)",<-2,10,0,6,10,0.6,0.312673769733658296411782245652150902109484491397351823330735,0.831819670293763862683011568939190230195782135821794540813683
120,2026-08-28,"[4,8)","[-2,0)",15,0,2,15,0.133333333333333333333333333333333333333333333333333333333333,0.037361259103065351046643193402398148733014991019704808316858,0.378819828323223614151173391621803939039422047268381567073774
120,2026-08-28,"[4,8)","[0,2)",33,0,3,33,0.0909090909090909090909090909090909090909090909090909090909091,0.031403941524581649622349695486087097458947839972882484929817,0.235726056464697305208285887142940795184823377752289802093625
120,2026-08-28,"[4,8)",>=2,20,0,2,20,0.1,0.027866481213768216190008568038508467101765983679755710140331,0.301033645228487267541485359528450600613812011016586643169049
120,2026-08-28,"[8,infinity)",<-2,14,0,1,14,0.0714285714285714285714285714285714285714285714285714285714286,0.012722215247890934509444161201882906109675297161938508881200,0.314687044241511181061484465394640207399371805737146133212574
120,2026-08-28,"[8,infinity)","[-2,0)",10,0,0,10,0,0,0.277532799862889204526030927043294338473666863904268179277910
120,2026-08-28,"[8,infinity)","[0,2)",22,0,1,22,0.0454545454545454545454545454545454545454545454545454545454545,0.008069427621263850908248915147418683314924464397626624695992,0.217980458386573308420414404055495822349635100756540787907294
120,2026-08-28,"[8,infinity)",>=2,36,0,1,36,0.0277777777777777777777777777777777777777777777777777777777778,0.0049204071398104575389033865153290883044726737333094465569857,0.141697186532738556136105397455647963122646906680820482248752
120,2026-08-29,"[0,1)",<-2,6,0,5,6,0.833333333333333333333333333333333333333333333333333333333333,0.436497177813529786730157242962737082064354641683022744644003,0.969946630251693330004038053609104512478561575825778398528811
120,2026-08-29,"[0,1)","[-2,0)",31,0,13,31,0.419354838709677419354838709677419354838709677419354838709677,0.264155430673122304937673243717974970051471339300662199173808,0.592337375046302847888641555639038678965343557367687327209986
120,2026-08-29,"[0,1)","[0,2)",38,0,11,38,0.289473684210526315789473684210526315789473684210526315789474,0.170032778284830630750083391489072585010545754492535916590079,0.447571376757520508031547364237248275862270403048183380333605
120,2026-08-29,"[0,1)",>=2,3,0,0,3,0,0,0.561497031755045466784538763394810946683797969450889274137888
120,2026-08-29,"[1,2)",<-2,5,0,4,5,0.8,0.375534629762525314372013921647583449989903515711330528044035,0.963775891367569828977116355437082786924683344958530986278769
120,2026-08-29,"[1,2)","[-2,0)",12,0,5,12,0.416666666666666666666666666666666666666666666666666666666667,0.193260313658756561338470235826644090814534224866690522231476,0.680488687450450247118785887654576483349027212096765487760760
120,2026-08-29,"[1,2)","[0,2)",28,0,4,28,0.142857142857142857142857142857142857142857142857142857142857,0.056990053197493931238137525334682887966473253996392237531987,0.314898021635252950178686417835815348361365151171113263484459
120,2026-08-29,"[1,2)",>=2,3,0,0,3,0,0,0.561497031755045466784538763394810946683797969450889274137888
120,2026-08-29,"[2,4)",<-2,6,0,1,6,0.166666666666666666666666666666666666666666666666666666666667,0.030053369748306669995961946390895487521438424174221601471187,0.563502822186470213269842757037262917935645358316977255355995
120,2026-08-29,"[2,4)","[-2,0)",29,0,6,29,0.206896551724137931034482758620689655172413793103448275862069,0.098460701978410351632174843757828265834222591626607674702956,0.383900904038679049039090691263645080147021422250655653803910
120,2026-08-29,"[2,4)","[0,2)",40,0,1,40,0.025,0.0044268315026814024331593102211685406100739576634491517407483,0.128813689634740900470668942621064723090364463171793286366078
120,2026-08-29,"[2,4)",>=2,6,0,0,6,0,0,0.390334287902165324898707055142237608185625673736798285240772
120,2026-08-29,"[4,8)",<-2,4,0,0,4,0,0,0.489890836454597301712536589852471046460117866669254129450196
120,2026-08-29,"[4,8)","[-2,0)",15,0,0,15,0,0,0.203883301035848588906113525033002846962414143120117784623588
120,2026-08-29,"[4,8)","[0,2)",25,0,0,25,0,0,0.133192250939048476302451276015897355794721028940851862306375
120,2026-08-29,"[4,8)",>=2,3,0,0,3,0,0,0.561497031755045466784538763394810946683797969450889274137888
120,2026-08-29,"[8,infinity)",<-2,1,0,0,1,0,0,0.793450685622762572644686990659235135454905747938657255997644
120,2026-08-29,"[8,infinity)","[-2,0)",5,0,0,5,0,0,0.434482464783174761084782871525556271809021898883564142795326
120,2026-08-29,"[8,infinity)","[0,2)",4,0,0,4,0,0,0.489890836454597301712536589852471046460117866669254129450196
120,2026-08-29,"[8,infinity)",>=2,5,0,0,5,0,0,0.434482464783174761084782871525556271809021898883564142795326
120,2026-08-30,"[0,1)",<-2,8,0,8,8,1,0.675592435116119787109719722855478205761604429609794195983434,1
120,2026-08-30,"[0,1)","[-2,0)",20,0,12,20,0.6,0.386581500762253185580132611437794094945692721675580248887282,0.781193467627182943486993906670466138125412779650334162785374
120,2026-08-30,"[0,1)","[0,2)",23,0,9,23,0.391304347826086956521739130434782608695652173913043478260870,0.221576227924779455928052167317994824143339523407317809298420,0.592144776086182900350963544995571498539109046252659903996626
120,2026-08-30,"[0,1)",>=2,5,0,0,5,0,0,0.434482464783174761084782871525556271809021898883564142795326
120,2026-08-30,"[1,2)",<-2,4,0,2,4,0.5,0.150038989152149514156900362816506811250894777823785469987184,0.849961010847850485843099637183493188749105222176214530012816
120,2026-08-30,"[1,2)","[-2,0)",14,0,8,14,0.571428571428571428571428571428571428571428571428571428571429,0.325906445796507504326454765007192672790342035854246059277581,0.786192010955258809745057130560053474958150113662573167040123
120,2026-08-30,"[1,2)","[0,2)",36,0,4,36,0.111111111111111111111111111111111111111111111111111111111111,0.044066403003156485830822589017943874728866937598732008878799,0.253148085903648584254478762487566638211113893330551461902397
120,2026-08-30,"[1,2)",>=2,9,0,0,9,0,0,0.299145048419544047401396624497912492455149790579105641605840
120,2026-08-30,"[2,4)",<-2,7,0,5,7,0.714285714285714285714285714285714285714285714285714285714286,0.358934451832619308467445818087655348393652408447444242747635,0.917781075995943234052751250512146906489023542150332703103099
120,2026-08-30,"[2,4)","[-2,0)",26,0,4,26,0.153846153846153846153846153846153846153846153846153846153846,0.061500337235783556095747511313141847554567688565456285858741,0.335311993282134725161534711333038049747217186249363750654303
120,2026-08-30,"[2,4)","[0,2)",17,0,3,17,0.176470588235294117647058823529411764705882352941176470588235,0.061911266376209947495501877980454047838807415740616665674494,0.410294585688341219632099543432387683592893215963584825996620
120,2026-08-30,"[2,4)",>=2,3,0,0,3,0,0,0.561497031755045466784538763394810946683797969450889274137888
120,2026-08-30,"[4,8)",<-2,7,0,1,7,0.142857142857142857142857142857142857142857142857142857142857,0.025679624344743560607128914884008804252331158419792918804746,0.513127829274318868525875970782987437609875590583912171444036
120,2026-08-30,"[4,8)","[-2,0)",18,0,2,18,0.111111111111111111111111111111111111111111111111111111111111,0.031019522645612380930110888542323719415287261322063555502170,0.327997651301787998191924095870274592850206834087324297966242
120,2026-08-30,"[4,8)","[0,2)",33,0,2,33,0.0606060606060606060606060606060606060606060606060606060606061,0.0167808830871918781743903978907815694008796926141472372517821,0.196062448086478110347403376044100241216504207905482256217840
120,2026-08-30,"[4,8)",>=2,8,0,0,8,0,0,0.324407564883880212890280277144521794238395570390205804016566
120,2026-08-30,"[8,infinity)",<-2,7,0,0,7,0,0,0.354330435066687400786206839933794738607089448605187126348296
120,2026-08-30,"[8,infinity)","[-2,0)",9,0,0,9,0,0,0.299145048419544047401396624497912492455149790579105641605840
120,2026-08-30,"[8,infinity)","[0,2)",11,0,1,11,0.0909090909090909090909090909090909090909090909090909090909091,0.016232172885884845686826985683594359775015595838264491904934,0.377358436451595628459170053972266708113222687190769983304724
120,2026-08-30,"[8,infinity)",>=2,11,0,0,11,0,0,0.258832966968031690622885270690496860752291234813264358589584
120,2026-08-31,"[0,1)",<-2,5,0,4,5,0.8,0.375534629762525314372013921647583449989903515711330528044035,0.963775891367569828977116355437082786924683344958530986278769
120,2026-08-31,"[0,1)","[-2,0)",6,0,3,6,0.5,0.187616306482650520497838086822922679765759317889977245350468,0.812383693517349479502161913177077320234240682110022754649532
120,2026-08-31,"[0,1)","[0,2)",8,0,3,8,0.375,0.136844285823597372584090192394652224791012586336676482048347,0.694257605397372680638479876891478223768586306260874968955795
120,2026-08-31,"[0,1)",>=2,6,0,1,6,0.166666666666666666666666666666666666666666666666666666666667,0.030053369748306669995961946390895487521438424174221601471187,0.563502822186470213269842757037262917935645358316977255355995
120,2026-08-31,"[1,2)",<-2,6,0,5,6,0.833333333333333333333333333333333333333333333333333333333333,0.436497177813529786730157242962737082064354641683022744644003,0.969946630251693330004038053609104512478561575825778398528811
120,2026-08-31,"[1,2)","[-2,0)",7,0,3,7,0.428571428571428571428571428571428571428571428571428571428571,0.158219855251469707611507071804452675421473342123943463411485,0.749541635472342778215093905328946572950968007676797554638273
120,2026-08-31,"[1,2)","[0,2)",11,0,5,11,0.454545454545454545454545454545454545454545454545454545454545,0.212712716224597650615783745391506803188695294069402798042938,0.719908462590677957622660370125811093243331181822712143647020
120,2026-08-31,"[1,2)",>=2,6,0,3,6,0.5,0.187616306482650520497838086822922679765759317889977245350468,0.812383693517349479502161913177077320234240682110022754649532
120,2026-08-31,"[2,4)",<-2,8,0,3,8,0.375,0.136844285823597372584090192394652224791012586336676482048347,0.694257605397372680638479876891478223768586306260874968955795
120,2026-08-31,"[2,4)","[-2,0)",22,0,6,22,0.272727272727272727272727272727272727272727272727272727272727,0.131507602879894713682579465269777680330870955349776675678211,0.481517340124023865981752194331679572501408827227307030623431
120,2026-08-31,"[2,4)","[0,2)",28,0,3,28,0.107142857142857142857142857142857142857142857142857142857143,0.037118366829300001262786171955497541377300487391947206585936,0.271958515486721568295720165532050518583321758292308844532156
120,2026-08-31,"[2,4)",>=2,7,0,0,7,0,0,0.354330435066687400786206839933794738607089448605187126348296
120,2026-08-31,"[4,8)",<-2,14,0,6,14,0.428571428571428571428571428571428571428571428571428571428571,0.213807989044741190254942869439946525041849886337426832959876,0.674093554203492495673545234992807327209657964145753940722418
120,2026-08-31,"[4,8)","[-2,0)",18,0,3,18,0.166666666666666666666666666666666666666666666666666666666667,0.058365768058614472752002785628494752948292204767820389759216,0.392220381039157280781170058153732371850702734154512056070852
120,2026-08-31,"[4,8)","[0,2)",24,0,1,24,0.0416666666666666666666666666666666666666666666666666666666667,0.0073934561655057863804228563948425017522169721780705972927653,0.202418064786559382946508715197047247169102860351244156830695
120,2026-08-31,"[4,8)",>=2,15,0,2,15,0.133333333333333333333333333333333333333333333333333333333333,0.037361259103065351046643193402398148733014991019704808316858,0.378819828323223614151173391621803939039422047268381567073774
120,2026-08-31,"[8,infinity)",<-2,20,0,1,20,0.05,0.008881448800795391602879473430907108230127032845046417582298,0.236131193446742027595051195081921842949898211188338729890754
120,2026-08-31,"[8,infinity)","[-2,0)",15,0,1,15,0.0666666666666666666666666666666666666666666666666666666666667,0.011866895493268551900400658175721432353582667454859885236678,0.298165298737800225151564396852881035013842923249242194770432
120,2026-08-31,"[8,infinity)","[0,2)",17,0,1,17,0.0588235294117647058823529411764705882352941176470588235294118,0.010460400984997586936532462901059298475354490139491428714097,0.269820306375754004601105839025543062567873644002601514473789
120,2026-08-31,"[8,infinity)",>=2,31,0,0,31,0,0,0.110255395460435947523151756013484623904252359343767063579533
120,2026-09-01,"[0,1)",<-2,7,0,5,7,0.714285714285714285714285714285714285714285714285714285714286,0.358934451832619308467445818087655348393652408447444242747635,0.917781075995943234052751250512146906489023542150332703103099
120,2026-09-01,"[0,1)","[-2,0)",10,0,4,10,0.4,0.168180329706236137316988431060809769804217864178205459186317,0.687326230266341703588217754347849097890515508602648176669265
120,2026-09-01,"[0,1)","[0,2)",7,0,3,7,0.428571428571428571428571428571428571428571428571428571428571,0.158219855251469707611507071804452675421473342123943463411485,0.749541635472342778215093905328946572950968007676797554638273
120,2026-09-01,"[0,1)",>=2,7,0,1,7,0.142857142857142857142857142857142857142857142857142857142857,0.025679624344743560607128914884008804252331158419792918804746,0.513127829274318868525875970782987437609875590583912171444036
120,2026-09-01,"[1,2)",<-2,2,0,2,2,1,0.342380227506653091933786828977194132238321530410169611162190,1
120,2026-09-01,"[1,2)","[-2,0)",6,0,2,6,0.333333333333333333333333333333333333333333333333333333333333,0.096771411105780481356761565536894948952997489896717266451625,0.700006684861607960276140786177184253775544401348882161961965
120,2026-09-01,"[1,2)","[0,2)",8,0,3,8,0.375,0.136844285823597372584090192394652224791012586336676482048347,0.694257605397372680638479876891478223768586306260874968955795
120,2026-09-01,"[1,2)",>=2,7,0,0,7,0,0,0.354330435066687400786206839933794738607089448605187126348296
120,2026-09-01,"[2,4)",<-2,10,0,3,10,0.3,0.107791267406301033916036517513920312585037515119197519502943,0.603221852538854647894375853303397422804429230442509752208221
120,2026-09-01,"[2,4)","[-2,0)",14,0,8,14,0.571428571428571428571428571428571428571428571428571428571429,0.325906445796507504326454765007192672790342035854246059277581,0.786192010955258809745057130560053474958150113662573167040123
120,2026-09-01,"[2,4)","[0,2)",21,0,2,21,0.0952380952380952380952380952380952380952380952380952380952381,0.026518767438074516559365149362529860371980708722242404452705,0.289141390739182539423007615640406064399373767040169138434235
120,2026-09-01,"[2,4)",>=2,14,0,1,14,0.0714285714285714285714285714285714285714285714285714285714286,0.012722215247890934509444161201882906109675297161938508881200,0.314687044241511181061484465394640207399371805737146133212574
120,2026-09-01,"[4,8)",<-2,25,0,8,25,0.32,0.172051903069079844846484222851864409337514076807663330592308,0.515897307268977606622398236513858638748585493611043339837988
120,2026-09-01,"[4,8)","[-2,0)",25,0,6,25,0.24,0.114963136934014443353757481952088755742474912872925082669733,0.434296833554290764323517181576177869270780022176317885729583
120,2026-09-01,"[4,8)","[0,2)",16,0,1,16,0.0625,0.011119344764642533342375492137967463627461582798491024199936,0.283287375702989390505107159387803254014116936798528156516316
120,2026-09-01,"[4,8)",>=2,15,0,2,15,0.133333333333333333333333333333333333333333333333333333333333,0.037361259103065351046643193402398148733014991019704808316858,0.378819828323223614151173391621803939039422047268381567073774
120,2026-09-01,"[8,infinity)",<-2,18,0,3,18,0.166666666666666666666666666666666666666666666666666666666667,0.058365768058614472752002785628494752948292204767820389759216,0.392220381039157280781170058153732371850702734154512056070852
120,2026-09-01,"[8,infinity)","[-2,0)",16,0,0,16,0,0,0.193607680534436484397123030315166534447518308110879063675717
120,2026-09-01,"[8,infinity)","[0,2)",17,0,0,17,0,0,0.184318135008851803742656742183482675848991885361038668946270
120,2026-09-01,"[8,infinity)",>=2,25,0,0,25,0,0,0.133192250939048476302451276015897355794721028940851862306375
120,2026-09-02,"[0,1)",<-2,8,0,7,8,0.875,0.529111817787146513131970656906765358621865761284448552259907,0.977582508549943327200319135234843295699337560922897094727667
120,2026-09-02,"[0,1)","[-2,0)",11,0,5,11,0.454545454545454545454545454545454545454545454545454545454545,0.212712716224597650615783745391506803188695294069402798042938,0.719908462590677957622660370125811093243331181822712143647020
120,2026-09-02,"[0,1)","[0,2)",9,0,4,9,0.444444444444444444444444444444444444444444444444444444444444,0.188778521097664603881993396599235158965601761006227848652283,0.733348706504506956940384006122755117973859326835895000415031
120,2026-09-02,"[0,1)",>=2,3,0,0,3,0,0,0.561497031755045466784538763394810946683797969450889274137888
120,2026-09-02,"[1,2)",<-2,5,0,5,5,1,0.565517535216825238915217128474443728190978101116435857204674,1
120,2026-09-02,"[1,2)","[-2,0)",9,0,4,9,0.444444444444444444444444444444444444444444444444444444444444,0.188778521097664603881993396599235158965601761006227848652283,0.733348706504506956940384006122755117973859326835895000415031
120,2026-09-02,"[1,2)","[0,2)",9,0,1,9,0.111111111111111111111111111111111111111111111111111111111111,0.019890887638544909123336039549747145430433888416815277180683,0.434999705576656016633305779504184793145793726478044666290525
120,2026-09-02,"[1,2)",>=2,4,0,0,4,0,0,0.489890836454597301712536589852471046460117866669254129450196
120,2026-09-02,"[2,4)",<-2,6,0,4,6,0.666666666666666666666666666666666666666666666666666666666667,0.299993315138392039723859213822815746224455598651117838038035,0.903228588894219518643238434463105051047002510103282733548375
120,2026-09-02,"[2,4)","[-2,0)",12,0,1,12,0.0833333333333333333333333333333333333333333333333333333333333,0.014865094404917114752602291403112818736709754550808213613698,0.353879911141116927533678326002990052081097430266471836347478
120,2026-09-02,"[2,4)","[0,2)",20,0,3,20,0.15,0.052368745896216610568279277675129617926203065534916488313913,0.360418864740756937696777908945959566324927679824383070831793
120,2026-09-02,"[2,4)",>=2,17,0,3,17,0.176470588235294117647058823529411764705882352941176470588235,0.061911266376209947495501877980454047838807415740616665674494,0.410294585688341219632099543432387683592893215963584825996620
120,2026-09-02,"[4,8)",<-2,14,0,6,14,0.428571428571428571428571428571428571428571428571428571428571,0.213807989044741190254942869439946525041849886337426832959876,0.674093554203492495673545234992807327209657964145753940722418
120,2026-09-02,"[4,8)","[-2,0)",25,0,1,25,0.04,0.0070962335019872584745440387132685775454577814223994890371650,0.195440637361937339723711135221356989785685565203184224284701
120,2026-09-02,"[4,8)","[0,2)",24,0,0,24,0,0,0.137976204674980184720288987191152453368712544577434277225593
120,2026-09-02,"[4,8)",>=2,13,0,1,13,0.0769230769230769230769230769230769230769230769230769230769231,0.013710421242556579808253714622779269798387965952631085614768,0.333139509210995888336178628920920688594076149776242235244574
120,2026-09-02,"[8,infinity)",<-2,11,0,3,11,0.272727272727272727272727272727272727272727272727272727272727,0.097460592900248919005850618788623962973850320004186318086270,0.565645301176129122186369958797965519186282059456388390363538
120,2026-09-02,"[8,infinity)","[-2,0)",13,0,1,13,0.0769230769230769230769230769230769230769230769230769230769231,0.013710421242556579808253714622779269798387965952631085614768,0.333139509210995888336178628920920688594076149776242235244574
120,2026-09-02,"[8,infinity)","[0,2)",29,0,0,29,0,0,0.116969798499740742321570618566042766673886847202390383923475
120,2026-09-02,"[8,infinity)",>=2,25,0,0,25,0,0,0.133192250939048476302451276015897355794721028940851862306375
120,2026-09-03,"[0,1)",<-2,7,0,5,7,0.714285714285714285714285714285714285714285714285714285714286,0.358934451832619308467445818087655348393652408447444242747635,0.917781075995943234052751250512146906489023542150332703103099
120,2026-09-03,"[0,1)","[-2,0)",9,0,7,9,0.777777777777777777777777777777777777777777777777777777777778,0.452588969106988921455535757380339125374666112269483730116276,0.936774892882153274432577229009709489928028448519902024547146
120,2026-09-03,"[0,1)","[0,2)",7,0,3,7,0.428571428571428571428571428571428571428571428571428571428571,0.158219855251469707611507071804452675421473342123943463411485,0.749541635472342778215093905328946572950968007676797554638273
120,2026-09-03,"[0,1)",>=2,7,0,2,7,0.285714285714285714285714285714285714285714285714285714285714,0.082218924004056765947248749487853093510976457849667296896903,0.641065548167380691532554181912344651606347591552555757252367
120,2026-09-03,"[1,2)",<-2,8,0,5,8,0.625,0.305742394602627319361520123108521776231413693739125031044205,0.863155714176402627415909807605347775208987413663323517951653
120,2026-09-03,"[1,2)","[-2,0)",16,0,5,16,0.3125,0.141646438547820363828034100738176682019396125279199634880005,0.555956441652593317820887035630010768398423240262380013998389
120,2026-09-03,"[1,2)","[0,2)",11,0,4,11,0.363636363636363636363636363636363636363636363636363636363636,0.151664710953675735823076310869293598159801899314499705495715,0.646198825492151088892256035682660091136277528361845119574169
120,2026-09-03,"[1,2)",>=2,6,0,2,6,0.333333333333333333333333333333333333333333333333333333333333,0.096771411105780481356761565536894948952997489896717266451625,0.700006684861607960276140786177184253775544401348882161961965
120,2026-09-03,"[2,4)",<-2,13,0,9,13,0.692307692307692307692307692307692307692307692307692307692308,0.423693431805490370773350061321219707975876617654543130131933,0.873192963442894870979180691613462129118457875195968996750189
120,2026-09-03,"[2,4)","[-2,0)",14,0,5,14,0.357142857142857142857142857142857142857142857142857142857143,0.163447317535541338500216372646456652210237362581367019688061,0.612355768960926033356759836219051052292778338384994527676529
120,2026-09-03,"[2,4)","[0,2)",11,0,1,11,0.0909090909090909090909090909090909090909090909090909090909091,0.016232172885884845686826985683594359775015595838264491904934,0.377358436451595628459170053972266708113222687190769983304724
120,2026-09-03,"[2,4)",>=2,9,0,0,9,0,0,0.299145048419544047401396624497912492455149790579105641605840
120,2026-09-03,"[4,8)",<-2,16,0,8,16,0.5,0.279995636103260167401456419730349461246240644090779100039747,0.720004363896739832598543580269650538753759355909220899960253
120,2026-09-03,"[4,8)","[-2,0)",11,0,3,11,0.272727272727272727272727272727272727272727272727272727272727,0.097460592900248919005850618788623962973850320004186318086270,0.565645301176129122186369958797965519186282059456388390363538
120,2026-09-03,"[4,8)","[0,2)",22,0,2,22,0.0909090909090909090909090909090909090909090909090909090909091,0.025295428990995267023842223700597917677176523865640344860014,0.278149468416058176371954763582025137420927084773110326482942
120,2026-09-03,"[4,8)",>=2,13,0,0,13,0,1E-60,0.228095372354198371443420042369827223554730318588668470106495
120,2026-09-03,"[8,infinity)",<-2,15,0,3,15,0.2,0.070475493469815601292869981180142450272527228424155432722199,0.451854487151693552050798133839659257904921257447915238051955
120,2026-09-03,"[8,infinity)","[-2,0)",23,0,2,23,0.0869565217391304347826086956521739130434782608695652173913043,0.024180004484220365222411755371310499199468506027457807187888,0.267959810757436588637847951420241526993836058680457503333296
120,2026-09-03,"[8,infinity)","[0,2)",25,0,0,25,0,0,0.133192250939048476302451276015897355794721028940851862306375
120,2026-09-03,"[8,infinity)",>=2,31,0,0,31,0,0,0.110255395460435947523151756013484623904252359343767063579533
120,2026-09-04,"[0,1)",<-2,5,0,3,5,0.6,0.230724281276012960514584397140024627212918715729512090080818,0.882379225767352087268459028554864118425276904493775081360116
120,2026-09-04,"[0,1)","[-2,0)",10,0,4,10,0.4,0.168180329706236137316988431060809769804217864178205459186317,0.687326230266341703588217754347849097890515508602648176669265
120,2026-09-04,"[0,1)","[0,2)",14,0,5,14,0.357142857142857142857142857142857142857142857142857142857143,0.163447317535541338500216372646456652210237362581367019688061,0.612355768960926033356759836219051052292778338384994527676529
120,2026-09-04,"[0,1)",>=2,7,0,4,7,0.571428571428571428571428571428571428571428571428571428571429,0.250458364527657221784906094671053427049031992323202445361730,0.841780144748530292388492928195547324578526657876056536588518
120,2026-09-04,"[1,2)",<-2,3,0,1,3,0.333333333333333333333333333333333333333333333333333333333333,0.061491944720396241873444442939187390780210775328990142673567,0.792340399197952247054735144859082924781055214487972948705729
120,2026-09-04,"[1,2)","[-2,0)",7,0,2,7,0.285714285714285714285714285714285714285714285714285714285714,0.082218924004056765947248749487853093510976457849667296896903,0.641065548167380691532554181912344651606347591552555757252367
120,2026-09-04,"[1,2)","[0,2)",11,0,4,11,0.363636363636363636363636363636363636363636363636363636363636,0.151664710953675735823076310869293598159801899314499705495715,0.646198825492151088892256035682660091136277528361845119574169
120,2026-09-04,"[1,2)",>=2,5,0,0,5,0,0,0.434482464783174761084782871525556271809021898883564142795326
120,2026-09-04,"[2,4)",<-2,10,0,7,10,0.7,0.396778147461145352105624146696602577195570769557490247791779,0.892208732593698966083963482486079687414962484880802480497057
120,2026-09-04,"[2,4)","[-2,0)",19,0,7,19,0.368421052631578947368421052631578947368421052631578947368421,0.191495127451350752867900643315630812991974657560034220659804,0.589604668351969313355707493920693710286219549834828435407932
120,2026-09-04,"[2,4)","[0,2)",26,0,3,26,0.115384615384615384615384615384615384615384615384615384615385,0.040032446236106150684245386274921107314915090313885761839757,0.289759032117136384046068194443056556353734770591469834285847
120,2026-09-04,"[2,4)",>=2,6,0,0,6,0,0,0.390334287902165324898707055142237608185625673736798285240772
120,2026-09-04,"[4,8)",<-2,11,0,2,11,0.181818181818181818181818181818181818181818181818181818181818,0.051367689746085094133963649924377303658571388552538605220008,0.476980561960844163535145158696847971365613942692265986609726
120,2026-09-04,"[4,8)","[-2,0)",25,0,6,25,0.24,0.114963136934014443353757481952088755742474912872925082669733,0.434296833554290764323517181576177869270780022176317885729583
120,2026-09-04,"[4,8)","[0,2)",33,0,2,33,0.0606060606060606060606060606060606060606060606060606060606061,0.0167808830871918781743903978907815694008796926141472372517821,0.196062448086478110347403376044100241216504207905482256217840
120,2026-09-04,"[4,8)",>=2,14,0,0,14,0,1E-60,0.215310802737635801499416731029276965760554953382265415776069
120,2026-09-04,"[8,infinity)",<-2,14,0,3,14,0.214285714285714285714285714285714285714285714285714285714286,0.075713867126931825281250264689792498900596000422290639585996,0.475892305866002918432702153041222910105435401510432455143186
120,2026-09-04,"[8,infinity)","[-2,0)",16,0,1,16,0.0625,0.011119344764642533342375492137967463627461582798491024199936,0.283287375702989390505107159387803254014116936798528156516316
120,2026-09-04,"[8,infinity)","[0,2)",24,0,0,24,0,0,0.137976204674980184720288987191152453368712544577434277225593
120,2026-09-04,"[8,infinity)",>=2,13,0,1,13,0.0769230769230769230769230769230769230769230769230769230769231,0.013710421242556579808253714622779269798387965952631085614768,0.333139509210995888336178628920920688594076149776242235244574
120,2026-09-05,"[0,1)",<-2,4,0,4,4,1,0.510109163545402698287463410147528953539882133330745870549804,1
120,2026-09-05,"[0,1)","[-2,0)",32,0,11,32,0.34375,0.204104379244331775727316205526209488259680636229082270730265,0.516889120210377791169443455822588876618676197858860302670213
120,2026-09-05,"[0,1)","[0,2)",47,0,5,47,0.106382978723404255319148936170212765957446808510638297872340,0.0463047821810815912550847451171224428697345397942853511623902,0.225942693437383584141831733720101231322755689641523051944334
120,2026-09-05,"[0,1)",>=2,5,0,0,5,0,0,0.434482464783174761084782871525556271809021898883564142795326
120,2026-09-05,"[1,2)",<-2,2,0,1,2,0.5,0.094531205734230729793326600900495328768115141516490687279156,0.905468794265769270206673399099504671231884858483509312720844
120,2026-09-05,"[1,2)","[-2,0)",31,0,12,31,0.387096774193548387096774193548387096774193548387096774193548,0.237331014203802512320246423772708781889422720682867539080963,0.561758913803392701636594295327110326734118134652821797856351
120,2026-09-05,"[1,2)","[0,2)",33,0,7,33,0.212121212121212121212121212121212121212121212121212121212121,0.106760215330207979997677333284727587013921585883247618328535,0.377516449921506840068325484120884633735398900664095842910185
120,2026-09-05,"[1,2)",>=2,1,0,0,1,0,0,0.793450685622762572644686990659235135454905747938657255997644
120,2026-09-05,"[2,4)",<-2,2,0,1,2,0.5,0.094531205734230729793326600900495328768115141516490687279156,0.905468794265769270206673399099504671231884858483509312720844
120,2026-09-05,"[2,4)","[-2,0)",20,0,6,20,0.3,0.145477244867604303431226711957059457376177286834434003116503,0.518972818353523438434520251826420076481611710513737173538187
120,2026-09-05,"[2,4)","[0,2)",34,0,4,34,0.117647058823529411764705882352941176470588235294117647058824,0.046714466648823360056136510906426551429869139551349690558171,0.266208427703718343041160101755146695437015102135900403020089
120,2026-09-05,"[2,4)",>=2,4,0,0,4,0,0,0.489890836454597301712536589852471046460117866669254129450196
120,2026-09-05,"[4,8)",<-2,4,0,1,4,0.25,0.045587260809700566421210903550181973719959137374694927176083,0.699358157417598084435057391376053549510099795959932137549015
120,2026-09-05,"[4,8)","[-2,0)",17,0,0,17,0,0,0.184318135008851803742656742183482675848991885361038668946270
120,2026-09-05,"[4,8)","[0,2)",23,0,0,23,0,0,0.143116618450426838883472276642405084339263420435897481157223
120,2026-09-05,"[4,8)",>=2,7,0,0,7,0,0,0.354330435066687400786206839933794738607089448605187126348296
120,2026-09-05,"[8,infinity)",<-2,0,0,0,0,,,
120,2026-09-05,"[8,infinity)","[-2,0)",5,0,0,5,0,0,0.434482464783174761084782871525556271809021898883564142795326
120,2026-09-05,"[8,infinity)","[0,2)",5,0,0,5,0,0,0.434482464783174761084782871525556271809021898883564142795326
120,2026-09-05,"[8,infinity)",>=2,1,0,1,1,1,0.206549314377237427355313009340764864545094252061342744002356,1
120,2026-09-06,"[0,1)",<-2,2,0,1,2,0.5,0.094531205734230729793326600900495328768115141516490687279156,0.905468794265769270206673399099504671231884858483509312720844
120,2026-09-06,"[0,1)","[-2,0)",34,0,18,34,0.529411764705882352941176470588235294117647058823529411764706,0.367367129800689214133127569652817263150397759736683760876467,0.685484955249115270244003460142446333244457298595066231925209
120,2026-09-06,"[0,1)","[0,2)",40,0,10,40,0.25,0.141871186390963042369863918173666927800536208593702665501230,0.401939614207680274947940425427508474147062960266951249291836
120,2026-09-06,"[0,1)",>=2,4,0,0,4,0,0,0.489890836454597301712536589852471046460117866669254129450196
120,2026-09-06,"[1,2)",<-2,0,0,0,0,,,
120,2026-09-06,"[1,2)","[-2,0)",27,0,9,27,0.333333333333333333333333333333333333333333333333333333333333,0.186432614987156474437145424364940294285606066628546568913894,0.521752394926799213416487086042784607893362644588436069876828
120,2026-09-06,"[1,2)","[0,2)",33,0,7,33,0.212121212121212121212121212121212121212121212121212121212121,0.106760215330207979997677333284727587013921585883247618328535,0.377516449921506840068325484120884633735398900664095842910185
120,2026-09-06,"[1,2)",>=2,2,0,0,2,0,0,0.657619772493346908066213171022805867761678469589830388837810
120,2026-09-06,"[2,4)",<-2,4,0,2,4,0.5,0.150038989152149514156900362816506811250894777823785469987184,0.849961010847850485843099637183493188749105222176214530012816
120,2026-09-06,"[2,4)","[-2,0)",24,0,4,24,0.166666666666666666666666666666666666666666666666666666666667,0.066786763286329513647649829844765722752653150016095215726744,0.358530706496990609499209494949335912826488546368860969090318
120,2026-09-06,"[2,4)","[0,2)",27,0,2,27,0.0740740740740740740740740740740740740740740740740740740740741,0.020554654060988633298505495124932680615583322866860916595064,0.233695926830231457882999809250364291619558939132094715870118
120,2026-09-06,"[2,4)",>=2,8,0,0,8,0,0,0.324407564883880212890280277144521794238395570390205804016566
120,2026-09-06,"[4,8)",<-2,4,0,2,4,0.5,0.150038989152149514156900362816506811250894777823785469987184,0.849961010847850485843099637183493188749105222176214530012816
120,2026-09-06,"[4,8)","[-2,0)",12,0,2,12,0.166666666666666666666666666666666666666666666666666666666667,0.046965142183853845227742667144839337615029682787675658461465,0.448030862252973388601281826780042959039216065066148381507477
120,2026-09-06,"[4,8)","[0,2)",31,0,1,31,0.0322580645161290322580645161290322580645161290322580645161290,0.0057172215254168199874586339522331850026054923572925644219034,0.161941051647249066405167202318445979294920908319134688604112
120,2026-09-06,"[4,8)",>=2,3,0,0,3,0,0,0.561497031755045466784538763394810946683797969450889274137888
120,2026-09-06,"[8,infinity)",<-2,4,0,0,4,0,0,0.489890836454597301712536589852471046460117866669254129450196
120,2026-09-06,"[8,infinity)","[-2,0)",5,0,0,5,0,0,0.434482464783174761084782871525556271809021898883564142795326
120,2026-09-06,"[8,infinity)","[0,2)",6,0,0,6,0,0,0.390334287902165324898707055142237608185625673736798285240772
120,2026-09-06,"[8,infinity)",>=2,4,0,0,4,0,0,0.489890836454597301712536589852471046460117866669254129450196
120,2026-09-07,"[0,1)",<-2,4,0,3,4,0.75,0.300641842582401915564942608623946450489900204040067862450985,0.954412739190299433578789096449818026280040862625305072823917
120,2026-09-07,"[0,1)","[-2,0)",26,0,17,26,0.653846153846153846153846153846153846153846153846153846153846,0.462205711888108163383909281858041131350104837916274986939319,0.805877696770594822723965285854767803182435217721582774610441
120,2026-09-07,"[0,1)","[0,2)",32,0,13,32,0.40625,0.255196348426654370729876673517470976218460166460550848828119,0.577399751246171369408179123291808042708553933992214695212167
120,2026-09-07,"[0,1)",>=2,4,0,0,4,0,0,0.489890836454597301712536589852471046460117866669254129450196
120,2026-09-07,"[1,2)",<-2,3,0,1,3,0.333333333333333333333333333333333333333333333333333333333333,0.061491944720396241873444442939187390780210775328990142673567,0.792340399197952247054735144859082924781055214487972948705729
120,2026-09-07,"[1,2)","[-2,0)",12,0,4,12,0.333333333333333333333333333333333333333333333333333333333333,0.138120091091213166584033889791426812878694557127395399393403,0.609377911127200450330478357171014335448428316799516620591067
120,2026-09-07,"[1,2)","[0,2)",20,0,3,20,0.15,0.052368745896216610568279277675129617926203065534916488313913,0.360418864740756937696777908945959566324927679824383070831793
120,2026-09-07,"[1,2)",>=2,3,0,1,3,0.333333333333333333333333333333333333333333333333333333333333,0.061491944720396241873444442939187390780210775328990142673567,0.792340399197952247054735144859082924781055214487972948705729
120,2026-09-07,"[2,4)",<-2,5,0,3,5,0.6,0.230724281276012960514584397140024627212918715729512090080818,0.882379225767352087268459028554864118425276904493775081360116
120,2026-09-07,"[2,4)","[-2,0)",24,0,4,24,0.166666666666666666666666666666666666666666666666666666666667,0.066786763286329513647649829844765722752653150016095215726744,0.358530706496990609499209494949335912826488546368860969090318
120,2026-09-07,"[2,4)","[0,2)",40,0,8,40,0.2,0.104999897254377021681024148927591456616351534861328996657794,0.347573063463994959100341063393819025720767467771455701093886
120,2026-09-07,"[2,4)",>=2,8,0,2,8,0.25,0.071479212752109018118065833441354725591654990944167339215003,0.590724569689831088327074305130906171527542794250935562793281
120,2026-09-07,"[4,8)",<-2,11,0,2,11,0.181818181818181818181818181818181818181818181818181818181818,0.051367689746085094133963649924377303658571388552538605220008,0.476980561960844163535145158696847971365613942692265986609726
120,2026-09-07,"[4,8)","[-2,0)",21,0,2,21,0.0952380952380952380952380952380952380952380952380952380952381,0.026518767438074516559365149362529860371980708722242404452705,0.289141390739182539423007615640406064399373767040169138434235
120,2026-09-07,"[4,8)","[0,2)",26,0,1,26,0.0384615384615384615384615384615384615384615384615384615384615,0.0068219849935434809817954443958269886508791889728623281663195,0.188927789030347560694580852465746207751500644113564387184404
120,2026-09-07,"[4,8)",>=2,8,0,1,8,0.125,0.022417491450056672799680864765156704300662439077102905272333,0.470888182212853486868029343093234641378134238715551447740093
120,2026-09-07,"[8,infinity)",<-2,3,0,2,3,0.666666666666666666666666666666666666666666666666666666666667,0.207659600802047752945264855140917075218944785512027051294273,0.938508055279603758126555557060812609219789224671009857326435
120,2026-09-07,"[8,infinity)","[-2,0)",6,0,0,6,0,0,0.390334287902165324898707055142237608185625673736798285240772
120,2026-09-07,"[8,infinity)","[0,2)",10,0,0,10,0,0,0.277532799862889204526030927043294338473666863904268179277910
120,2026-09-07,"[8,infinity)",>=2,8,0,0,8,0,0,0.324407564883880212890280277144521794238395570390205804016566
120,2026-09-08,"[0,1)",<-2,8,0,5,8,0.625,0.305742394602627319361520123108521776231413693739125031044205,0.863155714176402627415909807605347775208987413663323517951653
120,2026-09-08,"[0,1)","[-2,0)",15,0,10,15,0.666666666666666666666666666666666666666666666666666666666667,0.417135477385197777891216953453571076241980493512555289888763,0.848236755602852692473411871535427974770548125447405448570041
120,2026-09-08,"[0,1)","[0,2)",10,0,6,10,0.6,0.312673769733658296411782245652150902109484491397351823330735,0.831819670293763862683011568939190230195782135821794540813683
120,2026-09-08,"[0,1)",>=2,6,0,2,6,0.333333333333333333333333333333333333333333333333333333333333,0.096771411105780481356761565536894948952997489896717266451625,0.700006684861607960276140786177184253775544401348882161961965
120,2026-09-08,"[1,2)",<-2,8,0,7,8,0.875,0.529111817787146513131970656906765358621865761284448552259907,0.977582508549943327200319135234843295699337560922897094727667
120,2026-09-08,"[1,2)","[-2,0)",10,0,4,10,0.4,0.168180329706236137316988431060809769804217864178205459186317,0.687326230266341703588217754347849097890515508602648176669265
120,2026-09-08,"[1,2)","[0,2)",13,0,2,13,0.153846153846153846153846153846153846153846153846153846153846,0.043258178358081204655316136859050533509986792180188296408137,0.422346310194825360190128507858522159720211120688889875204053
120,2026-09-08,"[1,2)",>=2,4,0,0,4,0,0,0.489890836454597301712536589852471046460117866669254129450196
120,2026-09-08,"[2,4)",<-2,9,0,5,9,0.555555555555555555555555555555555555555555555555555555555556,0.266651293495493043059615993877244882026140673164104999584969,0.811221478902335396118006603400764841034398238993772151347717
120,2026-09-08,"[2,4)","[-2,0)",22,0,7,22,0.318181818181818181818181818181818181818181818181818181818182,0.163605931813562455441857030285572026421639880528962676627027,0.526814022589572408289608297395593775844183945532704288414287
120,2026-09-08,"[2,4)","[0,2)",24,0,6,24,0.25,0.119993662285950042249541726488603848337992369205011494271910,0.448994440051540050110602767106972378346363903083705644340886
120,2026-09-08,"[2,4)",>=2,10,0,1,10,0.1,0.017876213095072907017716328005121013219916667655301041770911,0.404150026795238456603108413629514457559016823468113501651417
120,2026-09-08,"[4,8)",<-2,7,0,1,7,0.142857142857142857142857142857142857142857142857142857142857,0.025679624344743560607128914884008804252331158419792918804746,0.513127829274318868525875970782987437609875590583912171444036
120,2026-09-08,"[4,8)","[-2,0)",27,0,5,27,0.185185185185185185185185185185185185185185185185185185185185,0.081807071429765311984310354214518800853085437139524872993670,0.366986836185484320628106609888961569929411017381442333611030
120,2026-09-08,"[4,8)","[0,2)",26,0,2,26,0.0769230769230769230769230769230769230769230769230769230769231,0.021355088472276207476820064458348423215951869276070846894647,0.241415537716290580726524874331427006819562977719820308843517
120,2026-09-08,"[4,8)",>=2,18,0,0,18,0,0,0.175879223646657630299759265673340687198492408383498668745102
120,2026-09-08,"[8,infinity)",<-2,8,0,1,8,0.125,0.022417491450056672799680864765156704300662439077102905272333,0.470888182212853486868029343093234641378134238715551447740093
120,2026-09-08,"[8,infinity)","[-2,0)",10,0,1,10,0.1,0.017876213095072907017716328005121013219916667655301041770911,0.404150026795238456603108413629514457559016823468113501651417
120,2026-09-08,"[8,infinity)","[0,2)",17,0,0,17,0,0,0.184318135008851803742656742183482675848991885361038668946270
120,2026-09-08,"[8,infinity)",>=2,15,0,0,15,0,0,0.203883301035848588906113525033002846962414143120117784623588
120,2026-09-09,"[0,1)",<-2,2,0,2,2,1,0.342380227506653091933786828977194132238321530410169611162190,1
120,2026-09-09,"[0,1)","[-2,0)",11,0,4,11,0.363636363636363636363636363636363636363636363636363636363636,0.151664710953675735823076310869293598159801899314499705495715,0.646198825492151088892256035682660091136277528361845119574169
120,2026-09-09,"[0,1)","[0,2)",14,0,4,14,0.285714285714285714285714285714285714285714285714285714285714,0.117213786445769208141222800557781432933232152290618529649279,0.546490843298931849644241512740480123821291399158923791397607
120,2026-09-09,"[0,1)",>=2,5,0,0,5,0,0,0.434482464783174761084782871525556271809021898883564142795326
120,2026-09-09,"[1,2)",<-2,5,0,1,5,0.2,0.036224108632430171022883644562917213075316655041469013721231,0.624465370237474685627986078352416550010096484288669471955965
120,2026-09-09,"[1,2)","[-2,0)",18,0,9,18,0.5,0.290310215051699746431932884481690381866823849781509906255661,0.709689784948300253568067115518309618133176150218490093744339
120,2026-09-09,"[1,2)","[0,2)",9,0,4,9,0.444444444444444444444444444444444444444444444444444444444444,0.188778521097664603881993396599235158965601761006227848652283,0.733348706504506956940384006122755117973859326835895000415031
120,2026-09-09,"[1,2)",>=2,2,0,0,2,0,0,0.657619772493346908066213171022805867761678469589830388837810
120,2026-09-09,"[2,4)",<-2,8,0,5,8,0.625,0.305742394602627319361520123108521776231413693739125031044205,0.863155714176402627415909807605347775208987413663323517951653
120,2026-09-09,"[2,4)","[-2,0)",23,0,10,23,0.434782608695652173913043478260869565217391304347826086956522,0.256346353256742082744461858312136572935729472815015598436687,0.631886249149835331022947569076003220673739668980971029540339
120,2026-09-09,"[2,4)","[0,2)",22,0,7,22,0.318181818181818181818181818181818181818181818181818181818182,0.163605931813562455441857030285572026421639880528962676627027,0.526814022589572408289608297395593775844183945532704288414287
120,2026-09-09,"[2,4)",>=2,17,0,0,17,0,0,0.184318135008851803742656742183482675848991885361038668946270
120,2026-09-09,"[4,8)",<-2,6,0,1,6,0.166666666666666666666666666666666666666666666666666666666667,0.030053369748306669995961946390895487521438424174221601471187,0.563502822186470213269842757037262917935645358316977255355995
120,2026-09-09,"[4,8)","[-2,0)",21,0,2,21,0.0952380952380952380952380952380952380952380952380952380952381,0.026518767438074516559365149362529860371980708722242404452705,0.289141390739182539423007615640406064399373767040169138434235
120,2026-09-09,"[4,8)","[0,2)",18,0,3,18,0.166666666666666666666666666666666666666666666666666666666667,0.058365768058614472752002785628494752948292204767820389759216,0.392220381039157280781170058153732371850702734154512056070852
120,2026-09-09,"[4,8)",>=2,12,0,0,12,0,0,0.242494006655240850743536740887323444981368621780736059953412
120,2026-09-09,"[8,infinity)",<-2,9,0,0,9,0,0,0.299145048419544047401396624497912492455149790579105641605840
120,2026-09-09,"[8,infinity)","[-2,0)",11,0,1,11,0.0909090909090909090909090909090909090909090909090909090909091,0.016232172885884845686826985683594359775015595838264491904934,0.377358436451595628459170053972266708113222687190769983304724
120,2026-09-09,"[8,infinity)","[0,2)",16,0,1,16,0.0625,0.011119344764642533342375492137967463627461582798491024199936,0.283287375702989390505107159387803254014116936798528156516316
120,2026-09-09,"[8,infinity)",>=2,16,0,0,16,0,0,0.193607680534436484397123030315166534447518308110879063675717
120,2026-09-10,"[0,1)",<-2,4,0,3,4,0.75,0.300641842582401915564942608623946450489900204040067862450985,0.954412739190299433578789096449818026280040862625305072823917
120,2026-09-10,"[0,1)","[-2,0)",13,0,5,13,0.384615384615384615384615384615384615384615384615384615384615,0.177097077977625730236957828510987822609653347701816536660900,0.644771084873343124711523719728203075133745956587876187209832
120,2026-09-10,"[0,1)","[0,2)",14,0,2,14,0.142857142857142857142857142857142857142857142857142857142857,0.040093921271464938853036912695479508861184094884878533434050,0.399413794969703490789403609468289752396355157531025334977428
120,2026-09-10,"[0,1)",>=2,1,0,0,1,0,0,0.793450685622762572644686990659235135454905747938657255997644
120,2026-09-10,"[1,2)",<-2,4,0,3,4,0.75,0.300641842582401915564942608623946450489900204040067862450985,0.954412739190299433578789096449818026280040862625305072823917
120,2026-09-10,"[1,2)","[-2,0)",14,0,6,14,0.428571428571428571428571428571428571428571428571428571428571,0.213807989044741190254942869439946525041849886337426832959876,0.674093554203492495673545234992807327209657964145753940722418
120,2026-09-10,"[1,2)","[0,2)",13,0,4,13,0.307692307692307692307692307692307692307692307692307692307692,0.126807036557105129020819308386537870881542124804031003249814,0.576306568194509629226649938678780292024123382345456869868070
120,2026-09-10,"[1,2)",>=2,1,0,0,1,0,0,0.793450685622762572644686990659235135454905747938657255997644
120,2026-09-10,"[2,4)",<-2,5,0,5,5,1,0.565517535216825238915217128474443728190978101116435857204674,1
120,2026-09-10,"[2,4)","[-2,0)",20,0,6,20,0.3,0.145477244867604303431226711957059457376177286834434003116503,0.518972818353523438434520251826420076481611710513737173538187
120,2026-09-10,"[2,4)","[0,2)",28,0,8,28,0.285714285714285714285714285714285714285714285714285714285714,0.152539960566690945895028111200859726195371081852615794119422,0.470592884332957182955066254701439215601331961247887506490446
120,2026-09-10,"[2,4)",>=2,15,0,1,15,0.0666666666666666666666666666666666666666666666666666666666667,0.011866895493268551900400658175721432353582667454859885236678,0.298165298737800225151564396852881035013842923249242194770432
120,2026-09-10,"[4,8)",<-2,7,0,3,7,0.428571428571428571428571428571428571428571428571428571428571,0.158219855251469707611507071804452675421473342123943463411485,0.749541635472342778215093905328946572950968007676797554638273
120,2026-09-10,"[4,8)","[-2,0)",18,0,3,18,0.166666666666666666666666666666666666666666666666666666666667,0.058365768058614472752002785628494752948292204767820389759216,0.392220381039157280781170058153732371850702734154512056070852
120,2026-09-10,"[4,8)","[0,2)",30,0,2,30,0.0666666666666666666666666666666666666666666666666666666666667,0.0184770237912703765362779464103957177312677045105401814965852,0.213234583626169206745999160266768802898238831656577235452483
120,2026-09-10,"[4,8)",>=2,19,0,1,19,0.0526315789473684210526315789473684210526315789473684210526316,0.009351994062300372239682735531150055812641532410381552076884,0.246387311668987852920584931072353323333218772732151478553412
120,2026-09-10,"[8,infinity)",<-2,10,0,2,10,0.2,0.056682151454375262761345565444990352367463172866835521618743,0.509837528463358259954272990780986250716736945475725385948003
120,2026-09-10,"[8,infinity)","[-2,0)",10,0,0,10,0,0,0.277532799862889204526030927043294338473666863904268179277910
120,2026-09-10,"[8,infinity)","[0,2)",22,0,0,22,0,0,0.148654874608620875261529651123205956231015521669584153863614
120,2026-09-10,"[8,infinity)",>=2,20,0,0,20,0,0,0.161125158052819354664367409458698834644472493370427941636724
120,2026-09-11,"[0,1)",<-2,4,0,2,4,0.5,0.150038989152149514156900362816506811250894777823785469987184,0.849961010847850485843099637183493188749105222176214530012816
120,2026-09-11,"[0,1)","[-2,0)",7,0,5,7,0.714285714285714285714285714285714285714285714285714285714286,0.358934451832619308467445818087655348393652408447444242747635,0.917781075995943234052751250512146906489023542150332703103099
120,2026-09-11,"[0,1)","[0,2)",16,0,7,16,0.4375,0.230986524054923527912832932780537613323215956624559931070890,0.668214436011881032636807446008858203482723831889299951888574
120,2026-09-11,"[0,1)",>=2,5,0,1,5,0.2,0.036224108632430171022883644562917213075316655041469013721231,0.624465370237474685627986078352416550010096484288669471955965
120,2026-09-11,"[1,2)",<-2,2,0,1,2,0.5,0.094531205734230729793326600900495328768115141516490687279156,0.905468794265769270206673399099504671231884858483509312720844
120,2026-09-11,"[1,2)","[-2,0)",22,0,11,22,0.5,0.307221062737250211763682041771577052134887192618043900349209,0.692778937262749788236317958228422947865112807381956099650789
120,2026-09-11,"[1,2)","[0,2)",19,0,4,19,0.210526315789473684210526315789473684210526315789473684210526,0.085076766329162492394245251408520388737694231196638160466287,0.433342784438141653297692650511393562474333025072059682882727
120,2026-09-11,"[1,2)",>=2,1,0,0,1,0,0,0.793450685622762572644686990659235135454905747938657255997644
120,2026-09-11,"[2,4)",<-2,7,0,4,7,0.571428571428571428571428571428571428571428571428571428571429,0.250458364527657221784906094671053427049031992323202445361730,0.841780144748530292388492928195547324578526657876056536588518
120,2026-09-11,"[2,4)","[-2,0)",21,0,8,21,0.380952380952380952380952380952380952380952380952380952380952,0.207510113685644904776427498819374179544394730160009930620811,0.591213462248842464630152726181489327741297762711287581992995
120,2026-09-11,"[2,4)","[0,2)",27,0,6,27,0.222222222222222222222222222222222222222222222222222222222222,0.106072394523600380740224020849676229842787454659828244297480,0.407569288666325765682496829829865273788827064035142820353726
120,2026-09-11,"[2,4)",>=2,11,0,0,11,0,0,0.258832966968031690622885270690496860752291234813264358589584
120,2026-09-11,"[4,8)",<-2,13,0,5,13,0.384615384615384615384615384615384615384615384615384615384615,0.177097077977625730236957828510987822609653347701816536660900,0.644771084873343124711523719728203075133745956587876187209832
120,2026-09-11,"[4,8)","[-2,0)",16,0,0,16,0,0,0.193607680534436484397123030315166534447518308110879063675717
120,2026-09-11,"[4,8)","[0,2)",28,0,1,28,0.0357142857142857142857142857142857142857142857142857142857143,0.0063325198490377551974348209979893972185220571404245483427960,0.177121977433533190644436305123658310007667869577332602978587
120,2026-09-11,"[4,8)",>=2,15,0,1,15,0.0666666666666666666666666666666666666666666666666666666666667,0.011866895493268551900400658175721432353582667454859885236678,0.298165298737800225151564396852881035013842923249242194770432
120,2026-09-11,"[8,infinity)",<-2,21,0,4,21,0.190476190476190476190476190476190476190476190476190476190476,0.076675650527617916116719757819186510335372431410581805767678,0.400005646902049244340388827183058608607428050054791727028218
120,2026-09-11,"[8,infinity)","[-2,0)",8,0,0,8,0,0,0.324407564883880212890280277144521794238395570390205804016566
120,2026-09-11,"[8,infinity)","[0,2)",15,0,0,15,0,0,0.203883301035848588906113525033002846962414143120117784623588
120,2026-09-11,"[8,infinity)",>=2,19,0,2,19,0.105263157894736842105263157894736842105263157894736842105263,0.029358560298870137791490101209690328416178648443629948669908,0.313940827111090060879334310499283241418403973740958019533294
120,2026-09-12,"[0,1)",<-2,1,0,1,1,1,0.206549314377237427355313009340764864545094252061342744002356,1
120,2026-09-12,"[0,1)","[-2,0)",50,0,21,50,0.42,0.293750033547119824033233243166843371175215905411848603785569,0.557665582314217570183731615216439241933676700121249405289897
120,2026-09-12,"[0,1)","[0,2)",52,0,11,52,0.211538461538461538461538461538461538461538461538461538461538,0.122443705324874868945570611994125865224858239628144616370377,0.340321046285045705039489594972606452817168858436631395236631
120,2026-09-12,"[0,1)",>=2,2,0,0,2,0,0,0.657619772493346908066213171022805867761678469589830388837810
120,2026-09-12,"[1,2)",<-2,1,0,0,1,0,0,0.793450685622762572644686990659235135454905747938657255997644
120,2026-09-12,"[1,2)","[-2,0)",24,0,11,24,0.458333333333333333333333333333333333333333333333333333333333,0.278913337312109895414292966598297964628605541388228995750397,0.649251346410805119979064449000964739818787170659890527351735
120,2026-09-12,"[1,2)","[0,2)",26,0,4,26,0.153846153846153846153846153846153846153846153846153846153846,0.061500337235783556095747511313141847554567688565456285858741,0.335311993282134725161534711333038049747217186249363750654303
120,2026-09-12,"[1,2)",>=2,6,0,1,6,0.166666666666666666666666666666666666666666666666666666666667,0.030053369748306669995961946390895487521438424174221601471187,0.563502822186470213269842757037262917935645358316977255355995
120,2026-09-12,"[2,4)",<-2,3,0,3,3,1,0.438502968244954533215461236605189053316202030549110725862112,1
120,2026-09-12,"[2,4)","[-2,0)",21,0,4,21,0.190476190476190476190476190476190476190476190476190476190476,0.076675650527617916116719757819186510335372431410581805767678,0.400005646902049244340388827183058608607428050054791727028218
120,2026-09-12,"[2,4)","[0,2)",31,0,1,31,0.0322580645161290322580645161290322580645161290322580645161290,0.0057172215254168199874586339522331850026054923572925644219034,0.161941051647249066405167202318445979294920908319134688604112
120,2026-09-12,"[2,4)",>=2,4,0,0,4,0,0,0.489890836454597301712536589852471046460117866669254129450196
120,2026-09-12,"[4,8)",<-2,0,0,0,0,,,
120,2026-09-12,"[4,8)","[-2,0)",10,0,0,10,0,0,0.277532799862889204526030927043294338473666863904268179277910
120,2026-09-12,"[4,8)","[0,2)",10,0,0,10,0,0,0.277532799862889204526030927043294338473666863904268179277910
120,2026-09-12,"[4,8)",>=2,3,0,0,3,0,0,0.561497031755045466784538763394810946683797969450889274137888
120,2026-09-12,"[8,infinity)",<-2,0,0,0,0,,,
120,2026-09-12,"[8,infinity)","[-2,0)",0,0,0,0,,,
120,2026-09-12,"[8,infinity)","[0,2)",1,0,0,1,0,0,0.793450685622762572644686990659235135454905747938657255997644
120,2026-09-12,"[8,infinity)",>=2,0,0,0,0,,,
90,2026-08-16,"[0,1)",<-2,0,0,0,0,,,
90,2026-08-16,"[0,1)","[-2,0)",70,0,31,70,0.442857142857142857142857142857142857142857142857142857142857,0.332495289093053317737164365448628195875312370371336785125412,0.559164489468120044249393191685165712886986273516764003027722
90,2026-08-16,"[0,1)","[0,2)",86,0,16,86,0.186046511627906976744186046511627906976744186046511627906977,0.117891083402738152408764299316235005851978982273548166241670,0.281050110241797660629270606621934708142228753815467288663794
90,2026-08-16,"[0,1)",>=2,3,0,1,3,0.333333333333333333333333333333333333333333333333333333333333,0.061491944720396241873444442939187390780210775328990142673567,0.792340399197952247054735144859082924781055214487972948705729
90,2026-08-16,"[1,2)",<-2,1,0,0,1,0,0,0.793450685622762572644686990659235135454905747938657255997644
90,2026-08-16,"[1,2)","[-2,0)",17,0,3,17,0.176470588235294117647058823529411764705882352941176470588235,0.061911266376209947495501877980454047838807415740616665674494,0.410294585688341219632099543432387683592893215963584825996620
90,2026-08-16,"[1,2)","[0,2)",21,0,0,21,0,0,0.154639018924846951507636945003626730599908470059449552977985
90,2026-08-16,"[1,2)",>=2,1,0,0,1,0,0,0.793450685622762572644686990659235135454905747938657255997644
90,2026-08-16,"[2,4)",<-2,0,0,0,0,,,
90,2026-08-16,"[2,4)","[-2,0)",14,0,0,14,0,1E-60,0.215310802737635801499416731029276965760554953382265415776069
90,2026-08-16,"[2,4)","[0,2)",15,0,1,15,0.0666666666666666666666666666666666666666666666666666666666667,0.011866895493268551900400658175721432353582667454859885236678,0.298165298737800225151564396852881035013842923249242194770432
90,2026-08-16,"[2,4)",>=2,3,0,0,3,0,0,0.561497031755045466784538763394810946683797969450889274137888
90,2026-08-16,"[4,8)",<-2,0,0,0,0,,,
90,2026-08-16,"[4,8)","[-2,0)",5,0,0,5,0,0,0.434482464783174761084782871525556271809021898883564142795326
90,2026-08-16,"[4,8)","[0,2)",13,0,0,13,0,1E-60,0.228095372354198371443420042369827223554730318588668470106495
90,2026-08-16,"[4,8)",>=2,1,0,0,1,0,0,0.793450685622762572644686990659235135454905747938657255997644
90,2026-08-16,"[8,infinity)",<-2,2,0,0,2,0,0,0.657619772493346908066213171022805867761678469589830388837810
90,2026-08-16,"[8,infinity)","[-2,0)",3,0,0,3,0,0,0.561497031755045466784538763394810946683797969450889274137888
90,2026-08-16,"[8,infinity)","[0,2)",3,0,0,3,0,0,0.561497031755045466784538763394810946683797969450889274137888
90,2026-08-16,"[8,infinity)",>=2,0,0,0,0,,,
90,2026-08-17,"[0,1)",<-2,5,0,5,5,1,0.565517535216825238915217128474443728190978101116435857204674,1
90,2026-08-17,"[0,1)","[-2,0)",15,0,8,15,0.533333333333333333333333333333333333333333333333333333333333,0.301169800254983958899851416330016847184720211837689657783119,0.751904646342626135173074348667782963017785511954302489908641
90,2026-08-17,"[0,1)","[0,2)",18,0,2,18,0.111111111111111111111111111111111111111111111111111111111111,0.031019522645612380930110888542323719415287261322063555502170,0.327997651301787998191924095870274592850206834087324297966242
90,2026-08-17,"[0,1)",>=2,2,0,0,2,0,0,0.657619772493346908066213171022805867761678469589830388837810
90,2026-08-17,"[1,2)",<-2,3,0,3,3,1,0.438502968244954533215461236605189053316202030549110725862112,1
90,2026-08-17,"[1,2)","[-2,0)",26,0,9,26,0.346153846153846153846153846153846153846153846153846153846154,0.194122303229405177276034714145232196817564782278417225389560,0.537794288111891836616090718141958868649895162083725013060682
90,2026-08-17,"[1,2)","[0,2)",15,1,2,14,0.142857142857142857142857142857142857142857142857142857142857,0.040093921271464938853036912695479508861184094884878533434050,0.399413794969703490789403609468289752396355157531025334977428
90,2026-08-17,"[1,2)",>=2,4,0,0,4,0,0,0.489890836454597301712536589852471046460117866669254129450196
90,2026-08-17,"[2,4)",<-2,8,0,6,8,0.75,0.409275430310168911672925694869093828472457205749064437206719,0.928520787247890981881934166558645274408345009055832660784997
90,2026-08-17,"[2,4)","[-2,0)",28,0,7,28,0.25,0.126764949192933182527694944889430405715559295948436029863359,0.433556703189989634464081815329918359713927587668817820848153
90,2026-08-17,"[2,4)","[0,2)",40,0,1,40,0.025,0.0044268315026814024331593102211685406100739576634491517407483,0.128813689634740900470668942621064723090364463171793286366078
90,2026-08-17,"[2,4)",>=2,7,0,0,7,0,0,0.354330435066687400786206839933794738607089448605187126348296
90,2026-08-17,"[4,8)",<-2,5,0,2,5,0.4,0.117620774232647912731540971445135881574723095506224918639884,0.769275718723987039485415602859975372787081284270487909919182
90,2026-08-17,"[4,8)","[-2,0)",16,0,0,16,0,0,0.193607680534436484397123030315166534447518308110879063675717
90,2026-08-17,"[4,8)","[0,2)",32,0,0,32,0,0,0.107179198255070614069630916316154767610741869081416234881527
90,2026-08-17,"[4,8)",>=2,12,0,0,12,0,0,0.242494006655240850743536740887323444981368621780736059953412
90,2026-08-17,"[8,infinity)",<-2,5,0,1,5,0.2,0.036224108632430171022883644562917213075316655041469013721231,0.624465370237474685627986078352416550010096484288669471955965
90,2026-08-17,"[8,infinity)","[-2,0)",11,0,0,11,0,0,0.258832966968031690622885270690496860752291234813264358589584
90,2026-08-17,"[8,infinity)","[0,2)",13,0,0,13,0,1E-60,0.228095372354198371443420042369827223554730318588668470106495
90,2026-08-17,"[8,infinity)",>=2,8,0,0,8,0,0,0.324407564883880212890280277144521794238395570390205804016566
90,2026-08-18,"[0,1)",<-2,1,0,1,1,1,0.206549314377237427355313009340764864545094252061342744002356,1
90,2026-08-18,"[0,1)","[-2,0)",28,0,15,28,0.535714285714285714285714285714285714285714285714285714285714,0.358126892344679065996488229408879939998034830103131354958102,0.704684300172046245861829376274070236369181329380118094940250
90,2026-08-18,"[0,1)","[0,2)",18,0,3,18,0.166666666666666666666666666666666666666666666666666666666667,0.058365768058614472752002785628494752948292204767820389759216,0.392220381039157280781170058153732371850702734154512056070852
90,2026-08-18,"[0,1)",>=2,1,0,0,1,0,0,0.793450685622762572644686990659235135454905747938657255997644
90,2026-08-18,"[1,2)",<-2,1,0,1,1,1,0.206549314377237427355313009340764864545094252061342744002356,1
90,2026-08-18,"[1,2)","[-2,0)",15,0,4,15,0.266666666666666666666666666666666666666666666666666666666667,0.108974533256923727565232658603039436468557973850178938979251,0.519504340559805613924286986412361892113901959605876027178425
90,2026-08-18,"[1,2)","[0,2)",37,0,3,37,0.0810810810810810810810810810810810810810810810810810810810811,0.0279605741004479555207272921363541572201482510641608972868998,0.213006793492883852714323646399522523737144934113729541308674
90,2026-08-18,"[1,2)",>=2,3,0,0,3,0,0,0.561497031755045466784538763394810946683797969450889274137888
90,2026-08-18,"[2,4)",<-2,7,0,1,7,0.142857142857142857142857142857142857142857142857142857142857,0.025679624344743560607128914884008804252331158419792918804746,0.513127829274318868525875970782987437609875590583912171444036
90,2026-08-18,"[2,4)","[-2,0)",24,0,6,24,0.25,0.119993662285950042249541726488603848337992369205011494271910,0.448994440051540050110602767106972378346363903083705644340886
90,2026-08-18,"[2,4)","[0,2)",45,0,0,45,0,0,0.0786515987328883595248244515862390432601662136200408413169198
90,2026-08-18,"[2,4)",>=2,2,0,0,2,0,0,0.657619772493346908066213171022805867761678469589830388837810
90,2026-08-18,"[4,8)",<-2,4,0,1,4,0.25,0.045587260809700566421210903550181973719959137374694927176083,0.699358157417598084435057391376053549510099795959932137549015
90,2026-08-18,"[4,8)","[-2,0)",21,0,0,21,0,0,0.154639018924846951507636945003626730599908470059449552977985
90,2026-08-18,"[4,8)","[0,2)",25,0,0,25,0,0,0.133192250939048476302451276015897355794721028940851862306375
90,2026-08-18,"[4,8)",>=2,7,0,0,7,0,0,0.354330435066687400786206839933794738607089448605187126348296
90,2026-08-18,"[8,infinity)",<-2,0,0,0,0,,,
90,2026-08-18,"[8,infinity)","[-2,0)",5,0,0,5,0,0,0.434482464783174761084782871525556271809021898883564142795326
90,2026-08-18,"[8,infinity)","[0,2)",8,0,0,8,0,0,0.324407564883880212890280277144521794238395570390205804016566
90,2026-08-18,"[8,infinity)",>=2,6,0,0,6,0,0,0.390334287902165324898707055142237608185625673736798285240772
90,2026-08-19,"[0,1)",<-2,2,0,1,2,0.5,0.094531205734230729793326600900495328768115141516490687279156,0.905468794265769270206673399099504671231884858483509312720844
90,2026-08-19,"[0,1)","[-2,0)",17,0,11,17,0.647058823529411764705882352941176470588235294117647058823529,0.413003634852186893540273438356993900357653369461969652747765,0.826902796027562575947180461000805312627937252490666032856271
90,2026-08-19,"[0,1)","[0,2)",11,0,4,11,0.363636363636363636363636363636363636363636363636363636363636,0.151664710953675735823076310869293598159801899314499705495715,0.646198825492151088892256035682660091136277528361845119574169
90,2026-08-19,"[0,1)",>=2,4,0,0,4,0,0,0.489890836454597301712536589852471046460117866669254129450196
90,2026-08-19,"[1,2)",<-2,1,0,1,1,1,0.206549314377237427355313009340764864545094252061342744002356,1
90,2026-08-19,"[1,2)","[-2,0)",10,0,4,10,0.4,0.168180329706236137316988431060809769804217864178205459186317,0.687326230266341703588217754347849097890515508602648176669265
90,2026-08-19,"[1,2)","[0,2)",18,0,2,18,0.111111111111111111111111111111111111111111111111111111111111,0.031019522645612380930110888542323719415287261322063555502170,0.327997651301787998191924095870274592850206834087324297966242
90,2026-08-19,"[1,2)",>=2,2,0,1,2,0.5,0.094531205734230729793326600900495328768115141516490687279156,0.905468794265769270206673399099504671231884858483509312720844
90,2026-08-19,"[2,4)",<-2,4,0,3,4,0.75,0.300641842582401915564942608623946450489900204040067862450985,0.954412739190299433578789096449818026280040862625305072823917
90,2026-08-19,"[2,4)","[-2,0)",27,0,3,27,0.111111111111111111111111111111111111111111111111111111111111,0.038520348283098397135339878389249354226707115981990907401301,0.280578008182798207856469312562108750857553210190968583110387
90,2026-08-19,"[2,4)","[0,2)",24,0,1,24,0.0416666666666666666666666666666666666666666666666666666666667,0.0073934561655057863804228563948425017522169721780705972927653,0.202418064786559382946508715197047247169102860351244156830695
90,2026-08-19,"[2,4)",>=2,5,0,0,5,0,0,0.434482464783174761084782871525556271809021898883564142795326
90,2026-08-19,"[4,8)",<-2,9,0,1,9,0.111111111111111111111111111111111111111111111111111111111111,0.019890887638544909123336039549747145430433888416815277180683,0.434999705576656016633305779504184793145793726478044666290525
90,2026-08-19,"[4,8)","[-2,0)",21,0,5,21,0.238095238095238095238095238095238095238095238095238095238095,0.106280130226364683456087534113405629962700321681912260294343,0.450911736829507529238388960888494086065823162634942267456031
90,2026-08-19,"[4,8)","[0,2)",15,0,1,15,0.0666666666666666666666666666666666666666666666666666666666667,0.011866895493268551900400658175721432353582667454859885236678,0.298165298737800225151564396852881035013842923249242194770432
90,2026-08-19,"[4,8)",>=2,12,0,0,12,0,0,0.242494006655240850743536740887323444981368621780736059953412
90,2026-08-19,"[8,infinity)",<-2,19,0,3,19,0.157894736842105263157894736842105263157894736842105263157895,0.055204716385341409053692396938765178205972216622661334906490,0.375654752703290763127688759875678582317332722603981570869620
90,2026-08-19,"[8,infinity)","[-2,0)",13,0,0,13,0,1E-60,0.228095372354198371443420042369827223554730318588668470106495
90,2026-08-19,"[8,infinity)","[0,2)",9,0,0,9,0,0,0.299145048419544047401396624497912492455149790579105641605840
90,2026-08-19,"[8,infinity)",>=2,30,0,0,30,0,0,0.113513393173968749941088969242882139187892157115904711864309
90,2026-08-20,"[0,1)",<-2,5,0,4,5,0.8,0.375534629762525314372013921647583449989903515711330528044035,0.963775891367569828977116355437082786924683344958530986278769
90,2026-08-20,"[0,1)","[-2,0)",4,1,1,3,0.333333333333333333333333333333333333333333333333333333333333,0.061491944720396241873444442939187390780210775328990142673567,0.792340399197952247054735144859082924781055214487972948705729
90,2026-08-20,"[0,1)","[0,2)",7,0,2,7,0.285714285714285714285714285714285714285714285714285714285714,0.082218924004056765947248749487853093510976457849667296896903,0.641065548167380691532554181912344651606347591552555757252367
90,2026-08-20,"[0,1)",>=2,5,1,1,4,0.25,0.045587260809700566421210903550181973719959137374694927176083,0.699358157417598084435057391376053549510099795959932137549015
90,2026-08-20,"[1,2)",<-2,4,1,3,3,1,0.438502968244954533215461236605189053316202030549110725862112,1
90,2026-08-20,"[1,2)","[-2,0)",9,0,4,9,0.444444444444444444444444444444444444444444444444444444444444,0.188778521097664603881993396599235158965601761006227848652283,0.733348706504506956940384006122755117973859326835895000415031
90,2026-08-20,"[1,2)","[0,2)",6,0,1,6,0.166666666666666666666666666666666666666666666666666666666667,0.030053369748306669995961946390895487521438424174221601471187,0.563502822186470213269842757037262917935645358316977255355995
90,2026-08-20,"[1,2)",>=2,5,0,0,5,0,0,0.434482464783174761084782871525556271809021898883564142795326
90,2026-08-20,"[2,4)",<-2,7,0,4,7,0.571428571428571428571428571428571428571428571428571428571429,0.250458364527657221784906094671053427049031992323202445361730,0.841780144748530292388492928195547324578526657876056536588518
90,2026-08-20,"[2,4)","[-2,0)",6,0,1,6,0.166666666666666666666666666666666666666666666666666666666667,0.030053369748306669995961946390895487521438424174221601471187,0.563502822186470213269842757037262917935645358316977255355995
90,2026-08-20,"[2,4)","[0,2)",10,0,2,10,0.2,0.056682151454375262761345565444990352367463172866835521618743,0.509837528463358259954272990780986250716736945475725385948003
90,2026-08-20,"[2,4)",>=2,7,0,0,7,0,0,0.354330435066687400786206839933794738607089448605187126348296
90,2026-08-20,"[4,8)",<-2,14,0,6,14,0.428571428571428571428571428571428571428571428571428571428571,0.213807989044741190254942869439946525041849886337426832959876,0.674093554203492495673545234992807327209657964145753940722418
90,2026-08-20,"[4,8)","[-2,0)",20,0,4,20,0.2,0.080657662579798049939120321766488120248982155602954004412897,0.416017432251893562859500123908731180537701340419302760569137
90,2026-08-20,"[4,8)","[0,2)",24,0,0,24,0,0,0.137976204674980184720288987191152453368712544577434277225593
90,2026-08-20,"[4,8)",>=2,10,0,0,10,0,0,0.277532799862889204526030927043294338473666863904268179277910
90,2026-08-20,"[8,infinity)",<-2,33,1,5,32,0.15625,0.068644202825057092470841388256410065091272699306633285367828,0.317541495975303954702029866710946337641112335686840376113222
90,2026-08-20,"[8,infinity)","[-2,0)",19,0,0,19,0,0,0.168179224052616251649710921498033188457137988100478093057389
90,2026-08-20,"[8,infinity)","[0,2)",23,0,2,23,0.0869565217391304347826086956521739130434782608695652173913043,0.024180004484220365222411755371310499199468506027457807187888,0.267959810757436588637847951420241526993836058680457503333296
90,2026-08-20,"[8,infinity)",>=2,52,0,1,52,0.0192307692307692307692307692307692307692307692307692307692308,0.0034028080709451573707650711875121422990659645141117025308018,0.101205111278922465937668607090375054437645865593848316814214
90,2026-08-21,"[0,1)",<-2,4,0,3,4,0.75,0.300641842582401915564942608623946450489900204040067862450985,0.954412739190299433578789096449818026280040862625305072823917
90,2026-08-21,"[0,1)","[-2,0)",2,0,1,2,0.5,0.094531205734230729793326600900495328768115141516490687279156,0.905468794265769270206673399099504671231884858483509312720844
90,2026-08-21,"[0,1)","[0,2)",2,1,1,1,1,0.206549314377237427355313009340764864545094252061342744002356,1
90,2026-08-21,"[0,1)",>=2,3,1,0,2,0,0,0.657619772493346908066213171022805867761678469589830388837810
90,2026-08-21,"[1,2)",<-2,1,0,1,1,1,0.206549314377237427355313009340764864545094252061342744002356,1
90,2026-08-21,"[1,2)","[-2,0)",4,1,0,3,0,0,0.561497031755045466784538763394810946683797969450889274137888
90,2026-08-21,"[1,2)","[0,2)",2,0,1,2,0.5,0.094531205734230729793326600900495328768115141516490687279156,0.905468794265769270206673399099504671231884858483509312720844
90,2026-08-21,"[1,2)",>=2,2,0,0,2,0,0,0.657619772493346908066213171022805867761678469589830388837810
90,2026-08-21,"[2,4)",<-2,15,1,8,14,0.571428571428571428571428571428571428571428571428571428571429,0.325906445796507504326454765007192672790342035854246059277581,0.786192010955258809745057130560053474958150113662573167040123
90,2026-08-21,"[2,4)","[-2,0)",9,0,4,9,0.444444444444444444444444444444444444444444444444444444444444,0.188778521097664603881993396599235158965601761006227848652283,0.733348706504506956940384006122755117973859326835895000415031
90,2026-08-21,"[2,4)","[0,2)",4,0,2,4,0.5,0.150038989152149514156900362816506811250894777823785469987184,0.849961010847850485843099637183493188749105222176214530012816
90,2026-08-21,"[2,4)",>=2,7,0,2,7,0.285714285714285714285714285714285714285714285714285714285714,0.082218924004056765947248749487853093510976457849667296896903,0.641065548167380691532554181912344651606347591552555757252367
90,2026-08-21,"[4,8)",<-2,19,1,9,18,0.5,0.290310215051699746431932884481690381866823849781509906255661,0.709689784948300253568067115518309618133176150218490093744339
90,2026-08-21,"[4,8)","[-2,0)",12,2,6,10,0.6,0.312673769733658296411782245652150902109484491397351823330735,0.831819670293763862683011568939190230195782135821794540813683
90,2026-08-21,"[4,8)","[0,2)",6,0,2,6,0.333333333333333333333333333333333333333333333333333333333333,0.096771411105780481356761565536894948952997489896717266451625,0.700006684861607960276140786177184253775544401348882161961965
90,2026-08-21,"[4,8)",>=2,14,1,1,13,0.0769230769230769230769230769230769230769230769230769230769231,0.013710421242556579808253714622779269798387965952631085614768,0.333139509210995888336178628920920688594076149776242235244574
90,2026-08-21,"[8,infinity)",<-2,38,3,4,35,0.114285714285714285714285714285714285714285714285714285714286,0.045351793330973579027016927199427039587591200664932181203143,0.259514686462138104596611641096309325258553902106994418287325
90,2026-08-21,"[8,infinity)","[-2,0)",22,3,1,19,0.0526315789473684210526315789473684210526315789473684210526316,0.009351994062300372239682735531150055812641532410381552076884,0.246387311668987852920584931072353323333218772732151478553412
90,2026-08-21,"[8,infinity)","[0,2)",22,4,0,18,0,0,0.175879223646657630299759265673340687198492408383498668745102
90,2026-08-21,"[8,infinity)",>=2,65,3,1,62,0.0161290322580645161290322580645161290322580645161290322580645,0.0028528671686218249189631315838232756019970229482181082719327,0.0858672026068999291352247002234400747674624755978106770977997
90,2026-08-22,"[0,1)",<-2,4,0,3,4,0.75,0.300641842582401915564942608623946450489900204040067862450985,0.954412739190299433578789096449818026280040862625305072823917
90,2026-08-22,"[0,1)","[-2,0)",9,0,2,9,0.222222222222222222222222222222222222222222222222222222222222,0.063225107117846725567422770990290510071971551480097975452854,0.547411030893011078544464242619660874625333887730516269883724
90,2026-08-22,"[0,1)","[0,2)",8,0,4,8,0.5,0.215216062213877565705923948256803315914944444494181065997357,0.784783937786122434294076051743196684085055555505818934002643
90,2026-08-22,"[0,1)",>=2,5,0,0,5,0,0,0.434482464783174761084782871525556271809021898883564142795326
90,2026-08-22,"[1,2)",<-2,6,0,4,6,0.666666666666666666666666666666666666666666666666666666666667,0.299993315138392039723859213822815746224455598651117838038035,0.903228588894219518643238434463105051047002510103282733548375
90,2026-08-22,"[1,2)","[-2,0)",9,0,3,9,0.333333333333333333333333333333333333333333333333333333333333,0.120583818386910953501667884258569432882612092860060290389413,0.645797864419603728965464323907401397935771170666308256812533
90,2026-08-22,"[1,2)","[0,2)",11,0,2,11,0.181818181818181818181818181818181818181818181818181818181818,0.051367689746085094133963649924377303658571388552538605220008,0.476980561960844163535145158696847971365613942692265986609726
90,2026-08-22,"[1,2)",>=2,5,0,0,5,0,0,0.434482464783174761084782871525556271809021898883564142795326
90,2026-08-22,"[2,4)",<-2,7,0,4,7,0.571428571428571428571428571428571428571428571428571428571429,0.250458364527657221784906094671053427049031992323202445361730,0.841780144748530292388492928195547324578526657876056536588518
90,2026-08-22,"[2,4)","[-2,0)",21,0,5,21,0.238095238095238095238095238095238095238095238095238095238095,0.106280130226364683456087534113405629962700321681912260294343,0.450911736829507529238388960888494086065823162634942267456031
90,2026-08-22,"[2,4)","[0,2)",16,0,1,16,0.0625,0.011119344764642533342375492137967463627461582798491024199936,0.283287375702989390505107159387803254014116936798528156516316
90,2026-08-22,"[2,4)",>=2,5,0,0,5,0,0,0.434482464783174761084782871525556271809021898883564142795326
90,2026-08-22,"[4,8)",<-2,15,0,5,15,0.333333333333333333333333333333333333333333333333333333333333,0.151763244397147307526588128464572025229451874552594551429959,0.582864522614802222108783046546428923758019506487444710111237
90,2026-08-22,"[4,8)","[-2,0)",21,0,2,21,0.0952380952380952380952380952380952380952380952380952380952381,0.026518767438074516559365149362529860371980708722242404452705,0.289141390739182539423007615640406064399373767040169138434235
90,2026-08-22,"[4,8)","[0,2)",22,0,0,22,0,0,0.148654874608620875261529651123205956231015521669584153863614
90,2026-08-22,"[4,8)",>=2,9,0,0,9,0,0,0.299145048419544047401396624497912492455149790579105641605840
90,2026-08-22,"[8,infinity)",<-2,15,0,6,15,0.4,0.198244961413415748273736884158181227088065759331113024847060,0.642531698793753969507485820848419342304417069292910532077658
90,2026-08-22,"[8,infinity)","[-2,0)",20,0,0,20,0,0,0.161125158052819354664367409458698834644472493370427941636724
90,2026-08-22,"[8,infinity)","[0,2)",25,0,0,25,0,0,0.133192250939048476302451276015897355794721028940851862306375
90,2026-08-22,"[8,infinity)",>=2,36,0,0,36,0,0,0.0964186285944636615382445947927992309228324969090787481472514
90,2026-08-23,"[0,1)",<-2,3,0,2,3,0.666666666666666666666666666666666666666666666666666666666667,0.207659600802047752945264855140917075218944785512027051294273,0.938508055279603758126555557060812609219789224671009857326435
90,2026-08-23,"[0,1)","[-2,0)",12,0,5,12,0.416666666666666666666666666666666666666666666666666666666667,0.193260313658756561338470235826644090814534224866690522231476,0.680488687450450247118785887654576483349027212096765487760760
90,2026-08-23,"[0,1)","[0,2)",16,0,2,16,0.125,0.034977487743240464595820130995911566783344997213098451135723,0.360228272657586898702022141740463334052293733870060846621065
90,2026-08-23,"[0,1)",>=2,1,0,0,1,0,0,0.793450685622762572644686990659235135454905747938657255997644
90,2026-08-23,"[1,2)",<-2,4,0,3,4,0.75,0.300641842582401915564942608623946450489900204040067862450985,0.954412739190299433578789096449818026280040862625305072823917
90,2026-08-23,"[1,2)","[-2,0)",18,0,12,18,0.666666666666666666666666666666666666666666666666666666666667,0.437494672959451059906484316895770255686321835811883397540107,0.837212252491663063326929261213116181914180694726950379544859
90,2026-08-23,"[1,2)","[0,2)",10,0,0,10,0,0,0.277532799862889204526030927043294338473666863904268179277910
90,2026-08-23,"[1,2)",>=2,5,0,0,5,0,0,0.434482464783174761084782871525556271809021898883564142795326
90,2026-08-23,"[2,4)",<-2,4,0,1,4,0.25,0.045587260809700566421210903550181973719959137374694927176083,0.699358157417598084435057391376053549510099795959932137549015
90,2026-08-23,"[2,4)","[-2,0)",17,0,5,17,0.294117647058823529411764705882352941176470588235294117647059,0.132799896102952285049064956509464144592802424013418243522553,0.531331100665398457668499584389616957227370705252891796631793
90,2026-08-23,"[2,4)","[0,2)",24,0,3,24,0.125,0.043443340801234421585843376147046323510350215714335399843820,0.310038812705000716954373364246318016516184192718740308075374
90,2026-08-23,"[2,4)",>=2,6,0,0,6,0,0,0.390334287902165324898707055142237608185625673736798285240772
90,2026-08-23,"[4,8)",<-2,6,0,1,6,0.166666666666666666666666666666666666666666666666666666666667,0.030053369748306669995961946390895487521438424174221601471187,0.563502822186470213269842757037262917935645358316977255355995
90,2026-08-23,"[4,8)","[-2,0)",14,0,3,14,0.214285714285714285714285714285714285714285714285714285714286,0.075713867126931825281250264689792498900596000422290639585996,0.475892305866002918432702153041222910105435401510432455143186
90,2026-08-23,"[4,8)","[0,2)",31,0,0,31,0,0,0.110255395460435947523151756013484623904252359343767063579533
90,2026-08-23,"[4,8)",>=2,24,0,0,24,0,0,0.137976204674980184720288987191152453368712544577434277225593
90,2026-08-23,"[8,infinity)",<-2,9,0,0,9,0,0,0.299145048419544047401396624497912492455149790579105641605840
90,2026-08-23,"[8,infinity)","[-2,0)",20,0,0,20,0,0,0.161125158052819354664367409458698834644472493370427941636724
90,2026-08-23,"[8,infinity)","[0,2)",16,0,0,16,0,0,0.193607680534436484397123030315166534447518308110879063675717
90,2026-08-23,"[8,infinity)",>=2,28,0,0,28,0,0,0.120643304765845633983553520438697530858973767234507701423027
90,2026-08-24,"[0,1)",<-2,7,0,6,7,0.857142857142857142857142857142857142857142857142857142857143,0.486872170725681131474124029217012562390124409416087828555966,0.974320375655256439392871085115991195747668841580207081195256
90,2026-08-24,"[0,1)","[-2,0)",3,0,1,3,0.333333333333333333333333333333333333333333333333333333333333,0.061491944720396241873444442939187390780210775328990142673567,0.792340399197952247054735144859082924781055214487972948705729
90,2026-08-24,"[0,1)","[0,2)",6,0,1,6,0.166666666666666666666666666666666666666666666666666666666667,0.030053369748306669995961946390895487521438424174221601471187,0.563502822186470213269842757037262917935645358316977255355995
90,2026-08-24,"[0,1)",>=2,6,0,1,6,0.166666666666666666666666666666666666666666666666666666666667,0.030053369748306669995961946390895487521438424174221601471187,0.563502822186470213269842757037262917935645358316977255355995
90,2026-08-24,"[1,2)",<-2,3,0,2,3,0.666666666666666666666666666666666666666666666666666666666667,0.207659600802047752945264855140917075218944785512027051294273,0.938508055279603758126555557060812609219789224671009857326435
90,2026-08-24,"[1,2)","[-2,0)",4,0,1,4,0.25,0.045587260809700566421210903550181973719959137374694927176083,0.699358157417598084435057391376053549510099795959932137549015
90,2026-08-24,"[1,2)","[0,2)",10,0,2,10,0.2,0.056682151454375262761345565444990352367463172866835521618743,0.509837528463358259954272990780986250716736945475725385948003
90,2026-08-24,"[1,2)",>=2,6,0,1,6,0.166666666666666666666666666666666666666666666666666666666667,0.030053369748306669995961946390895487521438424174221601471187,0.563502822186470213269842757037262917935645358316977255355995
90,2026-08-24,"[2,4)",<-2,10,0,8,10,0.8,0.490162471536641740045727009219013749283263054524274614051997,0.943317848545624737238654434555009647632536827133164478381257
90,2026-08-24,"[2,4)","[-2,0)",15,0,4,15,0.266666666666666666666666666666666666666666666666666666666667,0.108974533256923727565232658603039436468557973850178938979251,0.519504340559805613924286986412361892113901959605876027178425
90,2026-08-24,"[2,4)","[0,2)",8,0,1,8,0.125,0.022417491450056672799680864765156704300662439077102905272333,0.470888182212853486868029343093234641378134238715551447740093
90,2026-08-24,"[2,4)",>=2,7,0,3,7,0.428571428571428571428571428571428571428571428571428571428571,0.158219855251469707611507071804452675421473342123943463411485,0.749541635472342778215093905328946572950968007676797554638273
90,2026-08-24,"[4,8)",<-2,10,0,5,10,0.5,0.236593090512564000563261842509355395776780619409009427978220,0.763406909487435999436738157490644604223219380590990572021780
90,2026-08-24,"[4,8)","[-2,0)",15,0,2,15,0.133333333333333333333333333333333333333333333333333333333333,0.037361259103065351046643193402398148733014991019704808316858,0.378819828323223614151173391621803939039422047268381567073774
90,2026-08-24,"[4,8)","[0,2)",10,0,1,10,0.1,0.017876213095072907017716328005121013219916667655301041770911,0.404150026795238456603108413629514457559016823468113501651417
90,2026-08-24,"[4,8)",>=2,26,0,0,26,0,0,0.128728921859215295149407654933370962769244819176962274963284
90,2026-08-24,"[8,infinity)",<-2,26,0,4,26,0.153846153846153846153846153846153846153846153846153846153846,0.061500337235783556095747511313141847554567688565456285858741,0.335311993282134725161534711333038049747217186249363750654303
90,2026-08-24,"[8,infinity)","[-2,0)",23,0,1,23,0.0434782608695652173913043478260869565217391304347826086956522,0.007716666143453142247303765539798097228280361609254735613374,0.209911550702588754124562226177180458038003630962651660225830
90,2026-08-24,"[8,infinity)","[0,2)",31,0,3,31,0.0967741935483870967741935483870967741935483870967741935483871,0.033464644163197389148184255619828959110743648739070539136776,0.248999384433928374983389741165239285973330834602677092782202
90,2026-08-24,"[8,infinity)",>=2,42,0,1,42,0.0238095238095238095238095238095238095238095238095238095238095,0.0042154041344325047150715179806107633710645594916892225760324,0.123212015737666462505965813425084581537894512298795833607735
90,2026-08-25,"[0,1)",<-2,6,0,6,6,1,0.609665712097834675101292944857762391814374326263201714759228,1
90,2026-08-25,"[0,1)","[-2,0)",2,0,1,2,0.5,0.094531205734230729793326600900495328768115141516490687279156,0.905468794265769270206673399099504671231884858483509312720844
90,2026-08-25,"[0,1)","[0,2)",7,0,2,7,0.285714285714285714285714285714285714285714285714285714285714,0.082218924004056765947248749487853093510976457849667296896903,0.641065548167380691532554181912344651606347591552555757252367
90,2026-08-25,"[0,1)",>=2,5,0,1,5,0.2,0.036224108632430171022883644562917213075316655041469013721231,0.624465370237474685627986078352416550010096484288669471955965
90,2026-08-25,"[1,2)",<-2,7,0,5,7,0.714285714285714285714285714285714285714285714285714285714286,0.358934451832619308467445818087655348393652408447444242747635,0.917781075995943234052751250512146906489023542150332703103099
90,2026-08-25,"[1,2)","[-2,0)",3,0,2,3,0.666666666666666666666666666666666666666666666666666666666667,0.207659600802047752945264855140917075218944785512027051294273,0.938508055279603758126555557060812609219789224671009857326435
90,2026-08-25,"[1,2)","[0,2)",5,0,4,5,0.8,0.375534629762525314372013921647583449989903515711330528044035,0.963775891367569828977116355437082786924683344958530986278769
90,2026-08-25,"[1,2)",>=2,7,0,1,7,0.142857142857142857142857142857142857142857142857142857142857,0.025679624344743560607128914884008804252331158419792918804746,0.513127829274318868525875970782987437609875590583912171444036
90,2026-08-25,"[2,4)",<-2,13,0,8,13,0.615384615384615384615384615384615384615384615384615384615385,0.355228915126656875288476280271796924866254043412123812790171,0.822902922022374269763042171489012177390346652298183463339103
90,2026-08-25,"[2,4)","[-2,0)",11,0,5,11,0.454545454545454545454545454545454545454545454545454545454545,0.212712716224597650615783745391506803188695294069402798042938,0.719908462590677957622660370125811093243331181822712143647020
90,2026-08-25,"[2,4)","[0,2)",9,0,1,9,0.111111111111111111111111111111111111111111111111111111111111,0.019890887638544909123336039549747145430433888416815277180683,0.434999705576656016633305779504184793145793726478044666290525
90,2026-08-25,"[2,4)",>=2,13,0,0,13,0,1E-60,0.228095372354198371443420042369827223554730318588668470106495
90,2026-08-25,"[4,8)",<-2,14,0,5,14,0.357142857142857142857142857142857142857142857142857142857143,0.163447317535541338500216372646456652210237362581367019688061,0.612355768960926033356759836219051052292778338384994527676529
90,2026-08-25,"[4,8)","[-2,0)",15,0,3,15,0.2,0.070475493469815601292869981180142450272527228424155432722199,0.451854487151693552050798133839659257904921257447915238051955
90,2026-08-25,"[4,8)","[0,2)",14,0,1,14,0.0714285714285714285714285714285714285714285714285714285714286,0.012722215247890934509444161201882906109675297161938508881200,0.314687044241511181061484465394640207399371805737146133212574
90,2026-08-25,"[4,8)",>=2,18,0,0,18,0,0,0.175879223646657630299759265673340687198492408383498668745102
90,2026-08-25,"[8,infinity)",<-2,25,0,3,25,0.12,0.041668171504403587446373331050597996875760129766556800087068,0.299557939209273254543489638721483993528227852228490615265778
90,2026-08-25,"[8,infinity)","[-2,0)",23,0,0,23,0,0,0.143116618450426838883472276642405084339263420435897481157223
90,2026-08-25,"[8,infinity)","[0,2)",27,0,1,27,0.0370370370370370370370370370370370370370370370370370370370370,0.0065681459807851276906533377070903760260452895409647013474160,0.182834659335758449680548080092145463359978908283987073071260
90,2026-08-25,"[8,infinity)",>=2,45,0,0,45,0,0,0.0786515987328883595248244515862390432601662136200408413169198
90,2026-08-26,"[0,1)",<-2,7,0,6,7,0.857142857142857142857142857142857142857142857142857142857143,0.486872170725681131474124029217012562390124409416087828555966,0.974320375655256439392871085115991195747668841580207081195256
90,2026-08-26,"[0,1)","[-2,0)",9,0,5,9,0.555555555555555555555555555555555555555555555555555555555556,0.266651293495493043059615993877244882026140673164104999584969,0.811221478902335396118006603400764841034398238993772151347717
90,2026-08-26,"[0,1)","[0,2)",8,0,3,8,0.375,0.136844285823597372584090192394652224791012586336676482048347,0.694257605397372680638479876891478223768586306260874968955795
90,2026-08-26,"[0,1)",>=2,3,0,0,3,0,0,0.561497031755045466784538763394810946683797969450889274137888
90,2026-08-26,"[1,2)",<-2,9,0,7,9,0.777777777777777777777777777777777777777777777777777777777778,0.452588969106988921455535757380339125374666112269483730116276,0.936774892882153274432577229009709489928028448519902024547146
90,2026-08-26,"[1,2)","[-2,0)",7,0,1,7,0.142857142857142857142857142857142857142857142857142857142857,0.025679624344743560607128914884008804252331158419792918804746,0.513127829274318868525875970782987437609875590583912171444036
90,2026-08-26,"[1,2)","[0,2)",7,0,3,7,0.428571428571428571428571428571428571428571428571428571428571,0.158219855251469707611507071804452675421473342123943463411485,0.749541635472342778215093905328946572950968007676797554638273
90,2026-08-26,"[1,2)",>=2,6,0,1,6,0.166666666666666666666666666666666666666666666666666666666667,0.030053369748306669995961946390895487521438424174221601471187,0.563502822186470213269842757037262917935645358316977255355995
90,2026-08-26,"[2,4)",<-2,10,0,7,10,0.7,0.396778147461145352105624146696602577195570769557490247791779,0.892208732593698966083963482486079687414962484880802480497057
90,2026-08-26,"[2,4)","[-2,0)",15,0,0,15,0,0,0.203883301035848588906113525033002846962414143120117784623588
90,2026-08-26,"[2,4)","[0,2)",12,0,0,12,0,0,0.242494006655240850743536740887323444981368621780736059953412
90,2026-08-26,"[2,4)",>=2,15,0,0,15,0,0,0.203883301035848588906113525033002846962414143120117784623588
90,2026-08-26,"[4,8)",<-2,16,0,8,16,0.5,0.279995636103260167401456419730349461246240644090779100039747,0.720004363896739832598543580269650538753759355909220899960253
90,2026-08-26,"[4,8)","[-2,0)",25,0,2,25,0.08,0.022220401284847591995218228155449298156937398973362571020721,0.249661089503953128098840843697904480710628265336952993316635
90,2026-08-26,"[4,8)","[0,2)",22,0,2,22,0.0909090909090909090909090909090909090909090909090909090909091,0.025295428990995267023842223700597917677176523865640344860014,0.278149468416058176371954763582025137420927084773110326482942
90,2026-08-26,"[4,8)",>=2,18,0,0,18,0,0,0.175879223646657630299759265673340687198492408383498668745102
90,2026-08-26,"[8,infinity)",<-2,19,0,2,19,0.105263157894736842105263157894736842105263157894736842105263,0.029358560298870137791490101209690328416178648443629948669908,0.313940827111090060879334310499283241418403973740958019533294
90,2026-08-26,"[8,infinity)","[-2,0)",15,0,0,15,0,0,0.203883301035848588906113525033002846962414143120117784623588
90,2026-08-26,"[8,infinity)","[0,2)",25,0,0,25,0,0,0.133192250939048476302451276015897355794721028940851862306375
90,2026-08-26,"[8,infinity)",>=2,27,0,0,27,0,1E-61,0.124555029741867063560897531223174706536906133650947916372170
90,2026-08-27,"[0,1)",<-2,3,0,3,3,1,0.438502968244954533215461236605189053316202030549110725862112,1
90,2026-08-27,"[0,1)","[-2,0)",9,0,8,9,0.888888888888888888888888888888888888888888888888888888888889,0.565000294423343983366694220495815206854206273521955333709475,0.980109112361455090876663960450252854569566111583184722819317
90,2026-08-27,"[0,1)","[0,2)",16,0,6,16,0.375,0.184812325588636338717151440003495893824868698406163227915553,0.613589594544972782382129317575295739787010878621556538003377
90,2026-08-27,"[0,1)",>=2,11,0,0,11,0,0,0.258832966968031690622885270690496860752291234813264358589584
90,2026-08-27,"[1,2)",<-2,8,0,5,8,0.625,0.305742394602627319361520123108521776231413693739125031044205,0.863155714176402627415909807605347775208987413663323517951653
90,2026-08-27,"[1,2)","[-2,0)",8,0,2,8,0.25,0.071479212752109018118065833441354725591654990944167339215003,0.590724569689831088327074305130906171527542794250935562793281
90,2026-08-27,"[1,2)","[0,2)",16,0,3,16,0.1875,0.065915990714281405985495690382679489170512419111283834247943,0.430088809619741396762706203564299594859186523458015580549381
90,2026-08-27,"[1,2)",>=2,5,0,0,5,0,0,0.434482464783174761084782871525556271809021898883564142795326
90,2026-08-27,"[2,4)",<-2,9,0,5,9,0.555555555555555555555555555555555555555555555555555555555556,0.266651293495493043059615993877244882026140673164104999584969,0.811221478902335396118006603400764841034398238993772151347717
90,2026-08-27,"[2,4)","[-2,0)",13,0,4,13,0.307692307692307692307692307692307692307692307692307692307692,0.126807036557105129020819308386537870881542124804031003249814,0.576306568194509629226649938678780292024123382345456869868070
90,2026-08-27,"[2,4)","[0,2)",15,0,0,15,0,0,0.203883301035848588906113525033002846962414143120117784623588
90,2026-08-27,"[2,4)",>=2,3,0,0,3,0,0,0.561497031755045466784538763394810946683797969450889274137888
90,2026-08-27,"[4,8)",<-2,10,0,4,10,0.4,0.168180329706236137316988431060809769804217864178205459186317,0.687326230266341703588217754347849097890515508602648176669265
90,2026-08-27,"[4,8)","[-2,0)",19,0,3,19,0.157894736842105263157894736842105263157894736842105263157895,0.055204716385341409053692396938765178205972216622661334906490,0.375654752703290763127688759875678582317332722603981570869620
90,2026-08-27,"[4,8)","[0,2)",31,0,3,31,0.0967741935483870967741935483870967741935483870967741935483871,0.033464644163197389148184255619828959110743648739070539136776,0.248999384433928374983389741165239285973330834602677092782202
90,2026-08-27,"[4,8)",>=2,15,0,0,15,0,0,0.203883301035848588906113525033002846962414143120117784623588
90,2026-08-27,"[8,infinity)",<-2,16,0,1,16,0.0625,0.011119344764642533342375492137967463627461582798491024199936,0.283287375702989390505107159387803254014116936798528156516316
90,2026-08-27,"[8,infinity)","[-2,0)",16,0,0,16,0,0,0.193607680534436484397123030315166534447518308110879063675717
90,2026-08-27,"[8,infinity)","[0,2)",26,0,0,26,0,0,0.128728921859215295149407654933370962769244819176962274963284
90,2026-08-27,"[8,infinity)",>=2,26,0,0,26,0,0,0.128728921859215295149407654933370962769244819176962274963284
90,2026-08-28,"[0,1)",<-2,3,0,3,3,1,0.438502968244954533215461236605189053316202030549110725862112,1
90,2026-08-28,"[0,1)","[-2,0)",9,0,5,9,0.555555555555555555555555555555555555555555555555555555555556,0.266651293495493043059615993877244882026140673164104999584969,0.811221478902335396118006603400764841034398238993772151347717
90,2026-08-28,"[0,1)","[0,2)",14,0,7,14,0.5,0.267992024524136346717374766445350250952205185470645542577707,0.732007975475863653282625233554649749047794814529354457422291
90,2026-08-28,"[0,1)",>=2,4,0,1,4,0.25,0.045587260809700566421210903550181973719959137374694927176083,0.699358157417598084435057391376053549510099795959932137549015
90,2026-08-28,"[1,2)",<-2,6,0,6,6,1,0.609665712097834675101292944857762391814374326263201714759228,1
90,2026-08-28,"[1,2)","[-2,0)",8,0,2,8,0.25,0.071479212752109018118065833441354725591654990944167339215003,0.590724569689831088327074305130906171527542794250935562793281
90,2026-08-28,"[1,2)","[0,2)",12,0,1,12,0.0833333333333333333333333333333333333333333333333333333333333,0.014865094404917114752602291403112818736709754550808213613698,0.353879911141116927533678326002990052081097430266471836347478
90,2026-08-28,"[1,2)",>=2,2,0,0,2,0,0,0.657619772493346908066213171022805867761678469589830388837810
90,2026-08-28,"[2,4)",<-2,8,0,4,8,0.5,0.215216062213877565705923948256803315914944444494181065997357,0.784783937786122434294076051743196684085055555505818934002643
90,2026-08-28,"[2,4)","[-2,0)",13,0,3,13,0.230769230769230769230769230769230769230769230769230769230769,0.081795287184985631736579088284239642563328711695549236007848,0.502563759467275029809877857607205785504602998313733786357190
90,2026-08-28,"[2,4)","[0,2)",22,0,3,22,0.136363636363636363636363636363636363636363636363636363636364,0.047490037140552535789798900094415495959800057247582919467239,0.333349871665717191673131755267916108571847594875751010615389
90,2026-08-28,"[2,4)",>=2,12,0,1,12,0.0833333333333333333333333333333333333333333333333333333333333,0.014865094404917114752602291403112818736709754550808213613698,0.353879911141116927533678326002990052081097430266471836347478
90,2026-08-28,"[4,8)",<-2,7,0,0,7,0,0,0.354330435066687400786206839933794738607089448605187126348296
90,2026-08-28,"[4,8)","[-2,0)",15,0,4,15,0.266666666666666666666666666666666666666666666666666666666667,0.108974533256923727565232658603039436468557973850178938979251,0.519504340559805613924286986412361892113901959605876027178425
90,2026-08-28,"[4,8)","[0,2)",24,0,2,24,0.0833333333333333333333333333333333333333333333333333333333333,0.023158815297043336041234637343711646272452416356485321686888,0.258488021932106817892339518648915398201474704124709909334440
90,2026-08-28,"[4,8)",>=2,15,0,1,15,0.0666666666666666666666666666666666666666666666666666666666667,0.011866895493268551900400658175721432353582667454859885236678,0.298165298737800225151564396852881035013842923249242194770432
90,2026-08-28,"[8,infinity)",<-2,19,0,2,19,0.105263157894736842105263157894736842105263157894736842105263,0.029358560298870137791490101209690328416178648443629948669908,0.313940827111090060879334310499283241418403973740958019533294
90,2026-08-28,"[8,infinity)","[-2,0)",13,0,0,13,0,1E-60,0.228095372354198371443420042369827223554730318588668470106495
90,2026-08-28,"[8,infinity)","[0,2)",33,0,1,33,0.0303030303030303030303030303030303030303030303030303030303030,0.0053694105368718386780184471254747799251251396944882137041268,0.153187253821189183534933518115260948665871443619598486211676
90,2026-08-28,"[8,infinity)",>=2,34,0,0,34,0,0,0.101514554153323765588772493480518861287464008360250122371569
90,2026-08-29,"[0,1)",<-2,5,0,5,5,1,0.565517535216825238915217128474443728190978101116435857204674,1
90,2026-08-29,"[0,1)","[-2,0)",25,0,13,25,0.52,0.334985169503567761848152037822318865945993615251003367437148,0.699687140458870299099749911137045239822217543591362558070596
90,2026-08-29,"[0,1)","[0,2)",24,0,4,24,0.166666666666666666666666666666666666666666666666666666666667,0.066786763286329513647649829844765722752653150016095215726744,0.358530706496990609499209494949335912826488546368860969090318
90,2026-08-29,"[0,1)",>=2,5,0,1,5,0.2,0.036224108632430171022883644562917213075316655041469013721231,0.624465370237474685627986078352416550010096484288669471955965
90,2026-08-29,"[1,2)",<-2,3,0,3,3,1,0.438502968244954533215461236605189053316202030549110725862112,1
90,2026-08-29,"[1,2)","[-2,0)",21,0,4,21,0.190476190476190476190476190476190476190476190476190476190476,0.076675650527617916116719757819186510335372431410581805767678,0.400005646902049244340388827183058608607428050054791727028218
90,2026-08-29,"[1,2)","[0,2)",31,0,2,31,0.0645161290322580645161290322580645161290322580645161290322581,0.0178747835219145770963837259671189739186711542154245286916251,0.207186367362981248165716190560754730772129287793662913780871
90,2026-08-29,"[1,2)",>=2,5,0,0,5,0,0,0.434482464783174761084782871525556271809021898883564142795326
90,2026-08-29,"[2,4)",<-2,1,0,0,1,0,0,0.793450685622762572644686990659235135454905747938657255997644
90,2026-08-29,"[2,4)","[-2,0)",27,0,4,27,0.148148148148148148148148148148148148148148148148148148148148,0.059159277762443300757095842292483488206447731088741631495683,0.324786854278129818045017235234935749726930659258221717062511
90,2026-08-29,"[2,4)","[0,2)",44,0,1,44,0.0227272727272727272727272727272727272727272727272727272727273,0.0040232520600532272640496250032191889689225510886580212712172,0.118077096982132859779159459016592675688232340859346269573419
90,2026-08-29,"[2,4)",>=2,7,0,0,7,0,0,0.354330435066687400786206839933794738607089448605187126348296
90,2026-08-29,"[4,8)",<-2,4,0,0,4,0,0,0.489890836454597301712536589852471046460117866669254129450196
90,2026-08-29,"[4,8)","[-2,0)",15,0,0,15,0,0,0.203883301035848588906113525033002846962414143120117784623588
90,2026-08-29,"[4,8)","[0,2)",32,0,0,32,0,0,0.107179198255070614069630916316154767610741869081416234881527
90,2026-08-29,"[4,8)",>=2,4,0,0,4,0,0,0.489890836454597301712536589852471046460117866669254129450196
90,2026-08-29,"[8,infinity)",<-2,1,0,0,1,0,0,0.793450685622762572644686990659235135454905747938657255997644
90,2026-08-29,"[8,infinity)","[-2,0)",4,0,0,4,0,0,0.489890836454597301712536589852471046460117866669254129450196
90,2026-08-29,"[8,infinity)","[0,2)",6,0,0,6,0,0,0.390334287902165324898707055142237608185625673736798285240772
90,2026-08-29,"[8,infinity)",>=2,2,0,0,2,0,0,0.657619772493346908066213171022805867761678469589830388837810
90,2026-08-30,"[0,1)",<-2,5,0,3,5,0.6,0.230724281276012960514584397140024627212918715729512090080818,0.882379225767352087268459028554864118425276904493775081360116
90,2026-08-30,"[0,1)","[-2,0)",17,0,11,17,0.647058823529411764705882352941176470588235294117647058823529,0.413003634852186893540273438356993900357653369461969652747765,0.826902796027562575947180461000805312627937252490666032856271
90,2026-08-30,"[0,1)","[0,2)",19,0,3,19,0.157894736842105263157894736842105263157894736842105263157895,0.055204716385341409053692396938765178205972216622661334906490,0.375654752703290763127688759875678582317332722603981570869620
90,2026-08-30,"[0,1)",>=2,3,0,0,3,0,0,0.561497031755045466784538763394810946683797969450889274137888
90,2026-08-30,"[1,2)",<-2,2,0,1,2,0.5,0.094531205734230729793326600900495328768115141516490687279156,0.905468794265769270206673399099504671231884858483509312720844
90,2026-08-30,"[1,2)","[-2,0)",21,0,5,21,0.238095238095238095238095238095238095238095238095238095238095,0.106280130226364683456087534113405629962700321681912260294343,0.450911736829507529238388960888494086065823162634942267456031
90,2026-08-30,"[1,2)","[0,2)",31,0,8,31,0.258064516129032258064516129032258064516129032258064516129032,0.137017059063937458830402460190721918686029112340602655589487,0.432461358094337999648541937880319028364415577664445923561899
90,2026-08-30,"[1,2)",>=2,3,0,0,3,0,0,0.561497031755045466784538763394810946683797969450889274137888
90,2026-08-30,"[2,4)",<-2,0,0,0,0,,,
90,2026-08-30,"[2,4)","[-2,0)",17,0,2,17,0.117647058823529411764705882352941176470588235294117647058824,0.032879773763792665310938704743317837134545250753179513892103,0.343363505948858714021681156926404209102919132169967703537399
90,2026-08-30,"[2,4)","[0,2)",34,0,1,34,0.0294117647058823529411764705882352941176470588235294117647059,0.0052109062762689467848135449595330974406244776182452421405567,0.149155732926859303181089978316249360241694589073754873032685
90,2026-08-30,"[2,4)",>=2,6,0,1,6,0.166666666666666666666666666666666666666666666666666666666667,0.030053369748306669995961946390895487521438424174221601471187,0.563502822186470213269842757037262917935645358316977255355995
90,2026-08-30,"[4,8)",<-2,5,0,0,5,0,0,0.434482464783174761084782871525556271809021898883564142795326
90,2026-08-30,"[4,8)","[-2,0)",28,0,2,28,0.0714285714285714285714285714285714285714285714285714285714286,0.019812064115305731944951343318032581634806896862641796101400,0.226453625683990525755237388486565301958599189338364805118338
90,2026-08-30,"[4,8)","[0,2)",28,0,2,28,0.0714285714285714285714285714285714285714285714285714285714286,0.019812064115305731944951343318032581634806896862641796101400,0.226453625683990525755237388486565301958599189338364805118338
90,2026-08-30,"[4,8)",>=2,10,0,0,10,0,0,0.277532799862889204526030927043294338473666863904268179277910
90,2026-08-30,"[8,infinity)",<-2,9,0,1,9,0.111111111111111111111111111111111111111111111111111111111111,0.019890887638544909123336039549747145430433888416815277180683,0.434999705576656016633305779504184793145793726478044666290525
90,2026-08-30,"[8,infinity)","[-2,0)",11,0,0,11,0,0,0.258832966968031690622885270690496860752291234813264358589584
90,2026-08-30,"[8,infinity)","[0,2)",14,0,0,14,0,1E-60,0.215310802737635801499416731029276965760554953382265415776069
90,2026-08-30,"[8,infinity)",>=2,8,0,0,8,0,0,0.324407564883880212890280277144521794238395570390205804016566
90,2026-08-31,"[0,1)",<-2,5,0,4,5,0.8,0.375534629762525314372013921647583449989903515711330528044035,0.963775891367569828977116355437082786924683344958530986278769
90,2026-08-31,"[0,1)","[-2,0)",12,0,7,12,0.583333333333333333333333333333333333333333333333333333333333,0.319511312549549752881214112345423516650972787903234512239240,0.806739686341243438661529764173355909185465775133309477768524
90,2026-08-31,"[0,1)","[0,2)",10,0,5,10,0.5,0.236593090512564000563261842509355395776780619409009427978220,0.763406909487435999436738157490644604223219380590990572021780
90,2026-08-31,"[0,1)",>=2,6,0,2,6,0.333333333333333333333333333333333333333333333333333333333333,0.096771411105780481356761565536894948952997489896717266451625,0.700006684861607960276140786177184253775544401348882161961965
90,2026-08-31,"[1,2)",<-2,5,0,1,5,0.2,0.036224108632430171022883644562917213075316655041469013721231,0.624465370237474685627986078352416550010096484288669471955965
90,2026-08-31,"[1,2)","[-2,0)",7,0,4,7,0.571428571428571428571428571428571428571428571428571428571429,0.250458364527657221784906094671053427049031992323202445361730,0.841780144748530292388492928195547324578526657876056536588518
90,2026-08-31,"[1,2)","[0,2)",4,0,0,4,0,0,0.489890836454597301712536589852471046460117866669254129450196
90,2026-08-31,"[1,2)",>=2,2,0,0,2,0,0,0.657619772493346908066213171022805867761678469589830388837810
90,2026-08-31,"[2,4)",<-2,4,0,2,4,0.5,0.150038989152149514156900362816506811250894777823785469987184,0.849961010847850485843099637183493188749105222176214530012816
90,2026-08-31,"[2,4)","[-2,0)",21,0,3,21,0.142857142857142857142857142857142857142857142857142857142857,0.049810124997252692267020762353178509554809845763770065999945,0.346360602806209415952719912649412012302267632850122471841473
90,2026-08-31,"[2,4)","[0,2)",20,0,5,20,0.25,0.111861701407665666877330576519694826151766623946742638284325,0.468700877618744010454853128209654591170469622738471332534037
90,2026-08-31,"[2,4)",>=2,17,0,1,17,0.0588235294117647058823529411764705882352941176470588235294118,0.010460400984997586936532462901059298475354490139491428714097,0.269820306375754004601105839025543062567873644002601514473789
90,2026-08-31,"[4,8)",<-2,12,0,7,12,0.583333333333333333333333333333333333333333333333333333333333,0.319511312549549752881214112345423516650972787903234512239240,0.806739686341243438661529764173355909185465775133309477768524
90,2026-08-31,"[4,8)","[-2,0)",19,0,4,19,0.210526315789473684210526315789473684210526315789473684210526,0.085076766329162492394245251408520388737694231196638160466287,0.433342784438141653297692650511393562474333025072059682882727
90,2026-08-31,"[4,8)","[0,2)",31,0,0,31,0,0,0.110255395460435947523151756013484623904252359343767063579533
90,2026-08-31,"[4,8)",>=2,15,0,0,15,0,0,0.203883301035848588906113525033002846962414143120117784623588
90,2026-08-31,"[8,infinity)",<-2,17,0,2,17,0.117647058823529411764705882352941176470588235294117647058824,0.032879773763792665310938704743317837134545250753179513892103,0.343363505948858714021681156926404209102919132169967703537399
90,2026-08-31,"[8,infinity)","[-2,0)",20,0,0,20,0,0,0.161125158052819354664367409458698834644472493370427941636724
90,2026-08-31,"[8,infinity)","[0,2)",18,0,0,18,0,0,0.175879223646657630299759265673340687198492408383498668745102
90,2026-08-31,"[8,infinity)",>=2,30,0,0,30,0,0,0.113513393173968749941088969242882139187892157115904711864309
90,2026-09-01,"[0,1)",<-2,5,0,3,5,0.6,0.230724281276012960514584397140024627212918715729512090080818,0.882379225767352087268459028554864118425276904493775081360116
90,2026-09-01,"[0,1)","[-2,0)",7,0,5,7,0.714285714285714285714285714285714285714285714285714285714286,0.358934451832619308467445818087655348393652408447444242747635,0.917781075995943234052751250512146906489023542150332703103099
90,2026-09-01,"[0,1)","[0,2)",10,0,4,10,0.4,0.168180329706236137316988431060809769804217864178205459186317,0.687326230266341703588217754347849097890515508602648176669265
90,2026-09-01,"[0,1)",>=2,8,0,2,8,0.25,0.071479212752109018118065833441354725591654990944167339215003,0.590724569689831088327074305130906171527542794250935562793281
90,2026-09-01,"[1,2)",<-2,6,0,5,6,0.833333333333333333333333333333333333333333333333333333333333,0.436497177813529786730157242962737082064354641683022744644003,0.969946630251693330004038053609104512478561575825778398528811
90,2026-09-01,"[1,2)","[-2,0)",3,0,1,3,0.333333333333333333333333333333333333333333333333333333333333,0.061491944720396241873444442939187390780210775328990142673567,0.792340399197952247054735144859082924781055214487972948705729
90,2026-09-01,"[1,2)","[0,2)",9,0,2,9,0.222222222222222222222222222222222222222222222222222222222222,0.063225107117846725567422770990290510071971551480097975452854,0.547411030893011078544464242619660874625333887730516269883724
90,2026-09-01,"[1,2)",>=2,4,0,0,4,0,0,0.489890836454597301712536589852471046460117866669254129450196
90,2026-09-01,"[2,4)",<-2,9,0,6,9,0.666666666666666666666666666666666666666666666666666666666667,0.354202135580396271034535676092598602064228829333691743187467,0.879416181613089046498332115741430567117387907139939709610587
90,2026-09-01,"[2,4)","[-2,0)",20,0,1,20,0.05,0.008881448800795391602879473430907108230127032845046417582298,0.236131193446742027595051195081921842949898211188338729890754
90,2026-09-01,"[2,4)","[0,2)",17,0,2,17,0.117647058823529411764705882352941176470588235294117647058824,0.032879773763792665310938704743317837134545250753179513892103,0.343363505948858714021681156926404209102919132169967703537399
90,2026-09-01,"[2,4)",>=2,12,0,1,12,0.0833333333333333333333333333333333333333333333333333333333333,0.014865094404917114752602291403112818736709754550808213613698,0.353879911141116927533678326002990052081097430266471836347478
90,2026-09-01,"[4,8)",<-2,12,0,6,12,0.5,0.253781597633706077436663431202442670092883900453695437634874,0.746218402366293922563336568797557329907116099546304562365126
90,2026-09-01,"[4,8)","[-2,0)",22,0,3,22,0.136363636363636363636363636363636363636363636363636363636364,0.047490037140552535789798900094415495959800057247582919467239,0.333349871665717191673131755267916108571847594875751010615389
90,2026-09-01,"[4,8)","[0,2)",28,0,0,28,0,0,0.120643304765845633983553520438697530858973767234507701423027
90,2026-09-01,"[4,8)",>=2,21,0,1,21,0.0476190476190476190476190476190476190476190476190476190476190,0.008455987809826386088833643724683707809443898871529123314198,0.226693600741225617656171211278597619876187574039401424618264
90,2026-09-01,"[8,infinity)",<-2,14,0,1,14,0.0714285714285714285714285714285714285714285714285714285714286,0.012722215247890934509444161201882906109675297161938508881200,0.314687044241511181061484465394640207399371805737146133212574
90,2026-09-01,"[8,infinity)","[-2,0)",15,0,0,15,0,0,0.203883301035848588906113525033002846962414143120117784623588
90,2026-09-01,"[8,infinity)","[0,2)",25,0,0,25,0,0,0.133192250939048476302451276015897355794721028940851862306375
90,2026-09-01,"[8,infinity)",>=2,22,0,0,22,0,0,0.148654874608620875261529651123205956231015521669584153863614
90,2026-09-02,"[0,1)",<-2,0,0,0,0,,,
90,2026-09-02,"[0,1)","[-2,0)",5,0,3,5,0.6,0.230724281276012960514584397140024627212918715729512090080818,0.882379225767352087268459028554864118425276904493775081360116
90,2026-09-02,"[0,1)","[0,2)",11,0,4,11,0.363636363636363636363636363636363636363636363636363636363636,0.151664710953675735823076310869293598159801899314499705495715,0.646198825492151088892256035682660091136277528361845119574169
90,2026-09-02,"[0,1)",>=2,3,0,1,3,0.333333333333333333333333333333333333333333333333333333333333,0.061491944720396241873444442939187390780210775328990142673567,0.792340399197952247054735144859082924781055214487972948705729
90,2026-09-02,"[1,2)",<-2,2,0,1,2,0.5,0.094531205734230729793326600900495328768115141516490687279156,0.905468794265769270206673399099504671231884858483509312720844
90,2026-09-02,"[1,2)","[-2,0)",14,0,4,14,0.285714285714285714285714285714285714285714285714285714285714,0.117213786445769208141222800557781432933232152290618529649279,0.546490843298931849644241512740480123821291399158923791397607
90,2026-09-02,"[1,2)","[0,2)",12,0,1,12,0.0833333333333333333333333333333333333333333333333333333333333,0.014865094404917114752602291403112818736709754550808213613698,0.353879911141116927533678326002990052081097430266471836347478
90,2026-09-02,"[1,2)",>=2,5,0,1,5,0.2,0.036224108632430171022883644562917213075316655041469013721231,0.624465370237474685627986078352416550010096484288669471955965
90,2026-09-02,"[2,4)",<-2,6,0,3,6,0.5,0.187616306482650520497838086822922679765759317889977245350468,0.812383693517349479502161913177077320234240682110022754649532
90,2026-09-02,"[2,4)","[-2,0)",15,0,1,15,0.0666666666666666666666666666666666666666666666666666666666667,0.011866895493268551900400658175721432353582667454859885236678,0.298165298737800225151564396852881035013842923249242194770432
90,2026-09-02,"[2,4)","[0,2)",14,0,2,14,0.142857142857142857142857142857142857142857142857142857142857,0.040093921271464938853036912695479508861184094884878533434050,0.399413794969703490789403609468289752396355157531025334977428
90,2026-09-02,"[2,4)",>=2,14,0,0,14,0,1E-60,0.215310802737635801499416731029276965760554953382265415776069
90,2026-09-02,"[4,8)",<-2,7,0,3,7,0.428571428571428571428571428571428571428571428571428571428571,0.158219855251469707611507071804452675421473342123943463411485,0.749541635472342778215093905328946572950968007676797554638273
90,2026-09-02,"[4,8)","[-2,0)",27,0,4,27,0.148148148148148148148148148148148148148148148148148148148148,0.059159277762443300757095842292483488206447731088741631495683,0.324786854278129818045017235234935749726930659258221717062511
90,2026-09-02,"[4,8)","[0,2)",31,0,2,31,0.0645161290322580645161290322580645161290322580645161290322581,0.0178747835219145770963837259671189739186711542154245286916251,0.207186367362981248165716190560754730772129287793662913780871
90,2026-09-02,"[4,8)",>=2,16,0,1,16,0.0625,0.011119344764642533342375492137967463627461582798491024199936,0.283287375702989390505107159387803254014116936798528156516316
90,2026-09-02,"[8,infinity)",<-2,16,0,2,16,0.125,0.034977487743240464595820130995911566783344997213098451135723,0.360228272657586898702022141740463334052293733870060846621065
90,2026-09-02,"[8,infinity)","[-2,0)",16,0,1,16,0.0625,0.011119344764642533342375492137967463627461582798491024199936,0.283287375702989390505107159387803254014116936798528156516316
90,2026-09-02,"[8,infinity)","[0,2)",25,0,0,25,0,0,0.133192250939048476302451276015897355794721028940851862306375
90,2026-09-02,"[8,infinity)",>=2,30,0,0,30,0,0,0.113513393173968749941088969242882139187892157115904711864309
90,2026-09-03,"[0,1)",<-2,4,0,3,4,0.75,0.300641842582401915564942608623946450489900204040067862450985,0.954412739190299433578789096449818026280040862625305072823917
90,2026-09-03,"[0,1)","[-2,0)",15,0,8,15,0.533333333333333333333333333333333333333333333333333333333333,0.301169800254983958899851416330016847184720211837689657783119,0.751904646342626135173074348667782963017785511954302489908641
90,2026-09-03,"[0,1)","[0,2)",3,0,0,3,0,0,0.561497031755045466784538763394810946683797969450889274137888
90,2026-09-03,"[0,1)",>=2,8,0,0,8,0,0,0.324407564883880212890280277144521794238395570390205804016566
90,2026-09-03,"[1,2)",<-2,6,0,6,6,1,0.609665712097834675101292944857762391814374326263201714759228,1
90,2026-09-03,"[1,2)","[-2,0)",13,0,6,13,0.461538461538461538461538461538461538461538461538461538461538,0.232060678095383034950759843274915123621957652733428285692996,0.708562042854939916698734006138148508959175448696469288930582
90,2026-09-03,"[1,2)","[0,2)",9,0,2,9,0.222222222222222222222222222222222222222222222222222222222222,0.063225107117846725567422770990290510071971551480097975452854,0.547411030893011078544464242619660874625333887730516269883724
90,2026-09-03,"[1,2)",>=2,5,0,0,5,0,0,0.434482464783174761084782871525556271809021898883564142795326
90,2026-09-03,"[2,4)",<-2,8,0,7,8,0.875,0.529111817787146513131970656906765358621865761284448552259907,0.977582508549943327200319135234843295699337560922897094727667
90,2026-09-03,"[2,4)","[-2,0)",9,0,4,9,0.444444444444444444444444444444444444444444444444444444444444,0.188778521097664603881993396599235158965601761006227848652283,0.733348706504506956940384006122755117973859326835895000415031
90,2026-09-03,"[2,4)","[0,2)",15,0,2,15,0.133333333333333333333333333333333333333333333333333333333333,0.037361259103065351046643193402398148733014991019704808316858,0.378819828323223614151173391621803939039422047268381567073774
90,2026-09-03,"[2,4)",>=2,16,0,1,16,0.0625,0.011119344764642533342375492137967463627461582798491024199936,0.283287375702989390505107159387803254014116936798528156516316
90,2026-09-03,"[4,8)",<-2,17,0,5,17,0.294117647058823529411764705882352941176470588235294117647059,0.132799896102952285049064956509464144592802424013418243522553,0.531331100665398457668499584389616957227370705252891796631793
90,2026-09-03,"[4,8)","[-2,0)",17,0,0,17,0,0,0.184318135008851803742656742183482675848991885361038668946270
90,2026-09-03,"[4,8)","[0,2)",22,0,1,22,0.0454545454545454545454545454545454545454545454545454545454545,0.008069427621263850908248915147418683314924464397626624695992,0.217980458386573308420414404055495822349635100756540787907294
90,2026-09-03,"[4,8)",>=2,17,0,1,17,0.0588235294117647058823529411764705882352941176470588235294118,0.010460400984997586936532462901059298475354490139491428714097,0.269820306375754004601105839025543062567873644002601514473789
90,2026-09-03,"[8,infinity)",<-2,15,0,1,15,0.0666666666666666666666666666666666666666666666666666666666667,0.011866895493268551900400658175721432353582667454859885236678,0.298165298737800225151564396852881035013842923249242194770432
90,2026-09-03,"[8,infinity)","[-2,0)",16,0,0,16,0,0,0.193607680534436484397123030315166534447518308110879063675717
90,2026-09-03,"[8,infinity)","[0,2)",25,0,0,25,0,0,0.133192250939048476302451276015897355794721028940851862306375
90,2026-09-03,"[8,infinity)",>=2,32,0,0,32,0,0,0.107179198255070614069630916316154767610741869081416234881527
90,2026-09-04,"[0,1)",<-2,6,0,6,6,1,0.609665712097834675101292944857762391814374326263201714759228,1
90,2026-09-04,"[0,1)","[-2,0)",11,0,3,11,0.272727272727272727272727272727272727272727272727272727272727,0.097460592900248919005850618788623962973850320004186318086270,0.565645301176129122186369958797965519186282059456388390363538
90,2026-09-04,"[0,1)","[0,2)",13,0,3,13,0.230769230769230769230769230769230769230769230769230769230769,0.081795287184985631736579088284239642563328711695549236007848,0.502563759467275029809877857607205785504602998313733786357190
90,2026-09-04,"[0,1)",>=2,4,0,0,4,0,0,0.489890836454597301712536589852471046460117866669254129450196
90,2026-09-04,"[1,2)",<-2,7,0,6,7,0.857142857142857142857142857142857142857142857142857142857143,0.486872170725681131474124029217012562390124409416087828555966,0.974320375655256439392871085115991195747668841580207081195256
90,2026-09-04,"[1,2)","[-2,0)",9,0,8,9,0.888888888888888888888888888888888888888888888888888888888889,0.565000294423343983366694220495815206854206273521955333709475,0.980109112361455090876663960450252854569566111583184722819317
90,2026-09-04,"[1,2)","[0,2)",7,0,1,7,0.142857142857142857142857142857142857142857142857142857142857,0.025679624344743560607128914884008804252331158419792918804746,0.513127829274318868525875970782987437609875590583912171444036
90,2026-09-04,"[1,2)",>=2,3,0,0,3,0,0,0.561497031755045466784538763394810946683797969450889274137888
90,2026-09-04,"[2,4)",<-2,8,0,5,8,0.625,0.305742394602627319361520123108521776231413693739125031044205,0.863155714176402627415909807605347775208987413663323517951653
90,2026-09-04,"[2,4)","[-2,0)",13,0,2,13,0.153846153846153846153846153846153846153846153846153846153846,0.043258178358081204655316136859050533509986792180188296408137,0.422346310194825360190128507858522159720211120688889875204053
90,2026-09-04,"[2,4)","[0,2)",32,0,5,32,0.15625,0.068644202825057092470841388256410065091272699306633285367828,0.317541495975303954702029866710946337641112335686840376113222
90,2026-09-04,"[2,4)",>=2,8,0,1,8,0.125,0.022417491450056672799680864765156704300662439077102905272333,0.470888182212853486868029343093234641378134238715551447740093
90,2026-09-04,"[4,8)",<-2,12,0,2,12,0.166666666666666666666666666666666666666666666666666666666667,0.046965142183853845227742667144839337615029682787675658461465,0.448030862252973388601281826780042959039216065066148381507477
90,2026-09-04,"[4,8)","[-2,0)",17,0,0,17,0,0,0.184318135008851803742656742183482675848991885361038668946270
90,2026-09-04,"[4,8)","[0,2)",27,0,0,27,0,1E-61,0.124555029741867063560897531223174706536906133650947916372170
90,2026-09-04,"[4,8)",>=2,16,0,0,16,0,0,0.193607680534436484397123030315166534447518308110879063675717
90,2026-09-04,"[8,infinity)",<-2,10,0,3,10,0.3,0.107791267406301033916036517513920312585037515119197519502943,0.603221852538854647894375853303397422804429230442509752208221
90,2026-09-04,"[8,infinity)","[-2,0)",19,0,0,19,0,0,0.168179224052616251649710921498033188457137988100478093057389
90,2026-09-04,"[8,infinity)","[0,2)",28,0,1,28,0.0357142857142857142857142857142857142857142857142857142857143,0.0063325198490377551974348209979893972185220571404245483427960,0.177121977433533190644436305123658310007667869577332602978587
90,2026-09-04,"[8,infinity)",>=2,18,0,0,18,0,0,0.175879223646657630299759265673340687198492408383498668745102
90,2026-09-05,"[0,1)",<-2,1,0,1,1,1,0.206549314377237427355313009340764864545094252061342744002356,1
90,2026-09-05,"[0,1)","[-2,0)",38,0,20,38,0.526315789473684210526315789473684210526315789473684210526316,0.372589713844966774000799470914343646322153838334407767417638,0.675209766774739333651496684619866246068744141973002320466902
90,2026-09-05,"[0,1)","[0,2)",31,0,4,31,0.129032258064516129032258064516129032258064516129032258064516,0.051342843746291461952235157829154655711202228149003709725199,0.288524062563064241048812919213108129766146296525404111640261
90,2026-09-05,"[0,1)",>=2,5,0,1,5,0.2,0.036224108632430171022883644562917213075316655041469013721231,0.624465370237474685627986078352416550010096484288669471955965
90,2026-09-05,"[1,2)",<-2,2,0,2,2,1,0.342380227506653091933786828977194132238321530410169611162190,1
90,2026-09-05,"[1,2)","[-2,0)",32,0,7,32,0.21875,0.110238362526041891050394060591365901257793477588010034846860,0.387549936492435329363773329836471155523248823770286597273998
90,2026-09-05,"[1,2)","[0,2)",35,0,5,35,0.142857142857142857142857142857142857142857142857142857142857,0.062602310794337138173615734785769459010805140018935481526803,0.293755540865951457774188495117690138068958844029144703186593
90,2026-09-05,"[1,2)",>=2,4,0,0,4,0,0,0.489890836454597301712536589852471046460117866669254129450196
90,2026-09-05,"[2,4)",<-2,3,0,2,3,0.666666666666666666666666666666666666666666666666666666666667,0.207659600802047752945264855140917075218944785512027051294273,0.938508055279603758126555557060812609219789224671009857326435
90,2026-09-05,"[2,4)","[-2,0)",23,0,6,23,0.260869565217391304347826086956521739130434782608695652173913,0.125486160449863460781885445811898132095856782002079124975613,0.464700048374253723031949121277947777805530071249871844273491
90,2026-09-05,"[2,4)","[0,2)",31,0,1,31,0.0322580645161290322580645161290322580645161290322580645161290,0.0057172215254168199874586339522331850026054923572925644219034,0.161941051647249066405167202318445979294920908319134688604112
90,2026-09-05,"[2,4)",>=2,4,0,0,4,0,0,0.489890836454597301712536589852471046460117866669254129450196
90,2026-09-05,"[4,8)",<-2,2,0,0,2,0,0,0.657619772493346908066213171022805867761678469589830388837810
90,2026-09-05,"[4,8)","[-2,0)",23,0,0,23,0,0,0.143116618450426838883472276642405084339263420435897481157223
90,2026-09-05,"[4,8)","[0,2)",25,0,0,25,0,0,0.133192250939048476302451276015897355794721028940851862306375
90,2026-09-05,"[4,8)",>=2,2,0,0,2,0,0,0.657619772493346908066213171022805867761678469589830388837810
90,2026-09-05,"[8,infinity)",<-2,3,0,0,3,0,0,0.561497031755045466784538763394810946683797969450889274137888
90,2026-09-05,"[8,infinity)","[-2,0)",7,0,0,7,0,0,0.354330435066687400786206839933794738607089448605187126348296
90,2026-09-05,"[8,infinity)","[0,2)",5,0,1,5,0.2,0.036224108632430171022883644562917213075316655041469013721231,0.624465370237474685627986078352416550010096484288669471955965
90,2026-09-05,"[8,infinity)",>=2,1,0,0,1,0,0,0.793450685622762572644686990659235135454905747938657255997644
90,2026-09-06,"[0,1)",<-2,3,0,2,3,0.666666666666666666666666666666666666666666666666666666666667,0.207659600802047752945264855140917075218944785512027051294273,0.938508055279603758126555557060812609219789224671009857326435
90,2026-09-06,"[0,1)","[-2,0)",42,0,20,42,0.476190476190476190476190476190476190476190476190476190476190,0.333596012307054684468382231693526704279341482309843219806368,0.622775358686550263892669634876758062966106471279681033002816
90,2026-09-06,"[0,1)","[0,2)",25,0,4,25,0.16,0.064034514566764395140854100598757675913518437423819251002634,0.346536216071788568744812767092052526026891862255960015365702
90,2026-09-06,"[0,1)",>=2,6,0,0,6,0,0,0.390334287902165324898707055142237608185625673736798285240772
90,2026-09-06,"[1,2)",<-2,3,0,3,3,1,0.438502968244954533215461236605189053316202030549110725862112,1
90,2026-09-06,"[1,2)","[-2,0)",10,0,3,10,0.3,0.107791267406301033916036517513920312585037515119197519502943,0.603221852538854647894375853303397422804429230442509752208221
90,2026-09-06,"[1,2)","[0,2)",36,0,4,36,0.111111111111111111111111111111111111111111111111111111111111,0.044066403003156485830822589017943874728866937598732008878799,0.253148085903648584254478762487566638211113893330551461902397
90,2026-09-06,"[1,2)",>=2,1,0,0,1,0,0,0.793450685622762572644686990659235135454905747938657255997644
90,2026-09-06,"[2,4)",<-2,3,0,1,3,0.333333333333333333333333333333333333333333333333333333333333,0.061491944720396241873444442939187390780210775328990142673567,0.792340399197952247054735144859082924781055214487972948705729
90,2026-09-06,"[2,4)","[-2,0)",28,0,3,28,0.107142857142857142857142857142857142857142857142857142857143,0.037118366829300001262786171955497541377300487391947206585936,0.271958515486721568295720165532050518583321758292308844532156
90,2026-09-06,"[2,4)","[0,2)",34,0,4,34,0.117647058823529411764705882352941176470588235294117647058824,0.046714466648823360056136510906426551429869139551349690558171,0.266208427703718343041160101755146695437015102135900403020089
90,2026-09-06,"[2,4)",>=2,5,0,0,5,0,0,0.434482464783174761084782871525556271809021898883564142795326
90,2026-09-06,"[4,8)",<-2,5,0,0,5,0,0,0.434482464783174761084782871525556271809021898883564142795326
90,2026-09-06,"[4,8)","[-2,0)",14,0,1,14,0.0714285714285714285714285714285714285714285714285714285714286,0.012722215247890934509444161201882906109675297161938508881200,0.314687044241511181061484465394640207399371805737146133212574
90,2026-09-06,"[4,8)","[0,2)",30,0,1,30,0.0333333333333333333333333333333333333333333333333333333333333,0.0059085903816124476062287109931498005593420360746152862315344,0.166703909914091719005454326966873529349357310566895778175154
90,2026-09-06,"[4,8)",>=2,9,0,1,9,0.111111111111111111111111111111111111111111111111111111111111,0.019890887638544909123336039549747145430433888416815277180683,0.434999705576656016633305779504184793145793726478044666290525
90,2026-09-06,"[8,infinity)",<-2,3,0,0,3,0,0,0.561497031755045466784538763394810946683797969450889274137888
90,2026-09-06,"[8,infinity)","[-2,0)",5,0,0,5,0,0,0.434482464783174761084782871525556271809021898883564142795326
90,2026-09-06,"[8,infinity)","[0,2)",8,0,0,8,0,0,0.324407564883880212890280277144521794238395570390205804016566
90,2026-09-06,"[8,infinity)",>=2,4,0,0,4,0,0,0.489890836454597301712536589852471046460117866669254129450196
90,2026-09-07,"[0,1)",<-2,3,0,3,3,1,0.438502968244954533215461236605189053316202030549110725862112,1
90,2026-09-07,"[0,1)","[-2,0)",20,0,12,20,0.6,0.386581500762253185580132611437794094945692721675580248887282,0.781193467627182943486993906670466138125412779650334162785374
90,2026-09-07,"[0,1)","[0,2)",31,0,10,31,0.322580645161290322580645161290322580645161290322580645161290,0.185694265663591756786399347127958534632126879455496542069498,0.498589906919143579431493211457471493204865893214872415974852
90,2026-09-07,"[0,1)",>=2,5,0,1,5,0.2,0.036224108632430171022883644562917213075316655041469013721231,0.624465370237474685627986078352416550010096484288669471955965
90,2026-09-07,"[1,2)",<-2,3,0,1,3,0.333333333333333333333333333333333333333333333333333333333333,0.061491944720396241873444442939187390780210775328990142673567,0.792340399197952247054735144859082924781055214487972948705729
90,2026-09-07,"[1,2)","[-2,0)",13,0,4,13,0.307692307692307692307692307692307692307692307692307692307692,0.126807036557105129020819308386537870881542124804031003249814,0.576306568194509629226649938678780292024123382345456869868070
90,2026-09-07,"[1,2)","[0,2)",20,0,1,20,0.05,0.008881448800795391602879473430907108230127032845046417582298,0.236131193446742027595051195081921842949898211188338729890754
90,2026-09-07,"[1,2)",>=2,4,0,0,4,0,0,0.489890836454597301712536589852471046460117866669254129450196
90,2026-09-07,"[2,4)",<-2,6,0,4,6,0.666666666666666666666666666666666666666666666666666666666667,0.299993315138392039723859213822815746224455598651117838038035,0.903228588894219518643238434463105051047002510103282733548375
90,2026-09-07,"[2,4)","[-2,0)",24,0,4,24,0.166666666666666666666666666666666666666666666666666666666667,0.066786763286329513647649829844765722752653150016095215726744,0.358530706496990609499209494949335912826488546368860969090318
90,2026-09-07,"[2,4)","[0,2)",39,0,9,39,0.230769230769230769230769230769230769230769230769230769230769,0.126458041251428471430719989853406394300631025376966616657688,0.383362572283417674218018942989273517031514957103447155439676
90,2026-09-07,"[2,4)",>=2,6,0,0,6,0,0,0.390334287902165324898707055142237608185625673736798285240772
90,2026-09-07,"[4,8)",<-2,7,0,2,7,0.285714285714285714285714285714285714285714285714285714285714,0.082218924004056765947248749487853093510976457849667296896903,0.641065548167380691532554181912344651606347591552555757252367
90,2026-09-07,"[4,8)","[-2,0)",24,0,2,24,0.0833333333333333333333333333333333333333333333333333333333333,0.023158815297043336041234637343711646272452416356485321686888,0.258488021932106817892339518648915398201474704124709909334440
90,2026-09-07,"[4,8)","[0,2)",29,0,1,29,0.0344827586206896551724137931034482758620689655172413793103448,0.0061132142927626615476141681672883528681288405609873045015249,0.171755218793202857165572269807992843690317534420548570185849
90,2026-09-07,"[4,8)",>=2,8,0,0,8,0,0,0.324407564883880212890280277144521794238395570390205804016566
90,2026-09-07,"[8,infinity)",<-2,2,0,0,2,0,0,0.657619772493346908066213171022805867761678469589830388837810
90,2026-09-07,"[8,infinity)","[-2,0)",4,0,0,4,0,0,0.489890836454597301712536589852471046460117866669254129450196
90,2026-09-07,"[8,infinity)","[0,2)",15,0,0,15,0,0,0.203883301035848588906113525033002846962414143120117784623588
90,2026-09-07,"[8,infinity)",>=2,9,0,1,9,0.111111111111111111111111111111111111111111111111111111111111,0.019890887638544909123336039549747145430433888416815277180683,0.434999705576656016633305779504184793145793726478044666290525
90,2026-09-08,"[0,1)",<-2,5,0,5,5,1,0.565517535216825238915217128474443728190978101116435857204674,1
90,2026-09-08,"[0,1)","[-2,0)",14,0,11,14,0.785714285714285714285714285714285714285714285714285714285714,0.524107694133997081567297846958777089894564598489567544856812,0.924286132873068174718749735310207501099403999577709360414002
90,2026-09-08,"[0,1)","[0,2)",14,0,7,14,0.5,0.267992024524136346717374766445350250952205185470645542577707,0.732007975475863653282625233554649749047794814529354457422291
90,2026-09-08,"[0,1)",>=2,2,0,0,2,0,0,0.657619772493346908066213171022805867761678469589830388837810
90,2026-09-08,"[1,2)",<-2,5,0,4,5,0.8,0.375534629762525314372013921647583449989903515711330528044035,0.963775891367569828977116355437082786924683344958530986278769
90,2026-09-08,"[1,2)","[-2,0)",10,0,6,10,0.6,0.312673769733658296411782245652150902109484491397351823330735,0.831819670293763862683011568939190230195782135821794540813683
90,2026-09-08,"[1,2)","[0,2)",15,0,2,15,0.133333333333333333333333333333333333333333333333333333333333,0.037361259103065351046643193402398148733014991019704808316858,0.378819828323223614151173391621803939039422047268381567073774
90,2026-09-08,"[1,2)",>=2,9,0,1,9,0.111111111111111111111111111111111111111111111111111111111111,0.019890887638544909123336039549747145430433888416815277180683,0.434999705576656016633305779504184793145793726478044666290525
90,2026-09-08,"[2,4)",<-2,16,0,6,16,0.375,0.184812325588636338717151440003495893824868698406163227915553,0.613589594544972782382129317575295739787010878621556538003377
90,2026-09-08,"[2,4)","[-2,0)",12,0,3,12,0.25,0.088941668394054751787482659745219961573184556826760770101589,0.532305334933565673584285710698441760917499754063607259875117
90,2026-09-08,"[2,4)","[0,2)",21,0,1,21,0.0476190476190476190476190476190476190476190476190476190476190,0.008455987809826386088833643724683707809443898871529123314198,0.226693600741225617656171211278597619876187574039401424618264
90,2026-09-08,"[2,4)",>=2,8,0,1,8,0.125,0.022417491450056672799680864765156704300662439077102905272333,0.470888182212853486868029343093234641378134238715551447740093
90,2026-09-08,"[4,8)",<-2,6,0,4,6,0.666666666666666666666666666666666666666666666666666666666667,0.299993315138392039723859213822815746224455598651117838038035,0.903228588894219518643238434463105051047002510103282733548375
90,2026-09-08,"[4,8)","[-2,0)",15,0,0,15,0,0,0.203883301035848588906113525033002846962414143120117784623588
90,2026-09-08,"[4,8)","[0,2)",29,0,1,29,0.0344827586206896551724137931034482758620689655172413793103448,0.0061132142927626615476141681672883528681288405609873045015249,0.171755218793202857165572269807992843690317534420548570185849
90,2026-09-08,"[4,8)",>=2,24,0,0,24,0,0,0.137976204674980184720288987191152453368712544577434277225593
90,2026-09-08,"[8,infinity)",<-2,12,0,1,12,0.0833333333333333333333333333333333333333333333333333333333333,0.014865094404917114752602291403112818736709754550808213613698,0.353879911141116927533678326002990052081097430266471836347478
90,2026-09-08,"[8,infinity)","[-2,0)",17,0,0,17,0,0,0.184318135008851803742656742183482675848991885361038668946270
90,2026-09-08,"[8,infinity)","[0,2)",20,0,0,20,0,0,0.161125158052819354664367409458698834644472493370427941636724
90,2026-09-08,"[8,infinity)",>=2,12,0,0,12,0,0,0.242494006655240850743536740887323444981368621780736059953412
90,2026-09-09,"[0,1)",<-2,7,0,6,7,0.857142857142857142857142857142857142857142857142857142857143,0.486872170725681131474124029217012562390124409416087828555966,0.974320375655256439392871085115991195747668841580207081195256
90,2026-09-09,"[0,1)","[-2,0)",10,0,5,10,0.5,0.236593090512564000563261842509355395776780619409009427978220,0.763406909487435999436738157490644604223219380590990572021780
90,2026-09-09,"[0,1)","[0,2)",13,0,3,13,0.230769230769230769230769230769230769230769230769230769230769,0.081795287184985631736579088284239642563328711695549236007848,0.502563759467275029809877857607205785504602998313733786357190
90,2026-09-09,"[0,1)",>=2,4,0,1,4,0.25,0.045587260809700566421210903550181973719959137374694927176083,0.699358157417598084435057391376053549510099795959932137549015
90,2026-09-09,"[1,2)",<-2,7,0,5,7,0.714285714285714285714285714285714285714285714285714285714286,0.358934451832619308467445818087655348393652408447444242747635,0.917781075995943234052751250512146906489023542150332703103099
90,2026-09-09,"[1,2)","[-2,0)",8,0,5,8,0.625,0.305742394602627319361520123108521776231413693739125031044205,0.863155714176402627415909807605347775208987413663323517951653
90,2026-09-09,"[1,2)","[0,2)",11,0,1,11,0.0909090909090909090909090909090909090909090909090909090909091,0.016232172885884845686826985683594359775015595838264491904934,0.377358436451595628459170053972266708113222687190769983304724
90,2026-09-09,"[1,2)",>=2,5,0,0,5,0,0,0.434482464783174761084782871525556271809021898883564142795326
90,2026-09-09,"[2,4)",<-2,9,0,6,9,0.666666666666666666666666666666666666666666666666666666666667,0.354202135580396271034535676092598602064228829333691743187467,0.879416181613089046498332115741430567117387907139939709610587
90,2026-09-09,"[2,4)","[-2,0)",23,0,7,23,0.304347826086956521739130434782608695652173913043478260869565,0.156040244532140215117595609521444763204429555022673976603220,0.508657562687592026184632672642974617623977870365285907327864
90,2026-09-09,"[2,4)","[0,2)",13,0,2,13,0.153846153846153846153846153846153846153846153846153846153846,0.043258178358081204655316136859050533509986792180188296408137,0.422346310194825360190128507858522159720211120688889875204053
90,2026-09-09,"[2,4)",>=2,10,0,0,10,0,0,0.277532799862889204526030927043294338473666863904268179277910
90,2026-09-09,"[4,8)",<-2,7,0,1,7,0.142857142857142857142857142857142857142857142857142857142857,0.025679624344743560607128914884008804252331158419792918804746,0.513127829274318868525875970782987437609875590583912171444036
90,2026-09-09,"[4,8)","[-2,0)",20,0,2,20,0.1,0.027866481213768216190008568038508467101765983679755710140331,0.301033645228487267541485359528450600613812011016586643169049
90,2026-09-09,"[4,8)","[0,2)",23,0,0,23,0,0,0.143116618450426838883472276642405084339263420435897481157223
90,2026-09-09,"[4,8)",>=2,15,0,0,15,0,0,0.203883301035848588906113525033002846962414143120117784623588
90,2026-09-09,"[8,infinity)",<-2,8,0,1,8,0.125,0.022417491450056672799680864765156704300662439077102905272333,0.470888182212853486868029343093234641378134238715551447740093
90,2026-09-09,"[8,infinity)","[-2,0)",11,0,0,11,0,0,0.258832966968031690622885270690496860752291234813264358589584
90,2026-09-09,"[8,infinity)","[0,2)",17,0,0,17,0,0,0.184318135008851803742656742183482675848991885361038668946270
90,2026-09-09,"[8,infinity)",>=2,21,0,0,21,0,0,0.154639018924846951507636945003626730599908470059449552977985
90,2026-09-10,"[0,1)",<-2,7,0,5,7,0.714285714285714285714285714285714285714285714285714285714286,0.358934451832619308467445818087655348393652408447444242747635,0.917781075995943234052751250512146906489023542150332703103099
90,2026-09-10,"[0,1)","[-2,0)",11,0,5,11,0.454545454545454545454545454545454545454545454545454545454545,0.212712716224597650615783745391506803188695294069402798042938,0.719908462590677957622660370125811093243331181822712143647020
90,2026-09-10,"[0,1)","[0,2)",14,0,4,14,0.285714285714285714285714285714285714285714285714285714285714,0.117213786445769208141222800557781432933232152290618529649279,0.546490843298931849644241512740480123821291399158923791397607
90,2026-09-10,"[0,1)",>=2,6,0,0,6,0,0,0.390334287902165324898707055142237608185625673736798285240772
90,2026-09-10,"[1,2)",<-2,2,0,2,2,1,0.342380227506653091933786828977194132238321530410169611162190,1
90,2026-09-10,"[1,2)","[-2,0)",9,0,4,9,0.444444444444444444444444444444444444444444444444444444444444,0.188778521097664603881993396599235158965601761006227848652283,0.733348706504506956940384006122755117973859326835895000415031
90,2026-09-10,"[1,2)","[0,2)",12,0,1,12,0.0833333333333333333333333333333333333333333333333333333333333,0.014865094404917114752602291403112818736709754550808213613698,0.353879911141116927533678326002990052081097430266471836347478
90,2026-09-10,"[1,2)",>=2,3,0,0,3,0,0,0.561497031755045466784538763394810946683797969450889274137888
90,2026-09-10,"[2,4)",<-2,12,0,7,12,0.583333333333333333333333333333333333333333333333333333333333,0.319511312549549752881214112345423516650972787903234512239240,0.806739686341243438661529764173355909185465775133309477768524
90,2026-09-10,"[2,4)","[-2,0)",17,0,5,17,0.294117647058823529411764705882352941176470588235294117647059,0.132799896102952285049064956509464144592802424013418243522553,0.531331100665398457668499584389616957227370705252891796631793
90,2026-09-10,"[2,4)","[0,2)",19,0,3,19,0.157894736842105263157894736842105263157894736842105263157895,0.055204716385341409053692396938765178205972216622661334906490,0.375654752703290763127688759875678582317332722603981570869620
90,2026-09-10,"[2,4)",>=2,8,0,0,8,0,0,0.324407564883880212890280277144521794238395570390205804016566
90,2026-09-10,"[4,8)",<-2,11,0,5,11,0.454545454545454545454545454545454545454545454545454545454545,0.212712716224597650615783745391506803188695294069402798042938,0.719908462590677957622660370125811093243331181822712143647020
90,2026-09-10,"[4,8)","[-2,0)",22,0,2,22,0.0909090909090909090909090909090909090909090909090909090909091,0.025295428990995267023842223700597917677176523865640344860014,0.278149468416058176371954763582025137420927084773110326482942
90,2026-09-10,"[4,8)","[0,2)",28,0,0,28,0,0,0.120643304765845633983553520438697530858973767234507701423027
90,2026-09-10,"[4,8)",>=2,12,0,0,12,0,0,0.242494006655240850743536740887323444981368621780736059953412
90,2026-09-10,"[8,infinity)",<-2,15,0,0,15,0,0,0.203883301035848588906113525033002846962414143120117784623588
90,2026-09-10,"[8,infinity)","[-2,0)",14,0,0,14,0,1E-60,0.215310802737635801499416731029276965760554953382265415776069
90,2026-09-10,"[8,infinity)","[0,2)",20,0,0,20,0,0,0.161125158052819354664367409458698834644472493370427941636724
90,2026-09-10,"[8,infinity)",>=2,25,0,0,25,0,0,0.133192250939048476302451276015897355794721028940851862306375
90,2026-09-11,"[0,1)",<-2,7,0,7,7,1,0.645669564933312599213793160066205261392910551394812873651709,1
90,2026-09-11,"[0,1)","[-2,0)",12,0,8,12,0.666666666666666666666666666666666666666666666666666666666667,0.390622088872799549669521642828985664551571683200483379408933,0.861879908908786833415966110208573187121305442872604600606597
90,2026-09-11,"[0,1)","[0,2)",15,0,5,15,0.333333333333333333333333333333333333333333333333333333333333,0.151763244397147307526588128464572025229451874552594551429959,0.582864522614802222108783046546428923758019506487444710111237
90,2026-09-11,"[0,1)",>=2,9,0,1,9,0.111111111111111111111111111111111111111111111111111111111111,0.019890887638544909123336039549747145430433888416815277180683,0.434999705576656016633305779504184793145793726478044666290525
90,2026-09-11,"[1,2)",<-2,9,0,6,9,0.666666666666666666666666666666666666666666666666666666666667,0.354202135580396271034535676092598602064228829333691743187467,0.879416181613089046498332115741430567117387907139939709610587
90,2026-09-11,"[1,2)","[-2,0)",16,0,6,16,0.375,0.184812325588636338717151440003495893824868698406163227915553,0.613589594544972782382129317575295739787010878621556538003377
90,2026-09-11,"[1,2)","[0,2)",14,0,2,14,0.142857142857142857142857142857142857142857142857142857142857,0.040093921271464938853036912695479508861184094884878533434050,0.399413794969703490789403609468289752396355157531025334977428
90,2026-09-11,"[1,2)",>=2,4,0,0,4,0,0,0.489890836454597301712536589852471046460117866669254129450196
90,2026-09-11,"[2,4)",<-2,5,0,2,5,0.4,0.117620774232647912731540971445135881574723095506224918639884,0.769275718723987039485415602859975372787081284270487909919182
90,2026-09-11,"[2,4)","[-2,0)",12,0,2,12,0.166666666666666666666666666666666666666666666666666666666667,0.046965142183853845227742667144839337615029682787675658461465,0.448030862252973388601281826780042959039216065066148381507477
90,2026-09-11,"[2,4)","[0,2)",27,0,1,27,0.0370370370370370370370370370370370370370370370370370370370370,0.0065681459807851276906533377070903760260452895409647013474160,0.182834659335758449680548080092145463359978908283987073071260
90,2026-09-11,"[2,4)",>=2,9,0,1,9,0.111111111111111111111111111111111111111111111111111111111111,0.019890887638544909123336039549747145430433888416815277180683,0.434999705576656016633305779504184793145793726478044666290525
90,2026-09-11,"[4,8)",<-2,10,0,4,10,0.4,0.168180329706236137316988431060809769804217864178205459186317,0.687326230266341703588217754347849097890515508602648176669265
90,2026-09-11,"[4,8)","[-2,0)",20,0,1,20,0.05,0.008881448800795391602879473430907108230127032845046417582298,0.236131193446742027595051195081921842949898211188338729890754
90,2026-09-11,"[4,8)","[0,2)",28,0,0,28,0,0,0.120643304765845633983553520438697530858973767234507701423027
90,2026-09-11,"[4,8)",>=2,13,0,1,13,0.0769230769230769230769230769230769230769230769230769230769231,0.013710421242556579808253714622779269798387965952631085614768,0.333139509210995888336178628920920688594076149776242235244574
90,2026-09-11,"[8,infinity)",<-2,17,0,4,17,0.235294117647058823529411764705882352941176470588235294117647,0.095550443220801159890200509891543120924949957353253344625109,0.472617981195649795032382471264418295700986923132002421287621
90,2026-09-11,"[8,infinity)","[-2,0)",12,0,0,12,0,0,0.242494006655240850743536740887323444981368621780736059953412
90,2026-09-11,"[8,infinity)","[0,2)",18,0,0,18,0,0,0.175879223646657630299759265673340687198492408383498668745102
90,2026-09-11,"[8,infinity)",>=2,23,0,0,23,0,0,0.143116618450426838883472276642405084339263420435897481157223
90,2026-09-12,"[0,1)",<-2,2,0,2,2,1,0.342380227506653091933786828977194132238321530410169611162190,1
90,2026-09-12,"[0,1)","[-2,0)",53,0,25,53,0.471698113207547169811320754716981132075471698113207547169811,0.343822434781961582592414459649290029029121286555111934083925,0.603399187212937013387822726087965680099233567664762857813199
90,2026-09-12,"[0,1)","[0,2)",42,0,11,42,0.261904761904761904761904761904761904761904761904761904761905,0.153026402878329867778139028405080345343112150476850575740765,0.410687307057719615832379637297767327111367385418391952351117
90,2026-09-12,"[0,1)",>=2,1,0,0,1,0,0,0.793450685622762572644686990659235135454905747938657255997644
90,2026-09-12,"[1,2)",<-2,3,0,3,3,1,0.438502968244954533215461236605189053316202030549110725862112,1
90,2026-09-12,"[1,2)","[-2,0)",16,0,2,16,0.125,0.034977487743240464595820130995911566783344997213098451135723,0.360228272657586898702022141740463334052293733870060846621065
90,2026-09-12,"[1,2)","[0,2)",32,0,4,32,0.125,0.049701343874800734251915537179920360463557332137381733086422,0.280683054816502226300307650057195715244499069673680443074724
90,2026-09-12,"[1,2)",>=2,2,0,0,2,0,0,0.657619772493346908066213171022805867761678469589830388837810
90,2026-09-12,"[2,4)",<-2,0,0,0,0,,,
90,2026-09-12,"[2,4)","[-2,0)",19,0,2,19,0.105263157894736842105263157894736842105263157894736842105263,0.029358560298870137791490101209690328416178648443629948669908,0.313940827111090060879334310499283241418403973740958019533294
90,2026-09-12,"[2,4)","[0,2)",40,0,2,40,0.05,0.0138206673861483508704957660244493576947155449879040303890317,0.165038773691409620301552052457666365810962958961273016238488
90,2026-09-12,"[2,4)",>=2,4,0,0,4,0,0,0.489890836454597301712536589852471046460117866669254129450196
90,2026-09-12,"[4,8)",<-2,0,0,0,0,,,
90,2026-09-12,"[4,8)","[-2,0)",13,0,0,13,0,1E-60,0.228095372354198371443420042369827223554730318588668470106495
90,2026-09-12,"[4,8)","[0,2)",15,0,0,15,0,0,0.203883301035848588906113525033002846962414143120117784623588
90,2026-09-12,"[4,8)",>=2,0,0,0,0,,,
90,2026-09-12,"[8,infinity)",<-2,0,0,0,0,,,
90,2026-09-12,"[8,infinity)","[-2,0)",0,0,0,0,,,
90,2026-09-12,"[8,infinity)","[0,2)",1,0,0,1,0,0,0.793450685622762572644686990659235135454905747938657255997644
90,2026-09-12,"[8,infinity)",>=2,0,0,0,0,,,
60,2026-08-16,"[0,1)",<-2,2,0,2,2,1,0.342380227506653091933786828977194132238321530410169611162190,1
60,2026-08-16,"[0,1)","[-2,0)",71,0,30,71,0.422535211267605633802816901408450704225352112676056338028169,0.314530120701496569202296833760462190642147366463359107141069,0.538492519779711793550968239824711739765386989142607659234515
60,2026-08-16,"[0,1)","[0,2)",73,0,6,73,0.0821917808219178082191780821917808219178082191780821917808219,0.0382137504787049350408486366791247096263214932631424765846249,0.167943954799371744382415972126521404036321642859994923882847
60,2026-08-16,"[0,1)",>=2,2,0,0,2,0,0,0.657619772493346908066213171022805867761678469589830388837810
60,2026-08-16,"[1,2)",<-2,0,0,0,0,,,
60,2026-08-16,"[1,2)","[-2,0)",11,0,2,11,0.181818181818181818181818181818181818181818181818181818181818,0.051367689746085094133963649924377303658571388552538605220008,0.476980561960844163535145158696847971365613942692265986609726
60,2026-08-16,"[1,2)","[0,2)",25,0,0,25,0,0,0.133192250939048476302451276015897355794721028940851862306375
60,2026-08-16,"[1,2)",>=2,0,0,0,0,,,
60,2026-08-16,"[2,4)",<-2,0,0,0,0,,,
60,2026-08-16,"[2,4)","[-2,0)",12,0,1,12,0.0833333333333333333333333333333333333333333333333333333333333,0.014865094404917114752602291403112818736709754550808213613698,0.353879911141116927533678326002990052081097430266471836347478
60,2026-08-16,"[2,4)","[0,2)",26,0,1,26,0.0384615384615384615384615384615384615384615384615384615384615,0.0068219849935434809817954443958269886508791889728623281663195,0.188927789030347560694580852465746207751500644113564387184404
60,2026-08-16,"[2,4)",>=2,2,0,0,2,0,0,0.657619772493346908066213171022805867761678469589830388837810
60,2026-08-16,"[4,8)",<-2,1,0,0,1,0,0,0.793450685622762572644686990659235135454905747938657255997644
60,2026-08-16,"[4,8)","[-2,0)",4,0,0,4,0,0,0.489890836454597301712536589852471046460117866669254129450196
60,2026-08-16,"[4,8)","[0,2)",18,0,0,18,0,0,0.175879223646657630299759265673340687198492408383498668745102
60,2026-08-16,"[4,8)",>=2,0,0,0,0,,,
60,2026-08-16,"[8,infinity)",<-2,1,0,0,1,0,0,0.793450685622762572644686990659235135454905747938657255997644
60,2026-08-16,"[8,infinity)","[-2,0)",5,0,0,5,0,0,0.434482464783174761084782871525556271809021898883564142795326
60,2026-08-16,"[8,infinity)","[0,2)",1,0,0,1,0,0,0.793450685622762572644686990659235135454905747938657255997644
60,2026-08-16,"[8,infinity)",>=2,0,0,0,0,,,
60,2026-08-17,"[0,1)",<-2,5,0,5,5,1,0.565517535216825238915217128474443728190978101116435857204674,1
60,2026-08-17,"[0,1)","[-2,0)",13,0,6,13,0.461538461538461538461538461538461538461538461538461538461538,0.232060678095383034950759843274915123621957652733428285692996,0.708562042854939916698734006138148508959175448696469288930582
60,2026-08-17,"[0,1)","[0,2)",23,0,3,23,0.130434782608695652173913043478260869565217391304347826086957,0.045376590936312368994351425459903063171090097440093948200373,0.321274822700959642354301996406222433949235039403830277002791
60,2026-08-17,"[0,1)",>=2,2,0,0,2,0,0,0.657619772493346908066213171022805867761678469589830388837810
60,2026-08-17,"[1,2)",<-2,6,0,4,6,0.666666666666666666666666666666666666666666666666666666666667,0.299993315138392039723859213822815746224455598651117838038035,0.903228588894219518643238434463105051047002510103282733548375
60,2026-08-17,"[1,2)","[-2,0)",22,0,5,22,0.227272727272727272727272727272727272727272727272727272727273,0.101230399852485124612616145999174203013607202781311260258080,0.434399531752217170984581845522574500385128536311189187303890
60,2026-08-17,"[1,2)","[0,2)",14,0,2,14,0.142857142857142857142857142857142857142857142857142857142857,0.040093921271464938853036912695479508861184094884878533434050,0.399413794969703490789403609468289752396355157531025334977428
60,2026-08-17,"[1,2)",>=2,4,0,0,4,0,0,0.489890836454597301712536589852471046460117866669254129450196
60,2026-08-17,"[2,4)",<-2,2,0,1,2,0.5,0.094531205734230729793326600900495328768115141516490687279156,0.905468794265769270206673399099504671231884858483509312720844
60,2026-08-17,"[2,4)","[-2,0)",16,0,0,16,0,0,0.193607680534436484397123030315166534447518308110879063675717
60,2026-08-17,"[2,4)","[0,2)",36,0,0,36,0,0,0.0964186285944636615382445947927992309228324969090787481472514
60,2026-08-17,"[2,4)",>=2,11,1,0,10,0,0,0.277532799862889204526030927043294338473666863904268179277910
60,2026-08-17,"[4,8)",<-2,7,0,2,7,0.285714285714285714285714285714285714285714285714285714285714,0.082218924004056765947248749487853093510976457849667296896903,0.641065548167380691532554181912344651606347591552555757252367
60,2026-08-17,"[4,8)","[-2,0)",22,0,0,22,0,0,0.148654874608620875261529651123205956231015521669584153863614
60,2026-08-17,"[4,8)","[0,2)",34,0,0,34,0,0,0.101514554153323765588772493480518861287464008360250122371569
60,2026-08-17,"[4,8)",>=2,14,0,0,14,0,1E-60,0.215310802737635801499416731029276965760554953382265415776069
60,2026-08-17,"[8,infinity)",<-2,3,0,0,3,0,0,0.561497031755045466784538763394810946683797969450889274137888
60,2026-08-17,"[8,infinity)","[-2,0)",14,0,0,14,0,1E-60,0.215310802737635801499416731029276965760554953382265415776069
60,2026-08-17,"[8,infinity)","[0,2)",14,0,0,14,0,1E-60,0.215310802737635801499416731029276965760554953382265415776069
60,2026-08-17,"[8,infinity)",>=2,8,0,0,8,0,0,0.324407564883880212890280277144521794238395570390205804016566
60,2026-08-18,"[0,1)",<-2,3,0,3,3,1,0.438502968244954533215461236605189053316202030549110725862112,1
60,2026-08-18,"[0,1)","[-2,0)",19,0,7,19,0.368421052631578947368421052631578947368421052631578947368421,0.191495127451350752867900643315630812991974657560034220659804,0.589604668351969313355707493920693710286219549834828435407932
60,2026-08-18,"[0,1)","[0,2)",23,0,3,23,0.130434782608695652173913043478260869565217391304347826086957,0.045376590936312368994351425459903063171090097440093948200373,0.321274822700959642354301996406222433949235039403830277002791
60,2026-08-18,"[0,1)",>=2,1,0,1,1,1,0.206549314377237427355313009340764864545094252061342744002356,1
60,2026-08-18,"[1,2)",<-2,3,0,3,3,1,0.438502968244954533215461236605189053316202030549110725862112,1
60,2026-08-18,"[1,2)","[-2,0)",19,0,5,19,0.263157894736842105263157894736842105263157894736842105263158,0.118064123467825079571574309424165595222785285617756813881775,0.487915508978151039630920337601218546677964287692995967040147
60,2026-08-18,"[1,2)","[0,2)",21,0,0,21,0,0,0.154639018924846951507636945003626730599908470059449552977985
60,2026-08-18,"[1,2)",>=2,2,0,0,2,0,0,0.657619772493346908066213171022805867761678469589830388837810
60,2026-08-18,"[2,4)",<-2,3,0,1,3,0.333333333333333333333333333333333333333333333333333333333333,0.061491944720396241873444442939187390780210775328990142673567,0.792340399197952247054735144859082924781055214487972948705729
60,2026-08-18,"[2,4)","[-2,0)",36,0,0,36,0,0,0.0964186285944636615382445947927992309228324969090787481472514
60,2026-08-18,"[2,4)","[0,2)",40,0,0,40,0,0,0.0876216011972866346356086872023508038951983377213078295861324
60,2026-08-18,"[2,4)",>=2,3,0,0,3,0,0,0.561497031755045466784538763394810946683797969450889274137888
60,2026-08-18,"[4,8)",<-2,1,0,0,1,0,0,0.793450685622762572644686990659235135454905747938657255997644
60,2026-08-18,"[4,8)","[-2,0)",21,0,0,21,0,0,0.154639018924846951507636945003626730599908470059449552977985
60,2026-08-18,"[4,8)","[0,2)",33,0,0,33,0,0,0.104269997542452055904110156546589646564609266108543906361983
60,2026-08-18,"[4,8)",>=2,9,0,0,9,0,0,0.299145048419544047401396624497912492455149790579105641605840
60,2026-08-18,"[8,infinity)",<-2,4,0,0,4,0,0,0.489890836454597301712536589852471046460117866669254129450196
60,2026-08-18,"[8,infinity)","[-2,0)",4,0,0,4,0,0,0.489890836454597301712536589852471046460117866669254129450196
60,2026-08-18,"[8,infinity)","[0,2)",9,0,0,9,0,0,0.299145048419544047401396624497912492455149790579105641605840
60,2026-08-18,"[8,infinity)",>=2,6,0,0,6,0,0,0.390334287902165324898707055142237608185625673736798285240772
60,2026-08-19,"[0,1)",<-2,0,0,0,0,,,
60,2026-08-19,"[0,1)","[-2,0)",18,0,8,18,0.444444444444444444444444444444444444444444444444444444444444,0.245595181270056367349251167427436191929685055296861005326601,0.662835843579572258239610973202934995536814101190194402311743
60,2026-08-19,"[0,1)","[0,2)",13,0,3,13,0.230769230769230769230769230769230769230769230769230769230769,0.081795287184985631736579088284239642563328711695549236007848,0.502563759467275029809877857607205785504602998313733786357190
60,2026-08-19,"[0,1)",>=2,3,0,0,3,0,0,0.561497031755045466784538763394810946683797969450889274137888
60,2026-08-19,"[1,2)",<-2,2,0,2,2,1,0.342380227506653091933786828977194132238321530410169611162190,1
60,2026-08-19,"[1,2)","[-2,0)",14,0,5,14,0.357142857142857142857142857142857142857142857142857142857143,0.163447317535541338500216372646456652210237362581367019688061,0.612355768960926033356759836219051052292778338384994527676529
60,2026-08-19,"[1,2)","[0,2)",16,0,0,16,0,0,0.193607680534436484397123030315166534447518308110879063675717
60,2026-08-19,"[1,2)",>=2,0,0,0,0,,,
60,2026-08-19,"[2,4)",<-2,11,0,7,11,0.636363636363636363636363636363636363636363636363636363636364,0.353801174507848911107743964317339908863722471638154880425828,0.848335289046324264176923689130706401840198100685500294504282
60,2026-08-19,"[2,4)","[-2,0)",22,0,2,22,0.0909090909090909090909090909090909090909090909090909090909091,0.025295428990995267023842223700597917677176523865640344860014,0.278149468416058176371954763582025137420927084773110326482942
60,2026-08-19,"[2,4)","[0,2)",27,0,1,27,0.0370370370370370370370370370370370370370370370370370370370370,0.0065681459807851276906533377070903760260452895409647013474160,0.182834659335758449680548080092145463359978908283987073071260
60,2026-08-19,"[2,4)",>=2,2,0,0,2,0,0,0.657619772493346908066213171022805867761678469589830388837810
60,2026-08-19,"[4,8)",<-2,9,0,3,9,0.333333333333333333333333333333333333333333333333333333333333,0.120583818386910953501667884258569432882612092860060290389413,0.645797864419603728965464323907401397935771170666308256812533
60,2026-08-19,"[4,8)","[-2,0)",13,0,1,13,0.0769230769230769230769230769230769230769230769230769230769231,0.013710421242556579808253714622779269798387965952631085614768,0.333139509210995888336178628920920688594076149776242235244574
60,2026-08-19,"[4,8)","[0,2)",15,0,0,15,0,0,0.203883301035848588906113525033002846962414143120117784623588
60,2026-08-19,"[4,8)",>=2,15,0,0,15,0,0,0.203883301035848588906113525033002846962414143120117784623588
60,2026-08-19,"[8,infinity)",<-2,20,0,0,20,0,0,0.161125158052819354664367409458698834644472493370427941636724
60,2026-08-19,"[8,infinity)","[-2,0)",13,0,0,13,0,1E-60,0.228095372354198371443420042369827223554730318588668470106495
60,2026-08-19,"[8,infinity)","[0,2)",20,0,0,20,0,0,0.161125158052819354664367409458698834644472493370427941636724
60,2026-08-19,"[8,infinity)",>=2,27,0,0,27,0,1E-61,0.124555029741867063560897531223174706536906133650947916372170
60,2026-08-20,"[0,1)",<-2,5,0,4,5,0.8,0.375534629762525314372013921647583449989903515711330528044035,0.963775891367569828977116355437082786924683344958530986278769
60,2026-08-20,"[0,1)","[-2,0)",6,0,1,6,0.166666666666666666666666666666666666666666666666666666666667,0.030053369748306669995961946390895487521438424174221601471187,0.563502822186470213269842757037262917935645358316977255355995
60,2026-08-20,"[0,1)","[0,2)",7,1,1,6,0.166666666666666666666666666666666666666666666666666666666667,0.030053369748306669995961946390895487521438424174221601471187,0.563502822186470213269842757037262917935645358316977255355995
60,2026-08-20,"[0,1)",>=2,3,0,0,3,0,0,0.561497031755045466784538763394810946683797969450889274137888
60,2026-08-20,"[1,2)",<-2,4,0,3,4,0.75,0.300641842582401915564942608623946450489900204040067862450985,0.954412739190299433578789096449818026280040862625305072823917
60,2026-08-20,"[1,2)","[-2,0)",6,0,3,6,0.5,0.187616306482650520497838086822922679765759317889977245350468,0.812383693517349479502161913177077320234240682110022754649532
60,2026-08-20,"[1,2)","[0,2)",7,0,1,7,0.142857142857142857142857142857142857142857142857142857142857,0.025679624344743560607128914884008804252331158419792918804746,0.513127829274318868525875970782987437609875590583912171444036
60,2026-08-20,"[1,2)",>=2,3,0,0,3,0,0,0.561497031755045466784538763394810946683797969450889274137888
60,2026-08-20,"[2,4)",<-2,6,0,5,6,0.833333333333333333333333333333333333333333333333333333333333,0.436497177813529786730157242962737082064354641683022744644003,0.969946630251693330004038053609104512478561575825778398528811
60,2026-08-20,"[2,4)","[-2,0)",7,0,1,7,0.142857142857142857142857142857142857142857142857142857142857,0.025679624344743560607128914884008804252331158419792918804746,0.513127829274318868525875970782987437609875590583912171444036
60,2026-08-20,"[2,4)","[0,2)",12,0,2,12,0.166666666666666666666666666666666666666666666666666666666667,0.046965142183853845227742667144839337615029682787675658461465,0.448030862252973388601281826780042959039216065066148381507477
60,2026-08-20,"[2,4)",>=2,10,2,0,8,0,0,0.324407564883880212890280277144521794238395570390205804016566
60,2026-08-20,"[4,8)",<-2,21,0,7,21,0.333333333333333333333333333333333333333333333333333333333333,0.171947526050834766665725829903862253992318828113697974862945,0.546265480257447550503486485097346656207650661906118542796383
60,2026-08-20,"[4,8)","[-2,0)",12,1,1,11,0.0909090909090909090909090909090909090909090909090909090909091,0.016232172885884845686826985683594359775015595838264491904934,0.377358436451595628459170053972266708113222687190769983304724
60,2026-08-20,"[4,8)","[0,2)",23,0,0,23,0,0,0.143116618450426838883472276642405084339263420435897481157223
60,2026-08-20,"[4,8)",>=2,5,0,0,5,0,0,0.434482464783174761084782871525556271809021898883564142795326
60,2026-08-20,"[8,infinity)",<-2,34,0,3,34,0.0882352941176470588235294117647058823529411764705882352941176,0.0304659436746485262547340091014398092037017454554646648861601,0.229604865628088692465431573764869841268327437900035435890426
60,2026-08-20,"[8,infinity)","[-2,0)",23,0,0,23,0,0,0.143116618450426838883472276642405084339263420435897481157223
60,2026-08-20,"[8,infinity)","[0,2)",33,0,0,33,0,0,0.104269997542452055904110156546589646564609266108543906361983
60,2026-08-20,"[8,infinity)",>=2,44,0,0,44,0,0,0.0802956037584806626166952308778981439265432201360044951705709
60,2026-08-21,"[0,1)",<-2,4,0,4,4,1,0.510109163545402698287463410147528953539882133330745870549804,1
60,2026-08-21,"[0,1)","[-2,0)",3,0,0,3,0,0,0.561497031755045466784538763394810946683797969450889274137888
60,2026-08-21,"[0,1)","[0,2)",3,1,0,2,0,0,0.657619772493346908066213171022805867761678469589830388837810
60,2026-08-21,"[0,1)",>=2,5,0,0,5,0,0,0.434482464783174761084782871525556271809021898883564142795326
60,2026-08-21,"[1,2)",<-2,5,1,2,4,0.5,0.150038989152149514156900362816506811250894777823785469987184,0.849961010847850485843099637183493188749105222176214530012816
60,2026-08-21,"[1,2)","[-2,0)",5,1,3,4,0.75,0.300641842582401915564942608623946450489900204040067862450985,0.954412739190299433578789096449818026280040862625305072823917
60,2026-08-21,"[1,2)","[0,2)",2,0,1,2,0.5,0.094531205734230729793326600900495328768115141516490687279156,0.905468794265769270206673399099504671231884858483509312720844
60,2026-08-21,"[1,2)",>=2,1,0,0,1,0,0,0.793450685622762572644686990659235135454905747938657255997644
60,2026-08-21,"[2,4)",<-2,11,1,9,10,0.9,0.595849973204761543396891586370485542440983176531886498348583,0.982123786904927092982283671994878986780083332344698958229089
60,2026-08-21,"[2,4)","[-2,0)",2,1,1,1,1,0.206549314377237427355313009340764864545094252061342744002356,1
60,2026-08-21,"[2,4)","[0,2)",2,0,0,2,0,0,0.657619772493346908066213171022805867761678469589830388837810
60,2026-08-21,"[2,4)",>=2,9,0,1,9,0.111111111111111111111111111111111111111111111111111111111111,0.019890887638544909123336039549747145430433888416815277180683,0.434999705576656016633305779504184793145793726478044666290525
60,2026-08-21,"[4,8)",<-2,14,0,10,14,0.714285714285714285714285714285714285714285714285714285714286,0.453509156701068150355758487259519876178708600841076208602392,0.882786213554230791858777199442218567066767847709381470350720
60,2026-08-21,"[4,8)","[-2,0)",8,1,0,7,0,0,0.354330435066687400786206839933794738607089448605187126348296
60,2026-08-21,"[4,8)","[0,2)",13,1,2,12,0.166666666666666666666666666666666666666666666666666666666667,0.046965142183853845227742667144839337615029682787675658461465,0.448030862252973388601281826780042959039216065066148381507477
60,2026-08-21,"[4,8)",>=2,15,2,1,13,0.0769230769230769230769230769230769230769230769230769230769231,0.013710421242556579808253714622779269798387965952631085614768,0.333139509210995888336178628920920688594076149776242235244574
60,2026-08-21,"[8,infinity)",<-2,44,1,2,43,0.0465116279069767441860465116279069767441860465116279069767442,0.0128492600943802283579813951524480636304240546904453429588113,0.154554980040639664710725758786204968405217204674393224298812
60,2026-08-21,"[8,infinity)","[-2,0)",28,7,0,21,0,0,0.154639018924846951507636945003626730599908470059449552977985
60,2026-08-21,"[8,infinity)","[0,2)",28,2,0,26,0,0,0.128728921859215295149407654933370962769244819176962274963284
60,2026-08-21,"[8,infinity)",>=2,55,3,0,52,0,0,0.0687922361238623282407710254090026846061803033122784201188158
60,2026-08-22,"[0,1)",<-2,3,0,3,3,1,0.438502968244954533215461236605189053316202030549110725862112,1
60,2026-08-22,"[0,1)","[-2,0)",10,0,4,10,0.4,0.168180329706236137316988431060809769804217864178205459186317,0.687326230266341703588217754347849097890515508602648176669265
60,2026-08-22,"[0,1)","[0,2)",10,0,3,10,0.3,0.107791267406301033916036517513920312585037515119197519502943,0.603221852538854647894375853303397422804429230442509752208221
60,2026-08-22,"[0,1)",>=2,3,0,1,3,0.333333333333333333333333333333333333333333333333333333333333,0.061491944720396241873444442939187390780210775328990142673567,0.792340399197952247054735144859082924781055214487972948705729
60,2026-08-22,"[1,2)",<-2,4,0,3,4,0.75,0.300641842582401915564942608623946450489900204040067862450985,0.954412739190299433578789096449818026280040862625305072823917
60,2026-08-22,"[1,2)","[-2,0)",7,0,1,7,0.142857142857142857142857142857142857142857142857142857142857,0.025679624344743560607128914884008804252331158419792918804746,0.513127829274318868525875970782987437609875590583912171444036
60,2026-08-22,"[1,2)","[0,2)",10,0,2,10,0.2,0.056682151454375262761345565444990352367463172866835521618743,0.509837528463358259954272990780986250716736945475725385948003
60,2026-08-22,"[1,2)",>=2,6,0,1,6,0.166666666666666666666666666666666666666666666666666666666667,0.030053369748306669995961946390895487521438424174221601471187,0.563502822186470213269842757037262917935645358316977255355995
60,2026-08-22,"[2,4)",<-2,7,0,4,7,0.571428571428571428571428571428571428571428571428571428571429,0.250458364527657221784906094671053427049031992323202445361730,0.841780144748530292388492928195547324578526657876056536588518
60,2026-08-22,"[2,4)","[-2,0)",17,0,2,17,0.117647058823529411764705882352941176470588235294117647058824,0.032879773763792665310938704743317837134545250753179513892103,0.343363505948858714021681156926404209102919132169967703537399
60,2026-08-22,"[2,4)","[0,2)",23,0,4,23,0.173913043478260869565217391304347826086956521739130434782609,0.069786535630625670825987004508362800054744012259066520005885,0.371376476402261398011060132432336167992601696720866619879259
60,2026-08-22,"[2,4)",>=2,11,0,0,11,0,0,0.258832966968031690622885270690496860752291234813264358589584
60,2026-08-22,"[4,8)",<-2,9,0,4,9,0.444444444444444444444444444444444444444444444444444444444444,0.188778521097664603881993396599235158965601761006227848652283,0.733348706504506956940384006122755117973859326835895000415031
60,2026-08-22,"[4,8)","[-2,0)",17,0,0,17,0,0,0.184318135008851803742656742183482675848991885361038668946270
60,2026-08-22,"[4,8)","[0,2)",18,0,0,18,0,0,0.175879223646657630299759265673340687198492408383498668745102
60,2026-08-22,"[4,8)",>=2,20,0,0,20,0,0,0.161125158052819354664367409458698834644472493370427941636724
60,2026-08-22,"[8,infinity)",<-2,16,0,2,16,0.125,0.034977487743240464595820130995911566783344997213098451135723,0.360228272657586898702022141740463334052293733870060846621065
60,2026-08-22,"[8,infinity)","[-2,0)",25,0,0,25,0,0,0.133192250939048476302451276015897355794721028940851862306375
60,2026-08-22,"[8,infinity)","[0,2)",26,0,0,26,0,0,0.128728921859215295149407654933370962769244819176962274963284
60,2026-08-22,"[8,infinity)",>=2,29,0,0,29,0,0,0.116969798499740742321570618566042766673886847202390383923475
60,2026-08-23,"[0,1)",<-2,3,0,2,3,0.666666666666666666666666666666666666666666666666666666666667,0.207659600802047752945264855140917075218944785512027051294273,0.938508055279603758126555557060812609219789224671009857326435
60,2026-08-23,"[0,1)","[-2,0)",8,0,6,8,0.75,0.409275430310168911672925694869093828472457205749064437206719,0.928520787247890981881934166558645274408345009055832660784997
60,2026-08-23,"[0,1)","[0,2)",18,0,2,18,0.111111111111111111111111111111111111111111111111111111111111,0.031019522645612380930110888542323719415287261322063555502170,0.327997651301787998191924095870274592850206834087324297966242
60,2026-08-23,"[0,1)",>=2,3,0,0,3,0,0,0.561497031755045466784538763394810946683797969450889274137888
60,2026-08-23,"[1,2)",<-2,3,0,2,3,0.666666666666666666666666666666666666666666666666666666666667,0.207659600802047752945264855140917075218944785512027051294273,0.938508055279603758126555557060812609219789224671009857326435
60,2026-08-23,"[1,2)","[-2,0)",8,0,1,8,0.125,0.022417491450056672799680864765156704300662439077102905272333,0.470888182212853486868029343093234641378134238715551447740093
60,2026-08-23,"[1,2)","[0,2)",16,0,4,16,0.25,0.101820674912130485701751918906514901072285229200300249795238,0.494983165355087756496809596251068366151473924855139282042620
60,2026-08-23,"[1,2)",>=2,1,0,0,1,0,0,0.793450685622762572644686990659235135454905747938657255997644
60,2026-08-23,"[2,4)",<-2,4,0,3,4,0.75,0.300641842582401915564942608623946450489900204040067862450985,0.954412739190299433578789096449818026280040862625305072823917
60,2026-08-23,"[2,4)","[-2,0)",18,0,5,18,0.277777777777777777777777777777777777777777777777777777777778,0.124997533795539962289505111124471325974370160462675883944719,0.508726565602974540065943451397013423891626465485545746608661
60,2026-08-23,"[2,4)","[0,2)",25,0,0,25,0,0,0.133192250939048476302451276015897355794721028940851862306375
60,2026-08-23,"[2,4)",>=2,6,0,0,6,0,0,0.390334287902165324898707055142237608185625673736798285240772
60,2026-08-23,"[4,8)",<-2,9,0,2,9,0.222222222222222222222222222222222222222222222222222222222222,0.063225107117846725567422770990290510071971551480097975452854,0.547411030893011078544464242619660874625333887730516269883724
60,2026-08-23,"[4,8)","[-2,0)",22,0,0,22,0,0,0.148654874608620875261529651123205956231015521669584153863614
60,2026-08-23,"[4,8)","[0,2)",28,0,0,28,0,0,0.120643304765845633983553520438697530858973767234507701423027
60,2026-08-23,"[4,8)",>=2,8,0,0,8,0,0,0.324407564883880212890280277144521794238395570390205804016566
60,2026-08-23,"[8,infinity)",<-2,14,0,0,14,0,1E-60,0.215310802737635801499416731029276965760554953382265415776069
60,2026-08-23,"[8,infinity)","[-2,0)",16,0,0,16,0,0,0.193607680534436484397123030315166534447518308110879063675717
60,2026-08-23,"[8,infinity)","[0,2)",27,0,0,27,0,1E-61,0.124555029741867063560897531223174706536906133650947916372170
60,2026-08-23,"[8,infinity)",>=2,31,0,0,31,0,0,0.110255395460435947523151756013484623904252359343767063579533
60,2026-08-24,"[0,1)",<-2,3,0,2,3,0.666666666666666666666666666666666666666666666666666666666667,0.207659600802047752945264855140917075218944785512027051294273,0.938508055279603758126555557060812609219789224671009857326435
60,2026-08-24,"[0,1)","[-2,0)",6,0,3,6,0.5,0.187616306482650520497838086822922679765759317889977245350468,0.812383693517349479502161913177077320234240682110022754649532
60,2026-08-24,"[0,1)","[0,2)",7,0,2,7,0.285714285714285714285714285714285714285714285714285714285714,0.082218924004056765947248749487853093510976457849667296896903,0.641065548167380691532554181912344651606347591552555757252367
60,2026-08-24,"[0,1)",>=2,3,0,0,3,0,0,0.561497031755045466784538763394810946683797969450889274137888
60,2026-08-24,"[1,2)",<-2,2,0,2,2,1,0.342380227506653091933786828977194132238321530410169611162190,1
60,2026-08-24,"[1,2)","[-2,0)",7,0,5,7,0.714285714285714285714285714285714285714285714285714285714286,0.358934451832619308467445818087655348393652408447444242747635,0.917781075995943234052751250512146906489023542150332703103099
60,2026-08-24,"[1,2)","[0,2)",3,0,0,3,0,0,0.561497031755045466784538763394810946683797969450889274137888
60,2026-08-24,"[1,2)",>=2,3,0,1,3,0.333333333333333333333333333333333333333333333333333333333333,0.061491944720396241873444442939187390780210775328990142673567,0.792340399197952247054735144859082924781055214487972948705729
60,2026-08-24,"[2,4)",<-2,5,0,4,5,0.8,0.375534629762525314372013921647583449989903515711330528044035,0.963775891367569828977116355437082786924683344958530986278769
60,2026-08-24,"[2,4)","[-2,0)",6,0,2,6,0.333333333333333333333333333333333333333333333333333333333333,0.096771411105780481356761565536894948952997489896717266451625,0.700006684861607960276140786177184253775544401348882161961965
60,2026-08-24,"[2,4)","[0,2)",20,0,2,20,0.1,0.027866481213768216190008568038508467101765983679755710140331,0.301033645228487267541485359528450600613812011016586643169049
60,2026-08-24,"[2,4)",>=2,12,0,0,12,0,0,0.242494006655240850743536740887323444981368621780736059953412
60,2026-08-24,"[4,8)",<-2,13,0,5,13,0.384615384615384615384615384615384615384615384615384615384615,0.177097077977625730236957828510987822609653347701816536660900,0.644771084873343124711523719728203075133745956587876187209832
60,2026-08-24,"[4,8)","[-2,0)",12,0,2,12,0.166666666666666666666666666666666666666666666666666666666667,0.046965142183853845227742667144839337615029682787675658461465,0.448030862252973388601281826780042959039216065066148381507477
60,2026-08-24,"[4,8)","[0,2)",16,0,1,16,0.0625,0.011119344764642533342375492137967463627461582798491024199936,0.283287375702989390505107159387803254014116936798528156516316
60,2026-08-24,"[4,8)",>=2,21,0,0,21,0,0,0.154639018924846951507636945003626730599908470059449552977985
60,2026-08-24,"[8,infinity)",<-2,44,0,5,44,0.113636363636363636363636363636363636363636363636363636363636,0.0495278060109249261996505108492694175772858418066548019409817,0.239791524166082858549613985738197330002315737389348671599912
60,2026-08-24,"[8,infinity)","[-2,0)",20,0,1,20,0.05,0.008881448800795391602879473430907108230127032845046417582298,0.236131193446742027595051195081921842949898211188338729890754
60,2026-08-24,"[8,infinity)","[0,2)",27,0,0,27,0,1E-61,0.124555029741867063560897531223174706536906133650947916372170
60,2026-08-24,"[8,infinity)",>=2,42,0,0,42,0,1E-61,0.0837987908657039155820891979759801121544070253800093089929563
60,2026-08-25,"[0,1)",<-2,9,0,9,9,1,0.700854951580455952598603375502087507544850209420894358394160,1
60,2026-08-25,"[0,1)","[-2,0)",4,0,2,4,0.5,0.150038989152149514156900362816506811250894777823785469987184,0.849961010847850485843099637183493188749105222176214530012816
60,2026-08-25,"[0,1)","[0,2)",4,0,0,4,0,0,0.489890836454597301712536589852471046460117866669254129450196
60,2026-08-25,"[0,1)",>=2,7,0,2,7,0.285714285714285714285714285714285714285714285714285714285714,0.082218924004056765947248749487853093510976457849667296896903,0.641065548167380691532554181912344651606347591552555757252367
60,2026-08-25,"[1,2)",<-2,6,0,6,6,1,0.609665712097834675101292944857762391814374326263201714759228,1
60,2026-08-25,"[1,2)","[-2,0)",1,0,1,1,1,0.206549314377237427355313009340764864545094252061342744002356,1
60,2026-08-25,"[1,2)","[0,2)",6,0,0,6,0,0,0.390334287902165324898707055142237608185625673736798285240772
60,2026-08-25,"[1,2)",>=2,4,0,0,4,0,0,0.489890836454597301712536589852471046460117866669254129450196
60,2026-08-25,"[2,4)",<-2,5,0,2,5,0.4,0.117620774232647912731540971445135881574723095506224918639884,0.769275718723987039485415602859975372787081284270487909919182
60,2026-08-25,"[2,4)","[-2,0)",7,0,2,7,0.285714285714285714285714285714285714285714285714285714285714,0.082218924004056765947248749487853093510976457849667296896903,0.641065548167380691532554181912344651606347591552555757252367
60,2026-08-25,"[2,4)","[0,2)",13,0,1,13,0.0769230769230769230769230769230769230769230769230769230769231,0.013710421242556579808253714622779269798387965952631085614768,0.333139509210995888336178628920920688594076149776242235244574
60,2026-08-25,"[2,4)",>=2,10,0,0,10,0,0,0.277532799862889204526030927043294338473666863904268179277910
60,2026-08-25,"[4,8)",<-2,15,0,7,15,0.466666666666666666666666666666666666666666666666666666666667,0.248095353657373864826925651332217036982214488045697510091359,0.698830199745016041100148583669983152815279788162310342216881
60,2026-08-25,"[4,8)","[-2,0)",17,0,0,17,0,0,0.184318135008851803742656742183482675848991885361038668946270
60,2026-08-25,"[4,8)","[0,2)",20,0,1,20,0.05,0.008881448800795391602879473430907108230127032845046417582298,0.236131193446742027595051195081921842949898211188338729890754
60,2026-08-25,"[4,8)",>=2,17,0,1,17,0.0588235294117647058823529411764705882352941176470588235294118,0.010460400984997586936532462901059298475354490139491428714097,0.269820306375754004601105839025543062567873644002601514473789
60,2026-08-25,"[8,infinity)",<-2,29,0,1,29,0.0344827586206896551724137931034482758620689655172413793103448,0.0061132142927626615476141681672883528681288405609873045015249,0.171755218793202857165572269807992843690317534420548570185849
60,2026-08-25,"[8,infinity)","[-2,0)",19,0,0,19,0,0,0.168179224052616251649710921498033188457137988100478093057389
60,2026-08-25,"[8,infinity)","[0,2)",38,0,0,38,0,1E-61,0.0918098682255839546063730448500120445729383741592083301937471
60,2026-08-25,"[8,infinity)",>=2,45,0,0,45,0,0,0.0786515987328883595248244515862390432601662136200408413169198
60,2026-08-26,"[0,1)",<-2,7,0,6,7,0.857142857142857142857142857142857142857142857142857142857143,0.486872170725681131474124029217012562390124409416087828555966,0.974320375655256439392871085115991195747668841580207081195256
60,2026-08-26,"[0,1)","[-2,0)",2,0,1,2,0.5,0.094531205734230729793326600900495328768115141516490687279156,0.905468794265769270206673399099504671231884858483509312720844
60,2026-08-26,"[0,1)","[0,2)",9,0,1,9,0.111111111111111111111111111111111111111111111111111111111111,0.019890887638544909123336039549747145430433888416815277180683,0.434999705576656016633305779504184793145793726478044666290525
60,2026-08-26,"[0,1)",>=2,2,0,0,2,0,0,0.657619772493346908066213171022805867761678469589830388837810
60,2026-08-26,"[1,2)",<-2,2,0,2,2,1,0.342380227506653091933786828977194132238321530410169611162190,1
60,2026-08-26,"[1,2)","[-2,0)",16,0,8,16,0.5,0.279995636103260167401456419730349461246240644090779100039747,0.720004363896739832598543580269650538753759355909220899960253
60,2026-08-26,"[1,2)","[0,2)",6,0,0,6,0,0,0.390334287902165324898707055142237608185625673736798285240772
60,2026-08-26,"[1,2)",>=2,12,0,1,12,0.0833333333333333333333333333333333333333333333333333333333333,0.014865094404917114752602291403112818736709754550808213613698,0.353879911141116927533678326002990052081097430266471836347478
60,2026-08-26,"[2,4)",<-2,11,0,7,11,0.636363636363636363636363636363636363636363636363636363636364,0.353801174507848911107743964317339908863722471638154880425828,0.848335289046324264176923689130706401840198100685500294504282
60,2026-08-26,"[2,4)","[-2,0)",12,0,0,12,0,0,0.242494006655240850743536740887323444981368621780736059953412
60,2026-08-26,"[2,4)","[0,2)",20,0,0,20,0,0,0.161125158052819354664367409458698834644472493370427941636724
60,2026-08-26,"[2,4)",>=2,12,0,0,12,0,0,0.242494006655240850743536740887323444981368621780736059953412
60,2026-08-26,"[4,8)",<-2,14,0,5,14,0.357142857142857142857142857142857142857142857142857142857143,0.163447317535541338500216372646456652210237362581367019688061,0.612355768960926033356759836219051052292778338384994527676529
60,2026-08-26,"[4,8)","[-2,0)",17,0,0,17,0,0,0.184318135008851803742656742183482675848991885361038668946270
60,2026-08-26,"[4,8)","[0,2)",22,0,0,22,0,0,0.148654874608620875261529651123205956231015521669584153863614
60,2026-08-26,"[4,8)",>=2,19,0,0,19,0,0,0.168179224052616251649710921498033188457137988100478093057389
60,2026-08-26,"[8,infinity)",<-2,21,0,0,21,0,0,0.154639018924846951507636945003626730599908470059449552977985
60,2026-08-26,"[8,infinity)","[-2,0)",19,0,0,19,0,0,0.168179224052616251649710921498033188457137988100478093057389
60,2026-08-26,"[8,infinity)","[0,2)",24,0,0,24,0,0,0.137976204674980184720288987191152453368712544577434277225593
60,2026-08-26,"[8,infinity)",>=2,27,0,0,27,0,1E-61,0.124555029741867063560897531223174706536906133650947916372170
60,2026-08-27,"[0,1)",<-2,10,0,9,10,0.9,0.595849973204761543396891586370485542440983176531886498348583,0.982123786904927092982283671994878986780083332344698958229089
60,2026-08-27,"[0,1)","[-2,0)",12,0,7,12,0.583333333333333333333333333333333333333333333333333333333333,0.319511312549549752881214112345423516650972787903234512239240,0.806739686341243438661529764173355909185465775133309477768524
60,2026-08-27,"[0,1)","[0,2)",11,0,0,11,0,0,0.258832966968031690622885270690496860752291234813264358589584
60,2026-08-27,"[0,1)",>=2,2,0,0,2,0,0,0.657619772493346908066213171022805867761678469589830388837810
60,2026-08-27,"[1,2)",<-2,3,0,3,3,1,0.438502968244954533215461236605189053316202030549110725862112,1
60,2026-08-27,"[1,2)","[-2,0)",4,0,2,4,0.5,0.150038989152149514156900362816506811250894777823785469987184,0.849961010847850485843099637183493188749105222176214530012816
60,2026-08-27,"[1,2)","[0,2)",15,0,1,15,0.0666666666666666666666666666666666666666666666666666666666667,0.011866895493268551900400658175721432353582667454859885236678,0.298165298737800225151564396852881035013842923249242194770432
60,2026-08-27,"[1,2)",>=2,3,0,0,3,0,0,0.561497031755045466784538763394810946683797969450889274137888
60,2026-08-27,"[2,4)",<-2,8,0,5,8,0.625,0.305742394602627319361520123108521776231413693739125031044205,0.863155714176402627415909807605347775208987413663323517951653
60,2026-08-27,"[2,4)","[-2,0)",16,0,1,16,0.0625,0.011119344764642533342375492137967463627461582798491024199936,0.283287375702989390505107159387803254014116936798528156516316
60,2026-08-27,"[2,4)","[0,2)",17,0,0,17,0,0,0.184318135008851803742656742183482675848991885361038668946270
60,2026-08-27,"[2,4)",>=2,10,0,0,10,0,0,0.277532799862889204526030927043294338473666863904268179277910
60,2026-08-27,"[4,8)",<-2,11,0,3,11,0.272727272727272727272727272727272727272727272727272727272727,0.097460592900248919005850618788623962973850320004186318086270,0.565645301176129122186369958797965519186282059456388390363538
60,2026-08-27,"[4,8)","[-2,0)",15,0,0,15,0,0,0.203883301035848588906113525033002846962414143120117784623588
60,2026-08-27,"[4,8)","[0,2)",27,0,1,27,0.0370370370370370370370370370370370370370370370370370370370370,0.0065681459807851276906533377070903760260452895409647013474160,0.182834659335758449680548080092145463359978908283987073071260
60,2026-08-27,"[4,8)",>=2,16,0,0,16,0,0,0.193607680534436484397123030315166534447518308110879063675717
60,2026-08-27,"[8,infinity)",<-2,17,0,0,17,0,0,0.184318135008851803742656742183482675848991885361038668946270
60,2026-08-27,"[8,infinity)","[-2,0)",17,0,0,17,0,0,0.184318135008851803742656742183482675848991885361038668946270
60,2026-08-27,"[8,infinity)","[0,2)",29,0,0,29,0,0,0.116969798499740742321570618566042766673886847202390383923475
60,2026-08-27,"[8,infinity)",>=2,28,0,0,28,0,0,0.120643304765845633983553520438697530858973767234507701423027
60,2026-08-28,"[0,1)",<-2,3,0,2,3,0.666666666666666666666666666666666666666666666666666666666667,0.207659600802047752945264855140917075218944785512027051294273,0.938508055279603758126555557060812609219789224671009857326435
60,2026-08-28,"[0,1)","[-2,0)",6,0,3,6,0.5,0.187616306482650520497838086822922679765759317889977245350468,0.812383693517349479502161913177077320234240682110022754649532
60,2026-08-28,"[0,1)","[0,2)",11,0,1,11,0.0909090909090909090909090909090909090909090909090909090909091,0.016232172885884845686826985683594359775015595838264491904934,0.377358436451595628459170053972266708113222687190769983304724
60,2026-08-28,"[0,1)",>=2,3,0,0,3,0,0,0.561497031755045466784538763394810946683797969450889274137888
60,2026-08-28,"[1,2)",<-2,5,0,4,5,0.8,0.375534629762525314372013921647583449989903515711330528044035,0.963775891367569828977116355437082786924683344958530986278769
60,2026-08-28,"[1,2)","[-2,0)",8,0,1,8,0.125,0.022417491450056672799680864765156704300662439077102905272333,0.470888182212853486868029343093234641378134238715551447740093
60,2026-08-28,"[1,2)","[0,2)",10,0,0,10,0,0,0.277532799862889204526030927043294338473666863904268179277910
60,2026-08-28,"[1,2)",>=2,0,0,0,0,,,
60,2026-08-28,"[2,4)",<-2,8,0,8,8,1,0.675592435116119787109719722855478205761604429609794195983434,1
60,2026-08-28,"[2,4)","[-2,0)",11,0,1,11,0.0909090909090909090909090909090909090909090909090909090909091,0.016232172885884845686826985683594359775015595838264491904934,0.377358436451595628459170053972266708113222687190769983304724
60,2026-08-28,"[2,4)","[0,2)",25,0,1,25,0.04,0.0070962335019872584745440387132685775454577814223994890371650,0.195440637361937339723711135221356989785685565203184224284701
60,2026-08-28,"[2,4)",>=2,10,0,0,10,0,0,0.277532799862889204526030927043294338473666863904268179277910
60,2026-08-28,"[4,8)",<-2,13,0,5,13,0.384615384615384615384615384615384615384615384615384615384615,0.177097077977625730236957828510987822609653347701816536660900,0.644771084873343124711523719728203075133745956587876187209832
60,2026-08-28,"[4,8)","[-2,0)",18,0,0,18,0,0,0.175879223646657630299759265673340687198492408383498668745102
60,2026-08-28,"[4,8)","[0,2)",23,0,0,23,0,0,0.143116618450426838883472276642405084339263420435897481157223
60,2026-08-28,"[4,8)",>=2,14,0,0,14,0,1E-60,0.215310802737635801499416731029276965760554953382265415776069
60,2026-08-28,"[8,infinity)",<-2,27,0,2,27,0.0740740740740740740740740740740740740740740740740740740740741,0.020554654060988633298505495124932680615583322866860916595064,0.233695926830231457882999809250364291619558939132094715870118
60,2026-08-28,"[8,infinity)","[-2,0)",28,0,0,28,0,0,0.120643304765845633983553520438697530858973767234507701423027
60,2026-08-28,"[8,infinity)","[0,2)",18,0,0,18,0,0,0.175879223646657630299759265673340687198492408383498668745102
60,2026-08-28,"[8,infinity)",>=2,34,0,0,34,0,0,0.101514554153323765588772493480518861287464008360250122371569
60,2026-08-29,"[0,1)",<-2,3,0,3,3,1,0.438502968244954533215461236605189053316202030549110725862112,1
60,2026-08-29,"[0,1)","[-2,0)",26,0,15,26,0.576923076923076923076923076923076923076923076923076923076923,0.389486137465917108161346336648838250223076618787307809828413,0.744555566863434384892590947207566217043193409031621070946469
60,2026-08-29,"[0,1)","[0,2)",20,0,2,20,0.1,0.027866481213768216190008568038508467101765983679755710140331,0.301033645228487267541485359528450600613812011016586643169049
60,2026-08-29,"[0,1)",>=2,1,0,0,1,0,0,0.793450685622762572644686990659235135454905747938657255997644
60,2026-08-29,"[1,2)",<-2,0,0,0,0,,,
60,2026-08-29,"[1,2)","[-2,0)",17,0,4,17,0.235294117647058823529411764705882352941176470588235294117647,0.095550443220801159890200509891543120924949957353253344625109,0.472617981195649795032382471264418295700986923132002421287621
60,2026-08-29,"[1,2)","[0,2)",26,0,2,26,0.0769230769230769230769230769230769230769230769230769230769231,0.021355088472276207476820064458348423215951869276070846894647,0.241415537716290580726524874331427006819562977719820308843517
60,2026-08-29,"[1,2)",>=2,5,0,0,5,0,0,0.434482464783174761084782871525556271809021898883564142795326
60,2026-08-29,"[2,4)",<-2,3,0,0,3,0,0,0.561497031755045466784538763394810946683797969450889274137888
60,2026-08-29,"[2,4)","[-2,0)",27,0,4,27,0.148148148148148148148148148148148148148148148148148148148148,0.059159277762443300757095842292483488206447731088741631495683,0.324786854278129818045017235234935749726930659258221717062511
60,2026-08-29,"[2,4)","[0,2)",48,0,0,48,0,0,0.0741001296661174914061744554923246232034589477706585810675096
60,2026-08-29,"[2,4)",>=2,4,0,0,4,0,0,0.489890836454597301712536589852471046460117866669254129450196
60,2026-08-29,"[4,8)",<-2,6,0,0,6,0,0,0.390334287902165324898707055142237608185625673736798285240772
60,2026-08-29,"[4,8)","[-2,0)",24,0,0,24,0,0,0.137976204674980184720288987191152453368712544577434277225593
60,2026-08-29,"[4,8)","[0,2)",30,0,0,30,0,0,0.113513393173968749941088969242882139187892157115904711864309
60,2026-08-29,"[4,8)",>=2,6,0,0,6,0,0,0.390334287902165324898707055142237608185625673736798285240772
60,2026-08-29,"[8,infinity)",<-2,3,0,0,3,0,0,0.561497031755045466784538763394810946683797969450889274137888
60,2026-08-29,"[8,infinity)","[-2,0)",6,0,0,6,0,0,0.390334287902165324898707055142237608185625673736798285240772
60,2026-08-29,"[8,infinity)","[0,2)",9,0,0,9,0,0,0.299145048419544047401396624497912492455149790579105641605840
60,2026-08-29,"[8,infinity)",>=2,4,0,0,4,0,0,0.489890836454597301712536589852471046460117866669254129450196
60,2026-08-30,"[0,1)",<-2,4,0,4,4,1,0.510109163545402698287463410147528953539882133330745870549804,1
60,2026-08-30,"[0,1)","[-2,0)",22,0,10,22,0.454545454545454545454545454545454545454545454545454545454545,0.269202941808133164102197051398568307217749161528242576209811,0.653402046792650551830669280521723143348706794987174165050515
60,2026-08-30,"[0,1)","[0,2)",15,0,1,15,0.0666666666666666666666666666666666666666666666666666666666667,0.011866895493268551900400658175721432353582667454859885236678,0.298165298737800225151564396852881035013842923249242194770432
60,2026-08-30,"[0,1)",>=2,3,0,0,3,0,0,0.561497031755045466784538763394810946683797969450889274137888
60,2026-08-30,"[1,2)",<-2,5,0,4,5,0.8,0.375534629762525314372013921647583449989903515711330528044035,0.963775891367569828977116355437082786924683344958530986278769
60,2026-08-30,"[1,2)","[-2,0)",21,0,3,21,0.142857142857142857142857142857142857142857142857142857142857,0.049810124997252692267020762353178509554809845763770065999945,0.346360602806209415952719912649412012302267632850122471841473
60,2026-08-30,"[1,2)","[0,2)",21,0,1,21,0.0476190476190476190476190476190476190476190476190476190476190,0.008455987809826386088833643724683707809443898871529123314198,0.226693600741225617656171211278597619876187574039401424618264
60,2026-08-30,"[1,2)",>=2,3,0,0,3,0,0,0.561497031755045466784538763394810946683797969450889274137888
60,2026-08-30,"[2,4)",<-2,5,0,3,5,0.6,0.230724281276012960514584397140024627212918715729512090080818,0.882379225767352087268459028554864118425276904493775081360116
60,2026-08-30,"[2,4)","[-2,0)",24,0,0,24,0,0,0.137976204674980184720288987191152453368712544577434277225593
60,2026-08-30,"[2,4)","[0,2)",27,0,1,27,0.0370370370370370370370370370370370370370370370370370370370370,0.0065681459807851276906533377070903760260452895409647013474160,0.182834659335758449680548080092145463359978908283987073071260
60,2026-08-30,"[2,4)",>=2,7,0,0,7,0,0,0.354330435066687400786206839933794738607089448605187126348296
60,2026-08-30,"[4,8)",<-2,11,0,4,11,0.363636363636363636363636363636363636363636363636363636363636,0.151664710953675735823076310869293598159801899314499705495715,0.646198825492151088892256035682660091136277528361845119574169
60,2026-08-30,"[4,8)","[-2,0)",24,0,0,24,0,0,0.137976204674980184720288987191152453368712544577434277225593
60,2026-08-30,"[4,8)","[0,2)",29,0,0,29,0,0,0.116969798499740742321570618566042766673886847202390383923475
60,2026-08-30,"[4,8)",>=2,8,0,0,8,0,0,0.324407564883880212890280277144521794238395570390205804016566
60,2026-08-30,"[8,infinity)",<-2,9,0,0,9,0,0,0.299145048419544047401396624497912492455149790579105641605840
60,2026-08-30,"[8,infinity)","[-2,0)",8,0,0,8,0,0,0.324407564883880212890280277144521794238395570390205804016566
60,2026-08-30,"[8,infinity)","[0,2)",16,0,0,16,0,0,0.193607680534436484397123030315166534447518308110879063675717
60,2026-08-30,"[8,infinity)",>=2,14,0,0,14,0,1E-60,0.215310802737635801499416731029276965760554953382265415776069
60,2026-08-31,"[0,1)",<-2,5,0,5,5,1,0.565517535216825238915217128474443728190978101116435857204674,1
60,2026-08-31,"[0,1)","[-2,0)",5,0,2,5,0.4,0.117620774232647912731540971445135881574723095506224918639884,0.769275718723987039485415602859975372787081284270487909919182
60,2026-08-31,"[0,1)","[0,2)",3,0,0,3,0,0,0.561497031755045466784538763394810946683797969450889274137888
60,2026-08-31,"[0,1)",>=2,7,0,0,7,0,0,0.354330435066687400786206839933794738607089448605187126348296
60,2026-08-31,"[1,2)",<-2,4,0,3,4,0.75,0.300641842582401915564942608623946450489900204040067862450985,0.954412739190299433578789096449818026280040862625305072823917
60,2026-08-31,"[1,2)","[-2,0)",13,0,5,13,0.384615384615384615384615384615384615384615384615384615384615,0.177097077977625730236957828510987822609653347701816536660900,0.644771084873343124711523719728203075133745956587876187209832
60,2026-08-31,"[1,2)","[0,2)",8,0,0,8,0,0,0.324407564883880212890280277144521794238395570390205804016566
60,2026-08-31,"[1,2)",>=2,2,0,0,2,0,0,0.657619772493346908066213171022805867761678469589830388837810
60,2026-08-31,"[2,4)",<-2,14,0,10,14,0.714285714285714285714285714285714285714285714285714285714286,0.453509156701068150355758487259519876178708600841076208602392,0.882786213554230791858777199442218567066767847709381470350720
60,2026-08-31,"[2,4)","[-2,0)",12,0,4,12,0.333333333333333333333333333333333333333333333333333333333333,0.138120091091213166584033889791426812878694557127395399393403,0.609377911127200450330478357171014335448428316799516620591067
60,2026-08-31,"[2,4)","[0,2)",23,0,1,23,0.0434782608695652173913043478260869565217391304347826086956522,0.007716666143453142247303765539798097228280361609254735613374,0.209911550702588754124562226177180458038003630962651660225830
60,2026-08-31,"[2,4)",>=2,8,0,0,8,0,0,0.324407564883880212890280277144521794238395570390205804016566
60,2026-08-31,"[4,8)",<-2,8,0,2,8,0.25,0.071479212752109018118065833441354725591654990944167339215003,0.590724569689831088327074305130906171527542794250935562793281
60,2026-08-31,"[4,8)","[-2,0)",26,0,1,26,0.0384615384615384615384615384615384615384615384615384615384615,0.0068219849935434809817954443958269886508791889728623281663195,0.188927789030347560694580852465746207751500644113564387184404
60,2026-08-31,"[4,8)","[0,2)",16,0,0,16,0,0,0.193607680534436484397123030315166534447518308110879063675717
60,2026-08-31,"[4,8)",>=2,24,0,0,24,0,0,0.137976204674980184720288987191152453368712544577434277225593
60,2026-08-31,"[8,infinity)",<-2,20,0,1,20,0.05,0.008881448800795391602879473430907108230127032845046417582298,0.236131193446742027595051195081921842949898211188338729890754
60,2026-08-31,"[8,infinity)","[-2,0)",22,0,0,22,0,0,0.148654874608620875261529651123205956231015521669584153863614
60,2026-08-31,"[8,infinity)","[0,2)",31,0,0,31,0,0,0.110255395460435947523151756013484623904252359343767063579533
60,2026-08-31,"[8,infinity)",>=2,21,0,0,21,0,0,0.154639018924846951507636945003626730599908470059449552977985
60,2026-09-01,"[0,1)",<-2,3,0,2,3,0.666666666666666666666666666666666666666666666666666666666667,0.207659600802047752945264855140917075218944785512027051294273,0.938508055279603758126555557060812609219789224671009857326435
60,2026-09-01,"[0,1)","[-2,0)",12,0,8,12,0.666666666666666666666666666666666666666666666666666666666667,0.390622088872799549669521642828985664551571683200483379408933,0.861879908908786833415966110208573187121305442872604600606597
60,2026-09-01,"[0,1)","[0,2)",5,0,3,5,0.6,0.230724281276012960514584397140024627212918715729512090080818,0.882379225767352087268459028554864118425276904493775081360116
60,2026-09-01,"[0,1)",>=2,3,0,0,3,0,0,0.561497031755045466784538763394810946683797969450889274137888
60,2026-09-01,"[1,2)",<-2,4,0,4,4,1,0.510109163545402698287463410147528953539882133330745870549804,1
60,2026-09-01,"[1,2)","[-2,0)",13,0,2,13,0.153846153846153846153846153846153846153846153846153846153846,0.043258178358081204655316136859050533509986792180188296408137,0.422346310194825360190128507858522159720211120688889875204053
60,2026-09-01,"[1,2)","[0,2)",7,0,1,7,0.142857142857142857142857142857142857142857142857142857142857,0.025679624344743560607128914884008804252331158419792918804746,0.513127829274318868525875970782987437609875590583912171444036
60,2026-09-01,"[1,2)",>=2,3,0,0,3,0,0,0.561497031755045466784538763394810946683797969450889274137888
60,2026-09-01,"[2,4)",<-2,10,0,5,10,0.5,0.236593090512564000563261842509355395776780619409009427978220,0.763406909487435999436738157490644604223219380590990572021780
60,2026-09-01,"[2,4)","[-2,0)",15,0,2,15,0.133333333333333333333333333333333333333333333333333333333333,0.037361259103065351046643193402398148733014991019704808316858,0.378819828323223614151173391621803939039422047268381567073774
60,2026-09-01,"[2,4)","[0,2)",21,0,1,21,0.0476190476190476190476190476190476190476190476190476190476190,0.008455987809826386088833643724683707809443898871529123314198,0.226693600741225617656171211278597619876187574039401424618264
60,2026-09-01,"[2,4)",>=2,8,0,0,8,0,0,0.324407564883880212890280277144521794238395570390205804016566
60,2026-09-01,"[4,8)",<-2,11,0,3,11,0.272727272727272727272727272727272727272727272727272727272727,0.097460592900248919005850618788623962973850320004186318086270,0.565645301176129122186369958797965519186282059456388390363538
60,2026-09-01,"[4,8)","[-2,0)",20,0,1,20,0.05,0.008881448800795391602879473430907108230127032845046417582298,0.236131193446742027595051195081921842949898211188338729890754
60,2026-09-01,"[4,8)","[0,2)",30,0,1,30,0.0333333333333333333333333333333333333333333333333333333333333,0.0059085903816124476062287109931498005593420360746152862315344,0.166703909914091719005454326966873529349357310566895778175154
60,2026-09-01,"[4,8)",>=2,17,0,0,17,0,0,0.184318135008851803742656742183482675848991885361038668946270
60,2026-09-01,"[8,infinity)",<-2,18,0,0,18,0,0,0.175879223646657630299759265673340687198492408383498668745102
60,2026-09-01,"[8,infinity)","[-2,0)",20,0,0,20,0,0,0.161125158052819354664367409458698834644472493370427941636724
60,2026-09-01,"[8,infinity)","[0,2)",27,0,0,27,0,1E-61,0.124555029741867063560897531223174706536906133650947916372170
60,2026-09-01,"[8,infinity)",>=2,22,0,0,22,0,0,0.148654874608620875261529651123205956231015521669584153863614
60,2026-09-02,"[0,1)",<-2,5,0,5,5,1,0.565517535216825238915217128474443728190978101116435857204674,1
60,2026-09-02,"[0,1)","[-2,0)",9,0,5,9,0.555555555555555555555555555555555555555555555555555555555556,0.266651293495493043059615993877244882026140673164104999584969,0.811221478902335396118006603400764841034398238993772151347717
60,2026-09-02,"[0,1)","[0,2)",6,0,1,6,0.166666666666666666666666666666666666666666666666666666666667,0.030053369748306669995961946390895487521438424174221601471187,0.563502822186470213269842757037262917935645358316977255355995
60,2026-09-02,"[0,1)",>=2,1,0,0,1,0,0,0.793450685622762572644686990659235135454905747938657255997644
60,2026-09-02,"[1,2)",<-2,7,0,3,7,0.428571428571428571428571428571428571428571428571428571428571,0.158219855251469707611507071804452675421473342123943463411485,0.749541635472342778215093905328946572950968007676797554638273
60,2026-09-02,"[1,2)","[-2,0)",9,0,2,9,0.222222222222222222222222222222222222222222222222222222222222,0.063225107117846725567422770990290510071971551480097975452854,0.547411030893011078544464242619660874625333887730516269883724
60,2026-09-02,"[1,2)","[0,2)",7,0,0,7,0,0,0.354330435066687400786206839933794738607089448605187126348296
60,2026-09-02,"[1,2)",>=2,1,0,0,1,0,0,0.793450685622762572644686990659235135454905747938657255997644
60,2026-09-02,"[2,4)",<-2,4,0,2,4,0.5,0.150038989152149514156900362816506811250894777823785469987184,0.849961010847850485843099637183493188749105222176214530012816
60,2026-09-02,"[2,4)","[-2,0)",13,0,3,13,0.230769230769230769230769230769230769230769230769230769230769,0.081795287184985631736579088284239642563328711695549236007848,0.502563759467275029809877857607205785504602998313733786357190
60,2026-09-02,"[2,4)","[0,2)",18,0,1,18,0.0555555555555555555555555555555555555555555555555555555555556,0.009875190978303082313508634846031297156082580064912900004554,0.257573007818725922397388490196938202575910671831530361102204
60,2026-09-02,"[2,4)",>=2,6,0,0,6,0,0,0.390334287902165324898707055142237608185625673736798285240772
60,2026-09-02,"[4,8)",<-2,10,0,7,10,0.7,0.396778147461145352105624146696602577195570769557490247791779,0.892208732593698966083963482486079687414962484880802480497057
60,2026-09-02,"[4,8)","[-2,0)",29,0,0,29,0,0,0.116969798499740742321570618566042766673886847202390383923475
60,2026-09-02,"[4,8)","[0,2)",29,0,0,29,0,0,0.116969798499740742321570618566042766673886847202390383923475
60,2026-09-02,"[4,8)",>=2,19,0,0,19,0,0,0.168179224052616251649710921498033188457137988100478093057389
60,2026-09-02,"[8,infinity)",<-2,15,0,0,15,0,0,0.203883301035848588906113525033002846962414143120117784623588
60,2026-09-02,"[8,infinity)","[-2,0)",19,0,0,19,0,0,0.168179224052616251649710921498033188457137988100478093057389
60,2026-09-02,"[8,infinity)","[0,2)",33,0,0,33,0,0,0.104269997542452055904110156546589646564609266108543906361983
60,2026-09-02,"[8,infinity)",>=2,21,0,0,21,0,0,0.154639018924846951507636945003626730599908470059449552977985
60,2026-09-03,"[0,1)",<-2,7,0,6,7,0.857142857142857142857142857142857142857142857142857142857143,0.486872170725681131474124029217012562390124409416087828555966,0.974320375655256439392871085115991195747668841580207081195256
60,2026-09-03,"[0,1)","[-2,0)",6,0,4,6,0.666666666666666666666666666666666666666666666666666666666667,0.299993315138392039723859213822815746224455598651117838038035,0.903228588894219518643238434463105051047002510103282733548375
60,2026-09-03,"[0,1)","[0,2)",8,0,0,8,0,0,0.324407564883880212890280277144521794238395570390205804016566
60,2026-09-03,"[0,1)",>=2,7,0,0,7,0,0,0.354330435066687400786206839933794738607089448605187126348296
60,2026-09-03,"[1,2)",<-2,5,0,4,5,0.8,0.375534629762525314372013921647583449989903515711330528044035,0.963775891367569828977116355437082786924683344958530986278769
60,2026-09-03,"[1,2)","[-2,0)",11,0,1,11,0.0909090909090909090909090909090909090909090909090909090909091,0.016232172885884845686826985683594359775015595838264491904934,0.377358436451595628459170053972266708113222687190769983304724
60,2026-09-03,"[1,2)","[0,2)",5,0,1,5,0.2,0.036224108632430171022883644562917213075316655041469013721231,0.624465370237474685627986078352416550010096484288669471955965
60,2026-09-03,"[1,2)",>=2,5,0,0,5,0,0,0.434482464783174761084782871525556271809021898883564142795326
60,2026-09-03,"[2,4)",<-2,6,0,4,6,0.666666666666666666666666666666666666666666666666666666666667,0.299993315138392039723859213822815746224455598651117838038035,0.903228588894219518643238434463105051047002510103282733548375
60,2026-09-03,"[2,4)","[-2,0)",5,0,1,5,0.2,0.036224108632430171022883644562917213075316655041469013721231,0.624465370237474685627986078352416550010096484288669471955965
60,2026-09-03,"[2,4)","[0,2)",18,0,1,18,0.0555555555555555555555555555555555555555555555555555555555556,0.009875190978303082313508634846031297156082580064912900004554,0.257573007818725922397388490196938202575910671831530361102204
60,2026-09-03,"[2,4)",>=2,13,0,1,13,0.0769230769230769230769230769230769230769230769230769230769231,0.013710421242556579808253714622779269798387965952631085614768,0.333139509210995888336178628920920688594076149776242235244574
60,2026-09-03,"[4,8)",<-2,11,0,2,11,0.181818181818181818181818181818181818181818181818181818181818,0.051367689746085094133963649924377303658571388552538605220008,0.476980561960844163535145158696847971365613942692265986609726
60,2026-09-03,"[4,8)","[-2,0)",18,0,0,18,0,0,0.175879223646657630299759265673340687198492408383498668745102
60,2026-09-03,"[4,8)","[0,2)",26,0,0,26,0,0,0.128728921859215295149407654933370962769244819176962274963284
60,2026-09-03,"[4,8)",>=2,16,0,0,16,0,0,0.193607680534436484397123030315166534447518308110879063675717
60,2026-09-03,"[8,infinity)",<-2,23,0,0,23,0,0,0.143116618450426838883472276642405084339263420435897481157223
60,2026-09-03,"[8,infinity)","[-2,0)",25,0,0,25,0,0,0.133192250939048476302451276015897355794721028940851862306375
60,2026-09-03,"[8,infinity)","[0,2)",17,0,0,17,0,0,0.184318135008851803742656742183482675848991885361038668946270
60,2026-09-03,"[8,infinity)",>=2,37,0,0,37,0,0,0.0940578258372024807966737008331431353361241242445789105818134
60,2026-09-04,"[0,1)",<-2,4,0,3,4,0.75,0.300641842582401915564942608623946450489900204040067862450985,0.954412739190299433578789096449818026280040862625305072823917
60,2026-09-04,"[0,1)","[-2,0)",11,0,8,11,0.727272727272727272727272727272727272727272727272727272727273,0.434354698823870877813630041202034480813717940543611609636459,0.902539407099751080994149381211376037026149679995813681913727
60,2026-09-04,"[0,1)","[0,2)",14,0,2,14,0.142857142857142857142857142857142857142857142857142857142857,0.040093921271464938853036912695479508861184094884878533434050,0.399413794969703490789403609468289752396355157531025334977428
60,2026-09-04,"[0,1)",>=2,1,0,0,1,0,0,0.793450685622762572644686990659235135454905747938657255997644
60,2026-09-04,"[1,2)",<-2,5,0,5,5,1,0.565517535216825238915217128474443728190978101116435857204674,1
60,2026-09-04,"[1,2)","[-2,0)",8,0,4,8,0.5,0.215216062213877565705923948256803315914944444494181065997357,0.784783937786122434294076051743196684085055555505818934002643
60,2026-09-04,"[1,2)","[0,2)",13,0,0,13,0,1E-60,0.228095372354198371443420042369827223554730318588668470106495
60,2026-09-04,"[1,2)",>=2,4,0,0,4,0,0,0.489890836454597301712536589852471046460117866669254129450196
60,2026-09-04,"[2,4)",<-2,5,0,3,5,0.6,0.230724281276012960514584397140024627212918715729512090080818,0.882379225767352087268459028554864118425276904493775081360116
60,2026-09-04,"[2,4)","[-2,0)",19,0,0,19,0,0,0.168179224052616251649710921498033188457137988100478093057389
60,2026-09-04,"[2,4)","[0,2)",18,0,2,18,0.111111111111111111111111111111111111111111111111111111111111,0.031019522645612380930110888542323719415287261322063555502170,0.327997651301787998191924095870274592850206834087324297966242
60,2026-09-04,"[2,4)",>=2,6,0,0,6,0,0,0.390334287902165324898707055142237608185625673736798285240772
60,2026-09-04,"[4,8)",<-2,9,0,1,9,0.111111111111111111111111111111111111111111111111111111111111,0.019890887638544909123336039549747145430433888416815277180683,0.434999705576656016633305779504184793145793726478044666290525
60,2026-09-04,"[4,8)","[-2,0)",19,0,2,19,0.105263157894736842105263157894736842105263157894736842105263,0.029358560298870137791490101209690328416178648443629948669908,0.313940827111090060879334310499283241418403973740958019533294
60,2026-09-04,"[4,8)","[0,2)",29,0,0,29,0,0,0.116969798499740742321570618566042766673886847202390383923475
60,2026-09-04,"[4,8)",>=2,18,0,0,18,0,0,0.175879223646657630299759265673340687198492408383498668745102
60,2026-09-04,"[8,infinity)",<-2,20,0,1,20,0.05,0.008881448800795391602879473430907108230127032845046417582298,0.236131193446742027595051195081921842949898211188338729890754
60,2026-09-04,"[8,infinity)","[-2,0)",19,0,0,19,0,0,0.168179224052616251649710921498033188457137988100478093057389
60,2026-09-04,"[8,infinity)","[0,2)",28,0,0,28,0,0,0.120643304765845633983553520438697530858973767234507701423027
60,2026-09-04,"[8,infinity)",>=2,21,0,0,21,0,0,0.154639018924846951507636945003626730599908470059449552977985
60,2026-09-05,"[0,1)",<-2,3,0,3,3,1,0.438502968244954533215461236605189053316202030549110725862112,1
60,2026-09-05,"[0,1)","[-2,0)",36,0,17,36,0.472222222222222222222222222222222222222222222222222222222222,0.319860415151790607606621652135002542818490848917209749980082,0.629940619770124040256614158686819636677222067577739069361432
60,2026-09-05,"[0,1)","[0,2)",31,0,3,31,0.0967741935483870967741935483870967741935483870967741935483871,0.033464644163197389148184255619828959110743648739070539136776,0.248999384433928374983389741165239285973330834602677092782202
60,2026-09-05,"[0,1)",>=2,3,0,0,3,0,0,0.561497031755045466784538763394810946683797969450889274137888
60,2026-09-05,"[1,2)",<-2,6,0,6,6,1,0.609665712097834675101292944857762391814374326263201714759228,1
60,2026-09-05,"[1,2)","[-2,0)",25,0,4,25,0.16,0.064034514566764395140854100598757675913518437423819251002634,0.346536216071788568744812767092052526026891862255960015365702
60,2026-09-05,"[1,2)","[0,2)",28,0,0,28,0,0,0.120643304765845633983553520438697530858973767234507701423027
60,2026-09-05,"[1,2)",>=2,2,0,0,2,0,0,0.657619772493346908066213171022805867761678469589830388837810
60,2026-09-05,"[2,4)",<-2,1,0,0,1,0,0,0.793450685622762572644686990659235135454905747938657255997644
60,2026-09-05,"[2,4)","[-2,0)",28,0,2,28,0.0714285714285714285714285714285714285714285714285714285714286,0.019812064115305731944951343318032581634806896862641796101400,0.226453625683990525755237388486565301958599189338364805118338
60,2026-09-05,"[2,4)","[0,2)",38,0,0,38,0,1E-61,0.0918098682255839546063730448500120445729383741592083301937471
60,2026-09-05,"[2,4)",>=2,6,0,0,6,0,0,0.390334287902165324898707055142237608185625673736798285240772
60,2026-09-05,"[4,8)",<-2,4,0,0,4,0,0,0.489890836454597301712536589852471046460117866669254129450196
60,2026-09-05,"[4,8)","[-2,0)",20,0,1,20,0.05,0.008881448800795391602879473430907108230127032845046417582298,0.236131193446742027595051195081921842949898211188338729890754
60,2026-09-05,"[4,8)","[0,2)",28,0,0,28,0,0,0.120643304765845633983553520438697530858973767234507701423027
60,2026-09-05,"[4,8)",>=2,3,0,0,3,0,0,0.561497031755045466784538763394810946683797969450889274137888
60,2026-09-05,"[8,infinity)",<-2,2,0,0,2,0,0,0.657619772493346908066213171022805867761678469589830388837810
60,2026-09-05,"[8,infinity)","[-2,0)",9,0,1,9,0.111111111111111111111111111111111111111111111111111111111111,0.019890887638544909123336039549747145430433888416815277180683,0.434999705576656016633305779504184793145793726478044666290525
60,2026-09-05,"[8,infinity)","[0,2)",5,0,0,5,0,0,0.434482464783174761084782871525556271809021898883564142795326
60,2026-09-05,"[8,infinity)",>=2,0,0,0,0,,,
60,2026-09-06,"[0,1)",<-2,2,0,2,2,1,0.342380227506653091933786828977194132238321530410169611162190,1
60,2026-09-06,"[0,1)","[-2,0)",30,0,11,30,0.366666666666666666666666666666666666666666666666666666666667,0.218739208061007088225856161398282726178517139852607737335993,0.544864363452051245091767563733152510938254102044966852494491
60,2026-09-06,"[0,1)","[0,2)",28,0,3,28,0.107142857142857142857142857142857142857142857142857142857143,0.037118366829300001262786171955497541377300487391947206585936,0.271958515486721568295720165532050518583321758292308844532156
60,2026-09-06,"[0,1)",>=2,0,0,0,0,,,
60,2026-09-06,"[1,2)",<-2,1,0,1,1,1,0.206549314377237427355313009340764864545094252061342744002356,1
60,2026-09-06,"[1,2)","[-2,0)",15,0,2,15,0.133333333333333333333333333333333333333333333333333333333333,0.037361259103065351046643193402398148733014991019704808316858,0.378819828323223614151173391621803939039422047268381567073774
60,2026-09-06,"[1,2)","[0,2)",35,0,2,35,0.0571428571428571428571428571428571428571428571428571428571429,0.0158131618571086470376172640506620186944895581163312850540023,0.186070574201649211937659981029627881684417782103288143990610
60,2026-09-06,"[1,2)",>=2,5,0,0,5,0,0,0.434482464783174761084782871525556271809021898883564142795326
60,2026-09-06,"[2,4)",<-2,4,0,4,4,1,0.510109163545402698287463410147528953539882133330745870549804,1
60,2026-09-06,"[2,4)","[-2,0)",30,0,3,30,0.1,0.034599888747334186390133137725463038274341300799130149858446,0.256210825791840813562738037668842673075972424893593619633002
60,2026-09-06,"[2,4)","[0,2)",28,0,2,28,0.0714285714285714285714285714285714285714285714285714285714286,0.019812064115305731944951343318032581634806896862641796101400,0.226453625683990525755237388486565301958599189338364805118338
60,2026-09-06,"[2,4)",>=2,3,0,0,3,0,0,0.561497031755045466784538763394810946683797969450889274137888
60,2026-09-06,"[4,8)",<-2,2,0,1,2,0.5,0.094531205734230729793326600900495328768115141516490687279156,0.905468794265769270206673399099504671231884858483509312720844
60,2026-09-06,"[4,8)","[-2,0)",25,0,0,25,0,0,0.133192250939048476302451276015897355794721028940851862306375
60,2026-09-06,"[4,8)","[0,2)",35,0,0,35,0,0,0.0989009923244040343269259218648434359116695776673122585987557
60,2026-09-06,"[4,8)",>=2,4,0,0,4,0,0,0.489890836454597301712536589852471046460117866669254129450196
60,2026-09-06,"[8,infinity)",<-2,3,0,1,3,0.333333333333333333333333333333333333333333333333333333333333,0.061491944720396241873444442939187390780210775328990142673567,0.792340399197952247054735144859082924781055214487972948705729
60,2026-09-06,"[8,infinity)","[-2,0)",8,0,0,8,0,0,0.324407564883880212890280277144521794238395570390205804016566
60,2026-09-06,"[8,infinity)","[0,2)",10,0,0,10,0,0,0.277532799862889204526030927043294338473666863904268179277910
60,2026-09-06,"[8,infinity)",>=2,5,0,0,5,0,0,0.434482464783174761084782871525556271809021898883564142795326
60,2026-09-07,"[0,1)",<-2,6,0,5,6,0.833333333333333333333333333333333333333333333333333333333333,0.436497177813529786730157242962737082064354641683022744644003,0.969946630251693330004038053609104512478561575825778398528811
60,2026-09-07,"[0,1)","[-2,0)",19,0,12,19,0.631578947368421052631578947368421052631578947368421052631579,0.410395331648030686644292506079306289713780450165171564592070,0.808504872548649247132099356684369187008025342439965779340198
60,2026-09-07,"[0,1)","[0,2)",27,0,6,27,0.222222222222222222222222222222222222222222222222222222222222,0.106072394523600380740224020849676229842787454659828244297480,0.407569288666325765682496829829865273788827064035142820353726
60,2026-09-07,"[0,1)",>=2,3,0,1,3,0.333333333333333333333333333333333333333333333333333333333333,0.061491944720396241873444442939187390780210775328990142673567,0.792340399197952247054735144859082924781055214487972948705729
60,2026-09-07,"[1,2)",<-2,2,0,1,2,0.5,0.094531205734230729793326600900495328768115141516490687279156,0.905468794265769270206673399099504671231884858483509312720844
60,2026-09-07,"[1,2)","[-2,0)",17,0,4,17,0.235294117647058823529411764705882352941176470588235294117647,0.095550443220801159890200509891543120924949957353253344625109,0.472617981195649795032382471264418295700986923132002421287621
60,2026-09-07,"[1,2)","[0,2)",13,0,0,13,0,1E-60,0.228095372354198371443420042369827223554730318588668470106495
60,2026-09-07,"[1,2)",>=2,2,0,0,2,0,0,0.657619772493346908066213171022805867761678469589830388837810
60,2026-09-07,"[2,4)",<-2,7,0,6,7,0.857142857142857142857142857142857142857142857142857142857143,0.486872170725681131474124029217012562390124409416087828555966,0.974320375655256439392871085115991195747668841580207081195256
60,2026-09-07,"[2,4)","[-2,0)",32,0,5,32,0.15625,0.068644202825057092470841388256410065091272699306633285367828,0.317541495975303954702029866710946337641112335686840376113222
60,2026-09-07,"[2,4)","[0,2)",35,0,2,35,0.0571428571428571428571428571428571428571428571428571428571429,0.0158131618571086470376172640506620186944895581163312850540023,0.186070574201649211937659981029627881684417782103288143990610
60,2026-09-07,"[2,4)",>=2,8,0,0,8,0,0,0.324407564883880212890280277144521794238395570390205804016566
60,2026-09-07,"[4,8)",<-2,5,0,2,5,0.4,0.117620774232647912731540971445135881574723095506224918639884,0.769275718723987039485415602859975372787081284270487909919182
60,2026-09-07,"[4,8)","[-2,0)",14,0,0,14,0,1E-60,0.215310802737635801499416731029276965760554953382265415776069
60,2026-09-07,"[4,8)","[0,2)",38,0,1,38,0.0263157894736842105263157894736842105263157894736842105263158,0.0046605876857687806812351682181183993012259334812060377216879,0.134948761159521281577434032166103537662610420985412380356599
60,2026-09-07,"[4,8)",>=2,10,0,0,10,0,0,0.277532799862889204526030927043294338473666863904268179277910
60,2026-09-07,"[8,infinity)",<-2,6,0,1,6,0.166666666666666666666666666666666666666666666666666666666667,0.030053369748306669995961946390895487521438424174221601471187,0.563502822186470213269842757037262917935645358316977255355995
60,2026-09-07,"[8,infinity)","[-2,0)",13,0,0,13,0,1E-60,0.228095372354198371443420042369827223554730318588668470106495
60,2026-09-07,"[8,infinity)","[0,2)",7,0,0,7,0,0,0.354330435066687400786206839933794738607089448605187126348296
60,2026-09-07,"[8,infinity)",>=2,9,0,0,9,0,0,0.299145048419544047401396624497912492455149790579105641605840
60,2026-09-08,"[0,1)",<-2,4,0,3,4,0.75,0.300641842582401915564942608623946450489900204040067862450985,0.954412739190299433578789096449818026280040862625305072823917
60,2026-09-08,"[0,1)","[-2,0)",19,0,15,19,0.789473684210526315789473684210526315789473684210526315789474,0.566657215561858346702307349488606437525666974927940317117274,0.914923233670837507605754748591479611262305768803361839533714
60,2026-09-08,"[0,1)","[0,2)",7,0,0,7,0,0,0.354330435066687400786206839933794738607089448605187126348296
60,2026-09-08,"[0,1)",>=2,4,0,0,4,0,0,0.489890836454597301712536589852471046460117866669254129450196
60,2026-09-08,"[1,2)",<-2,3,0,2,3,0.666666666666666666666666666666666666666666666666666666666667,0.207659600802047752945264855140917075218944785512027051294273,0.938508055279603758126555557060812609219789224671009857326435
60,2026-09-08,"[1,2)","[-2,0)",13,0,7,13,0.538461538461538461538461538461538461538461538461538461538462,0.291437957145060083301265993861851491040824551303530711069421,0.767939321904616965049240156725084876378042347266571714307007
60,2026-09-08,"[1,2)","[0,2)",10,0,1,10,0.1,0.017876213095072907017716328005121013219916667655301041770911,0.404150026795238456603108413629514457559016823468113501651417
60,2026-09-08,"[1,2)",>=2,5,0,1,5,0.2,0.036224108632430171022883644562917213075316655041469013721231,0.624465370237474685627986078352416550010096484288669471955965
60,2026-09-08,"[2,4)",<-2,6,0,2,6,0.333333333333333333333333333333333333333333333333333333333333,0.096771411105780481356761565536894948952997489896717266451625,0.700006684861607960276140786177184253775544401348882161961965
60,2026-09-08,"[2,4)","[-2,0)",19,0,4,19,0.210526315789473684210526315789473684210526315789473684210526,0.085076766329162492394245251408520388737694231196638160466287,0.433342784438141653297692650511393562474333025072059682882727
60,2026-09-08,"[2,4)","[0,2)",21,0,1,21,0.0476190476190476190476190476190476190476190476190476190476190,0.008455987809826386088833643724683707809443898871529123314198,0.226693600741225617656171211278597619876187574039401424618264
60,2026-09-08,"[2,4)",>=2,10,0,0,10,0,0,0.277532799862889204526030927043294338473666863904268179277910
60,2026-09-08,"[4,8)",<-2,13,0,2,13,0.153846153846153846153846153846153846153846153846153846153846,0.043258178358081204655316136859050533509986792180188296408137,0.422346310194825360190128507858522159720211120688889875204053
60,2026-09-08,"[4,8)","[-2,0)",22,0,0,22,0,0,0.148654874608620875261529651123205956231015521669584153863614
60,2026-09-08,"[4,8)","[0,2)",27,0,0,27,0,1E-61,0.124555029741867063560897531223174706536906133650947916372170
60,2026-09-08,"[4,8)",>=2,15,0,0,15,0,0,0.203883301035848588906113525033002846962414143120117784623588
60,2026-09-08,"[8,infinity)",<-2,10,0,0,10,0,0,0.277532799862889204526030927043294338473666863904268179277910
60,2026-09-08,"[8,infinity)","[-2,0)",18,0,0,18,0,0,0.175879223646657630299759265673340687198492408383498668745102
60,2026-09-08,"[8,infinity)","[0,2)",21,0,0,21,0,0,0.154639018924846951507636945003626730599908470059449552977985
60,2026-09-08,"[8,infinity)",>=2,19,0,0,19,0,0,0.168179224052616251649710921498033188457137988100478093057389
60,2026-09-09,"[0,1)",<-2,6,0,5,6,0.833333333333333333333333333333333333333333333333333333333333,0.436497177813529786730157242962737082064354641683022744644003,0.969946630251693330004038053609104512478561575825778398528811
60,2026-09-09,"[0,1)","[-2,0)",9,0,4,9,0.444444444444444444444444444444444444444444444444444444444444,0.188778521097664603881993396599235158965601761006227848652283,0.733348706504506956940384006122755117973859326835895000415031
60,2026-09-09,"[0,1)","[0,2)",9,0,1,9,0.111111111111111111111111111111111111111111111111111111111111,0.019890887638544909123336039549747145430433888416815277180683,0.434999705576656016633305779504184793145793726478044666290525
60,2026-09-09,"[0,1)",>=2,5,0,0,5,0,0,0.434482464783174761084782871525556271809021898883564142795326
60,2026-09-09,"[1,2)",<-2,2,0,2,2,1,0.342380227506653091933786828977194132238321530410169611162190,1
60,2026-09-09,"[1,2)","[-2,0)",9,0,5,9,0.555555555555555555555555555555555555555555555555555555555556,0.266651293495493043059615993877244882026140673164104999584969,0.811221478902335396118006603400764841034398238993772151347717
60,2026-09-09,"[1,2)","[0,2)",15,0,0,15,0,0,0.203883301035848588906113525033002846962414143120117784623588
60,2026-09-09,"[1,2)",>=2,8,0,1,8,0.125,0.022417491450056672799680864765156704300662439077102905272333,0.470888182212853486868029343093234641378134238715551447740093
60,2026-09-09,"[2,4)",<-2,4,0,4,4,1,0.510109163545402698287463410147528953539882133330745870549804,1
60,2026-09-09,"[2,4)","[-2,0)",15,0,2,15,0.133333333333333333333333333333333333333333333333333333333333,0.037361259103065351046643193402398148733014991019704808316858,0.378819828323223614151173391621803939039422047268381567073774
60,2026-09-09,"[2,4)","[0,2)",18,0,4,18,0.222222222222222222222222222222222222222222222222222222222222,0.090009281086016933682117203527007223028466054211762594763476,0.452145843162126194262193499624848714304029728223514443428248
60,2026-09-09,"[2,4)",>=2,8,0,0,8,0,0,0.324407564883880212890280277144521794238395570390205804016566
60,2026-09-09,"[4,8)",<-2,7,0,1,7,0.142857142857142857142857142857142857142857142857142857142857,0.025679624344743560607128914884008804252331158419792918804746,0.513127829274318868525875970782987437609875590583912171444036
60,2026-09-09,"[4,8)","[-2,0)",25,0,0,25,0,0,0.133192250939048476302451276015897355794721028940851862306375
60,2026-09-09,"[4,8)","[0,2)",31,0,0,31,0,0,0.110255395460435947523151756013484623904252359343767063579533
60,2026-09-09,"[4,8)",>=2,6,0,0,6,0,0,0.390334287902165324898707055142237608185625673736798285240772
60,2026-09-09,"[8,infinity)",<-2,10,0,0,10,0,0,0.277532799862889204526030927043294338473666863904268179277910
60,2026-09-09,"[8,infinity)","[-2,0)",13,0,0,13,0,1E-60,0.228095372354198371443420042369827223554730318588668470106495
60,2026-09-09,"[8,infinity)","[0,2)",24,0,0,24,0,0,0.137976204674980184720288987191152453368712544577434277225593
60,2026-09-09,"[8,infinity)",>=2,16,0,0,16,0,0,0.193607680534436484397123030315166534447518308110879063675717
60,2026-09-10,"[0,1)",<-2,5,0,5,5,1,0.565517535216825238915217128474443728190978101116435857204674,1
60,2026-09-10,"[0,1)","[-2,0)",11,0,6,11,0.545454545454545454545454545454545454545454545454545454545455,0.280091537409322042377339629874188906756668818177287856352977,0.787287283775402349384216254608493196811304705930597201957059
60,2026-09-10,"[0,1)","[0,2)",8,0,1,8,0.125,0.022417491450056672799680864765156704300662439077102905272333,0.470888182212853486868029343093234641378134238715551447740093
60,2026-09-10,"[0,1)",>=2,6,0,1,6,0.166666666666666666666666666666666666666666666666666666666667,0.030053369748306669995961946390895487521438424174221601471187,0.563502822186470213269842757037262917935645358316977255355995
60,2026-09-10,"[1,2)",<-2,6,0,5,6,0.833333333333333333333333333333333333333333333333333333333333,0.436497177813529786730157242962737082064354641683022744644003,0.969946630251693330004038053609104512478561575825778398528811
60,2026-09-10,"[1,2)","[-2,0)",13,0,4,13,0.307692307692307692307692307692307692307692307692307692307692,0.126807036557105129020819308386537870881542124804031003249814,0.576306568194509629226649938678780292024123382345456869868070
60,2026-09-10,"[1,2)","[0,2)",16,0,2,16,0.125,0.034977487743240464595820130995911566783344997213098451135723,0.360228272657586898702022141740463334052293733870060846621065
60,2026-09-10,"[1,2)",>=2,3,0,0,3,0,0,0.561497031755045466784538763394810946683797969450889274137888
60,2026-09-10,"[2,4)",<-2,5,0,2,5,0.4,0.117620774232647912731540971445135881574723095506224918639884,0.769275718723987039485415602859975372787081284270487909919182
60,2026-09-10,"[2,4)","[-2,0)",13,0,2,13,0.153846153846153846153846153846153846153846153846153846153846,0.043258178358081204655316136859050533509986792180188296408137,0.422346310194825360190128507858522159720211120688889875204053
60,2026-09-10,"[2,4)","[0,2)",21,0,0,21,0,0,0.154639018924846951507636945003626730599908470059449552977985
60,2026-09-10,"[2,4)",>=2,10,0,0,10,0,0,0.277532799862889204526030927043294338473666863904268179277910
60,2026-09-10,"[4,8)",<-2,5,0,0,5,0,0,0.434482464783174761084782871525556271809021898883564142795326
60,2026-09-10,"[4,8)","[-2,0)",18,0,0,18,0,0,0.175879223646657630299759265673340687198492408383498668745102
60,2026-09-10,"[4,8)","[0,2)",27,0,0,27,0,1E-61,0.124555029741867063560897531223174706536906133650947916372170
60,2026-09-10,"[4,8)",>=2,15,0,0,15,0,0,0.203883301035848588906113525033002846962414143120117784623588
60,2026-09-10,"[8,infinity)",<-2,10,0,0,10,0,0,0.277532799862889204526030927043294338473666863904268179277910
60,2026-09-10,"[8,infinity)","[-2,0)",21,0,0,21,0,0,0.154639018924846951507636945003626730599908470059449552977985
60,2026-09-10,"[8,infinity)","[0,2)",34,0,0,34,0,0,0.101514554153323765588772493480518861287464008360250122371569
60,2026-09-10,"[8,infinity)",>=2,19,0,0,19,0,0,0.168179224052616251649710921498033188457137988100478093057389
60,2026-09-11,"[0,1)",<-2,5,0,4,5,0.8,0.375534629762525314372013921647583449989903515711330528044035,0.963775891367569828977116355437082786924683344958530986278769
60,2026-09-11,"[0,1)","[-2,0)",16,0,6,16,0.375,0.184812325588636338717151440003495893824868698406163227915553,0.613589594544972782382129317575295739787010878621556538003377
60,2026-09-11,"[0,1)","[0,2)",15,0,2,15,0.133333333333333333333333333333333333333333333333333333333333,0.037361259103065351046643193402398148733014991019704808316858,0.378819828323223614151173391621803939039422047268381567073774
60,2026-09-11,"[0,1)",>=2,5,0,0,5,0,0,0.434482464783174761084782871525556271809021898883564142795326
60,2026-09-11,"[1,2)",<-2,4,0,4,4,1,0.510109163545402698287463410147528953539882133330745870549804,1
60,2026-09-11,"[1,2)","[-2,0)",14,0,5,14,0.357142857142857142857142857142857142857142857142857142857143,0.163447317535541338500216372646456652210237362581367019688061,0.612355768960926033356759836219051052292778338384994527676529
60,2026-09-11,"[1,2)","[0,2)",11,0,1,11,0.0909090909090909090909090909090909090909090909090909090909091,0.016232172885884845686826985683594359775015595838264491904934,0.377358436451595628459170053972266708113222687190769983304724
60,2026-09-11,"[1,2)",>=2,3,0,0,3,0,0,0.561497031755045466784538763394810946683797969450889274137888
60,2026-09-11,"[2,4)",<-2,12,0,6,12,0.5,0.253781597633706077436663431202442670092883900453695437634874,0.746218402366293922563336568797557329907116099546304562365126
60,2026-09-11,"[2,4)","[-2,0)",15,0,0,15,0,0,0.203883301035848588906113525033002846962414143120117784623588
60,2026-09-11,"[2,4)","[0,2)",22,0,1,22,0.0454545454545454545454545454545454545454545454545454545454545,0.008069427621263850908248915147418683314924464397626624695992,0.217980458386573308420414404055495822349635100756540787907294
60,2026-09-11,"[2,4)",>=2,9,0,0,9,0,0,0.299145048419544047401396624497912492455149790579105641605840
60,2026-09-11,"[4,8)",<-2,8,0,2,8,0.25,0.071479212752109018118065833441354725591654990944167339215003,0.590724569689831088327074305130906171527542794250935562793281
60,2026-09-11,"[4,8)","[-2,0)",14,0,0,14,0,1E-60,0.215310802737635801499416731029276965760554953382265415776069
60,2026-09-11,"[4,8)","[0,2)",32,0,0,32,0,0,0.107179198255070614069630916316154767610741869081416234881527
60,2026-09-11,"[4,8)",>=2,18,0,0,18,0,0,0.175879223646657630299759265673340687198492408383498668745102
60,2026-09-11,"[8,infinity)",<-2,15,0,2,15,0.133333333333333333333333333333333333333333333333333333333333,0.037361259103065351046643193402398148733014991019704808316858,0.378819828323223614151173391621803939039422047268381567073774
60,2026-09-11,"[8,infinity)","[-2,0)",13,0,0,13,0,1E-60,0.228095372354198371443420042369827223554730318588668470106495
60,2026-09-11,"[8,infinity)","[0,2)",23,0,0,23,0,0,0.143116618450426838883472276642405084339263420435897481157223
60,2026-09-11,"[8,infinity)",>=2,24,0,0,24,0,0,0.137976204674980184720288987191152453368712544577434277225593
60,2026-09-12,"[0,1)",<-2,0,0,0,0,,,
60,2026-09-12,"[0,1)","[-2,0)",42,0,18,42,0.428571428571428571428571428571428571428571428571428571428571,0.291176511761860635767605203567544885213011400272849604676198,0.577937601218954209315550396143309416523332460495723153751364
60,2026-09-12,"[0,1)","[0,2)",51,0,7,51,0.137254901960784313725490196078431372549019607843137254901961,0.0681110173505687732010570904481036380532366323084435215085987,0.257216922575816773072315779639539294893391664215027021730101
60,2026-09-12,"[0,1)",>=2,3,0,0,3,0,0,0.561497031755045466784538763394810946683797969450889274137888
60,2026-09-12,"[1,2)",<-2,1,0,0,1,0,0,0.793450685622762572644686990659235135454905747938657255997644
60,2026-09-12,"[1,2)","[-2,0)",21,0,3,21,0.142857142857142857142857142857142857142857142857142857142857,0.049810124997252692267020762353178509554809845763770065999945,0.346360602806209415952719912649412012302267632850122471841473
60,2026-09-12,"[1,2)","[0,2)",31,0,1,31,0.0322580645161290322580645161290322580645161290322580645161290,0.0057172215254168199874586339522331850026054923572925644219034,0.161941051647249066405167202318445979294920908319134688604112
60,2026-09-12,"[1,2)",>=2,1,0,0,1,0,0,0.793450685622762572644686990659235135454905747938657255997644
60,2026-09-12,"[2,4)",<-2,4,0,1,4,0.25,0.045587260809700566421210903550181973719959137374694927176083,0.699358157417598084435057391376053549510099795959932137549015
60,2026-09-12,"[2,4)","[-2,0)",18,0,0,18,0,0,0.175879223646657630299759265673340687198492408383498668745102
60,2026-09-12,"[2,4)","[0,2)",35,0,0,35,0,0,0.0989009923244040343269259218648434359116695776673122585987557
60,2026-09-12,"[2,4)",>=2,3,0,0,3,0,0,0.561497031755045466784538763394810946683797969450889274137888
60,2026-09-12,"[4,8)",<-2,0,0,0,0,,,
60,2026-09-12,"[4,8)","[-2,0)",15,0,1,15,0.0666666666666666666666666666666666666666666666666666666666667,0.011866895493268551900400658175721432353582667454859885236678,0.298165298737800225151564396852881035013842923249242194770432
60,2026-09-12,"[4,8)","[0,2)",18,0,0,18,0,0,0.175879223646657630299759265673340687198492408383498668745102
60,2026-09-12,"[4,8)",>=2,3,0,0,3,0,0,0.561497031755045466784538763394810946683797969450889274137888
60,2026-09-12,"[8,infinity)",<-2,0,0,0,0,,,
60,2026-09-12,"[8,infinity)","[-2,0)",0,0,0,0,,,
60,2026-09-12,"[8,infinity)","[0,2)",2,0,0,2,0,0,0.657619772493346908066213171022805867761678469589830388837810
60,2026-09-12,"[8,infinity)",>=2,0,0,0,0,,,
30,2026-08-16,"[0,1)",<-2,1,0,1,1,1,0.206549314377237427355313009340764864545094252061342744002356,1
30,2026-08-16,"[0,1)","[-2,0)",59,0,16,59,0.271186440677966101694915254237288135593220338983050847457627,0.174369709379180499282995449084283737109291558862543119169702,0.395977629675451470643143423524620590891425793494564154866684
30,2026-08-16,"[0,1)","[0,2)",78,0,0,78,0,0,0.0469378097121942813177594698350995590444330634939577398254130
30,2026-08-16,"[0,1)",>=2,2,0,0,2,0,0,0.657619772493346908066213171022805867761678469589830388837810
30,2026-08-16,"[1,2)",<-2,2,0,2,2,1,0.342380227506653091933786828977194132238321530410169611162190,1
30,2026-08-16,"[1,2)","[-2,0)",13,0,1,13,0.0769230769230769230769230769230769230769230769230769230769231,0.013710421242556579808253714622779269798387965952631085614768,0.333139509210995888336178628920920688594076149776242235244574
30,2026-08-16,"[1,2)","[0,2)",30,0,0,30,0,0,0.113513393173968749941088969242882139187892157115904711864309
30,2026-08-16,"[1,2)",>=2,1,0,0,1,0,0,0.793450685622762572644686990659235135454905747938657255997644
30,2026-08-16,"[2,4)",<-2,3,0,0,3,0,0,0.561497031755045466784538763394810946683797969450889274137888
30,2026-08-16,"[2,4)","[-2,0)",13,0,0,13,0,1E-60,0.228095372354198371443420042369827223554730318588668470106495
30,2026-08-16,"[2,4)","[0,2)",24,0,0,24,0,0,0.137976204674980184720288987191152453368712544577434277225593
30,2026-08-16,"[2,4)",>=2,1,0,0,1,0,0,0.793450685622762572644686990659235135454905747938657255997644
30,2026-08-16,"[4,8)",<-2,0,0,0,0,,,
30,2026-08-16,"[4,8)","[-2,0)",12,0,0,12,0,0,0.242494006655240850743536740887323444981368621780736059953412
30,2026-08-16,"[4,8)","[0,2)",10,0,0,10,0,0,0.277532799862889204526030927043294338473666863904268179277910
30,2026-08-16,"[4,8)",>=2,1,0,0,1,0,0,0.793450685622762572644686990659235135454905747938657255997644
30,2026-08-16,"[8,infinity)",<-2,1,0,0,1,0,0,0.793450685622762572644686990659235135454905747938657255997644
30,2026-08-16,"[8,infinity)","[-2,0)",2,0,0,2,0,0,0.657619772493346908066213171022805867761678469589830388837810
30,2026-08-16,"[8,infinity)","[0,2)",4,0,0,4,0,0,0.489890836454597301712536589852471046460117866669254129450196
30,2026-08-16,"[8,infinity)",>=2,1,0,0,1,0,0,0.793450685622762572644686990659235135454905747938657255997644
30,2026-08-17,"[0,1)",<-2,3,0,3,3,1,0.438502968244954533215461236605189053316202030549110725862112,1
30,2026-08-17,"[0,1)","[-2,0)",19,0,8,19,0.421052631578947368421052631578947368421052631578947368421053,0.231418912824542392355482048196545144746068551444696318854947,0.637240964657449647378682834145249569220847972992221274785695
30,2026-08-17,"[0,1)","[0,2)",22,0,1,22,0.0454545454545454545454545454545454545454545454545454545454545,0.008069427621263850908248915147418683314924464397626624695992,0.217980458386573308420414404055495822349635100756540787907294
30,2026-08-17,"[0,1)",>=2,2,0,0,2,0,0,0.657619772493346908066213171022805867761678469589830388837810
30,2026-08-17,"[1,2)",<-2,0,0,0,0,,,
30,2026-08-17,"[1,2)","[-2,0)",10,0,0,10,0,0,0.277532799862889204526030927043294338473666863904268179277910
30,2026-08-17,"[1,2)","[0,2)",19,0,0,19,0,0,0.168179224052616251649710921498033188457137988100478093057389
30,2026-08-17,"[1,2)",>=2,4,0,0,4,0,0,0.489890836454597301712536589852471046460117866669254129450196
30,2026-08-17,"[2,4)",<-2,1,0,0,1,0,0,0.793450685622762572644686990659235135454905747938657255997644
30,2026-08-17,"[2,4)","[-2,0)",20,0,1,20,0.05,0.008881448800795391602879473430907108230127032845046417582298,0.236131193446742027595051195081921842949898211188338729890754
30,2026-08-17,"[2,4)","[0,2)",36,0,0,36,0,0,0.0964186285944636615382445947927992309228324969090787481472514
30,2026-08-17,"[2,4)",>=2,4,0,0,4,0,0,0.489890836454597301712536589852471046460117866669254129450196
30,2026-08-17,"[4,8)",<-2,6,0,0,6,0,0,0.390334287902165324898707055142237608185625673736798285240772
30,2026-08-17,"[4,8)","[-2,0)",39,1,0,38,0,1E-61,0.0918098682255839546063730448500120445729383741592083301937471
30,2026-08-17,"[4,8)","[0,2)",23,0,0,23,0,0,0.143116618450426838883472276642405084339263420435897481157223
30,2026-08-17,"[4,8)",>=2,8,0,0,8,0,0,0.324407564883880212890280277144521794238395570390205804016566
30,2026-08-17,"[8,infinity)",<-2,7,0,0,7,0,0,0.354330435066687400786206839933794738607089448605187126348296
30,2026-08-17,"[8,infinity)","[-2,0)",8,0,0,8,0,0,0.324407564883880212890280277144521794238395570390205804016566
30,2026-08-17,"[8,infinity)","[0,2)",25,0,0,25,0,0,0.133192250939048476302451276015897355794721028940851862306375
30,2026-08-17,"[8,infinity)",>=2,11,0,0,11,0,0,0.258832966968031690622885270690496860752291234813264358589584
30,2026-08-18,"[0,1)",<-2,0,0,0,0,,,
30,2026-08-18,"[0,1)","[-2,0)",19,0,7,19,0.368421052631578947368421052631578947368421052631578947368421,0.191495127451350752867900643315630812991974657560034220659804,0.589604668351969313355707493920693710286219549834828435407932
30,2026-08-18,"[0,1)","[0,2)",20,0,1,20,0.05,0.008881448800795391602879473430907108230127032845046417582298,0.236131193446742027595051195081921842949898211188338729890754
30,2026-08-18,"[0,1)",>=2,5,0,0,5,0,0,0.434482464783174761084782871525556271809021898883564142795326
30,2026-08-18,"[1,2)",<-2,1,0,0,1,0,0,0.793450685622762572644686990659235135454905747938657255997644
30,2026-08-18,"[1,2)","[-2,0)",21,0,2,21,0.0952380952380952380952380952380952380952380952380952380952381,0.026518767438074516559365149362529860371980708722242404452705,0.289141390739182539423007615640406064399373767040169138434235
30,2026-08-18,"[1,2)","[0,2)",14,0,0,14,0,1E-60,0.215310802737635801499416731029276965760554953382265415776069
30,2026-08-18,"[1,2)",>=2,2,0,0,2,0,0,0.657619772493346908066213171022805867761678469589830388837810
30,2026-08-18,"[2,4)",<-2,1,0,0,1,0,0,0.793450685622762572644686990659235135454905747938657255997644
30,2026-08-18,"[2,4)","[-2,0)",31,0,0,31,0,0,0.110255395460435947523151756013484623904252359343767063579533
30,2026-08-18,"[2,4)","[0,2)",45,0,0,45,0,0,0.0786515987328883595248244515862390432601662136200408413169198
30,2026-08-18,"[2,4)",>=2,5,0,0,5,0,0,0.434482464783174761084782871525556271809021898883564142795326
30,2026-08-18,"[4,8)",<-2,6,0,0,6,0,0,0.390334287902165324898707055142237608185625673736798285240772
30,2026-08-18,"[4,8)","[-2,0)",29,0,0,29,0,0,0.116969798499740742321570618566042766673886847202390383923475
30,2026-08-18,"[4,8)","[0,2)",28,0,0,28,0,0,0.120643304765845633983553520438697530858973767234507701423027
30,2026-08-18,"[4,8)",>=2,6,0,0,6,0,0,0.390334287902165324898707055142237608185625673736798285240772
30,2026-08-18,"[8,infinity)",<-2,3,0,0,3,0,0,0.561497031755045466784538763394810946683797969450889274137888
30,2026-08-18,"[8,infinity)","[-2,0)",6,0,0,6,0,0,0.390334287902165324898707055142237608185625673736798285240772
30,2026-08-18,"[8,infinity)","[0,2)",9,0,0,9,0,0,0.299145048419544047401396624497912492455149790579105641605840
30,2026-08-18,"[8,infinity)",>=2,7,0,0,7,0,0,0.354330435066687400786206839933794738607089448605187126348296
30,2026-08-19,"[0,1)",<-2,6,0,6,6,1,0.609665712097834675101292944857762391814374326263201714759228,1
30,2026-08-19,"[0,1)","[-2,0)",14,0,7,14,0.5,0.267992024524136346717374766445350250952205185470645542577707,0.732007975475863653282625233554649749047794814529354457422291
30,2026-08-19,"[0,1)","[0,2)",14,0,0,14,0,1E-60,0.215310802737635801499416731029276965760554953382265415776069
30,2026-08-19,"[0,1)",>=2,3,0,0,3,0,0,0.561497031755045466784538763394810946683797969450889274137888
30,2026-08-19,"[1,2)",<-2,4,0,3,4,0.75,0.300641842582401915564942608623946450489900204040067862450985,0.954412739190299433578789096449818026280040862625305072823917
30,2026-08-19,"[1,2)","[-2,0)",13,0,1,13,0.0769230769230769230769230769230769230769230769230769230769231,0.013710421242556579808253714622779269798387965952631085614768,0.333139509210995888336178628920920688594076149776242235244574
30,2026-08-19,"[1,2)","[0,2)",12,0,1,12,0.0833333333333333333333333333333333333333333333333333333333333,0.014865094404917114752602291403112818736709754550808213613698,0.353879911141116927533678326002990052081097430266471836347478
30,2026-08-19,"[1,2)",>=2,3,0,0,3,0,0,0.561497031755045466784538763394810946683797969450889274137888
30,2026-08-19,"[2,4)",<-2,3,0,2,3,0.666666666666666666666666666666666666666666666666666666666667,0.207659600802047752945264855140917075218944785512027051294273,0.938508055279603758126555557060812609219789224671009857326435
30,2026-08-19,"[2,4)","[-2,0)",25,0,0,25,0,0,0.133192250939048476302451276015897355794721028940851862306375
30,2026-08-19,"[2,4)","[0,2)",28,0,0,28,0,0,0.120643304765845633983553520438697530858973767234507701423027
30,2026-08-19,"[2,4)",>=2,5,0,0,5,0,0,0.434482464783174761084782871525556271809021898883564142795326
30,2026-08-19,"[4,8)",<-2,5,0,0,5,0,0,0.434482464783174761084782871525556271809021898883564142795326
30,2026-08-19,"[4,8)","[-2,0)",10,0,0,10,0,0,0.277532799862889204526030927043294338473666863904268179277910
30,2026-08-19,"[4,8)","[0,2)",21,0,0,21,0,0,0.154639018924846951507636945003626730599908470059449552977985
30,2026-08-19,"[4,8)",>=2,6,0,0,6,0,0,0.390334287902165324898707055142237608185625673736798285240772
30,2026-08-19,"[8,infinity)",<-2,18,0,0,18,0,0,0.175879223646657630299759265673340687198492408383498668745102
30,2026-08-19,"[8,infinity)","[-2,0)",9,0,0,9,0,0,0.299145048419544047401396624497912492455149790579105641605840
30,2026-08-19,"[8,infinity)","[0,2)",29,0,0,29,0,0,0.116969798499740742321570618566042766673886847202390383923475
30,2026-08-19,"[8,infinity)",>=2,29,0,0,29,0,0,0.116969798499740742321570618566042766673886847202390383923475
30,2026-08-20,"[0,1)",<-2,2,0,2,2,1,0.342380227506653091933786828977194132238321530410169611162190,1
30,2026-08-20,"[0,1)","[-2,0)",6,0,4,6,0.666666666666666666666666666666666666666666666666666666666667,0.299993315138392039723859213822815746224455598651117838038035,0.903228588894219518643238434463105051047002510103282733548375
30,2026-08-20,"[0,1)","[0,2)",11,1,2,10,0.2,0.056682151454375262761345565444990352367463172866835521618743,0.509837528463358259954272990780986250716736945475725385948003
30,2026-08-20,"[0,1)",>=2,4,1,0,3,0,0,0.561497031755045466784538763394810946683797969450889274137888
30,2026-08-20,"[1,2)",<-2,4,0,3,4,0.75,0.300641842582401915564942608623946450489900204040067862450985,0.954412739190299433578789096449818026280040862625305072823917
30,2026-08-20,"[1,2)","[-2,0)",5,0,2,5,0.4,0.117620774232647912731540971445135881574723095506224918639884,0.769275718723987039485415602859975372787081284270487909919182
30,2026-08-20,"[1,2)","[0,2)",7,0,0,7,0,0,0.354330435066687400786206839933794738607089448605187126348296
30,2026-08-20,"[1,2)",>=2,4,0,0,4,0,0,0.489890836454597301712536589852471046460117866669254129450196
30,2026-08-20,"[2,4)",<-2,8,0,5,8,0.625,0.305742394602627319361520123108521776231413693739125031044205,0.863155714176402627415909807605347775208987413663323517951653
30,2026-08-20,"[2,4)","[-2,0)",8,0,0,8,0,0,0.324407564883880212890280277144521794238395570390205804016566
30,2026-08-20,"[2,4)","[0,2)",6,0,0,6,0,0,0.390334287902165324898707055142237608185625673736798285240772
30,2026-08-20,"[2,4)",>=2,6,0,0,6,0,0,0.390334287902165324898707055142237608185625673736798285240772
30,2026-08-20,"[4,8)",<-2,13,1,2,12,0.166666666666666666666666666666666666666666666666666666666667,0.046965142183853845227742667144839337615029682787675658461465,0.448030862252973388601281826780042959039216065066148381507477
30,2026-08-20,"[4,8)","[-2,0)",14,0,0,14,0,1E-60,0.215310802737635801499416731029276965760554953382265415776069
30,2026-08-20,"[4,8)","[0,2)",21,1,0,20,0,0,0.161125158052819354664367409458698834644472493370427941636724
30,2026-08-20,"[4,8)",>=2,23,0,0,23,0,0,0.143116618450426838883472276642405084339263420435897481157223
30,2026-08-20,"[8,infinity)",<-2,31,0,0,31,0,0,0.110255395460435947523151756013484623904252359343767063579533
30,2026-08-20,"[8,infinity)","[-2,0)",29,0,0,29,0,0,0.116969798499740742321570618566042766673886847202390383923475
30,2026-08-20,"[8,infinity)","[0,2)",33,0,0,33,0,0,0.104269997542452055904110156546589646564609266108543906361983
30,2026-08-20,"[8,infinity)",>=2,35,0,0,35,0,0,0.0989009923244040343269259218648434359116695776673122585987557
30,2026-08-21,"[0,1)",<-2,3,0,3,3,1,0.438502968244954533215461236605189053316202030549110725862112,1
30,2026-08-21,"[0,1)","[-2,0)",4,0,3,4,0.75,0.300641842582401915564942608623946450489900204040067862450985,0.954412739190299433578789096449818026280040862625305072823917
30,2026-08-21,"[0,1)","[0,2)",1,1,0,0,,,
30,2026-08-21,"[0,1)",>=2,3,0,0,3,0,0,0.561497031755045466784538763394810946683797969450889274137888
30,2026-08-21,"[1,2)",<-2,3,0,3,3,1,0.438502968244954533215461236605189053316202030549110725862112,1
30,2026-08-21,"[1,2)","[-2,0)",6,1,3,5,0.6,0.230724281276012960514584397140024627212918715729512090080818,0.882379225767352087268459028554864118425276904493775081360116
30,2026-08-21,"[1,2)","[0,2)",5,1,1,4,0.25,0.045587260809700566421210903550181973719959137374694927176083,0.699358157417598084435057391376053549510099795959932137549015
30,2026-08-21,"[1,2)",>=2,5,0,0,5,0,0,0.434482464783174761084782871525556271809021898883564142795326
30,2026-08-21,"[2,4)",<-2,5,0,2,5,0.4,0.117620774232647912731540971445135881574723095506224918639884,0.769275718723987039485415602859975372787081284270487909919182
30,2026-08-21,"[2,4)","[-2,0)",3,0,0,3,0,0,0.561497031755045466784538763394810946683797969450889274137888
30,2026-08-21,"[2,4)","[0,2)",2,0,0,2,0,0,0.657619772493346908066213171022805867761678469589830388837810
30,2026-08-21,"[2,4)",>=2,10,2,0,8,0,0,0.324407564883880212890280277144521794238395570390205804016566
30,2026-08-21,"[4,8)",<-2,13,2,2,11,0.181818181818181818181818181818181818181818181818181818181818,0.051367689746085094133963649924377303658571388552538605220008,0.476980561960844163535145158696847971365613942692265986609726
30,2026-08-21,"[4,8)","[-2,0)",11,1,1,10,0.1,0.017876213095072907017716328005121013219916667655301041770911,0.404150026795238456603108413629514457559016823468113501651417
30,2026-08-21,"[4,8)","[0,2)",8,1,0,7,0,0,0.354330435066687400786206839933794738607089448605187126348296
30,2026-08-21,"[4,8)",>=2,13,0,0,13,0,1E-60,0.228095372354198371443420042369827223554730318588668470106495
30,2026-08-21,"[8,infinity)",<-2,49,1,0,48,0,0,0.0741001296661174914061744554923246232034589477706585810675096
30,2026-08-21,"[8,infinity)","[-2,0)",20,3,0,17,0,0,0.184318135008851803742656742183482675848991885361038668946270
30,2026-08-21,"[8,infinity)","[0,2)",23,1,0,22,0,0,0.148654874608620875261529651123205956231015521669584153863614
30,2026-08-21,"[8,infinity)",>=2,68,8,0,60,0,0,0.0601718521420898546776104293946743481493038991076413529882080
30,2026-08-22,"[0,1)",<-2,3,0,3,3,1,0.438502968244954533215461236605189053316202030549110725862112,1
30,2026-08-22,"[0,1)","[-2,0)",3,0,3,3,1,0.438502968244954533215461236605189053316202030549110725862112,1
30,2026-08-22,"[0,1)","[0,2)",8,0,1,8,0.125,0.022417491450056672799680864765156704300662439077102905272333,0.470888182212853486868029343093234641378134238715551447740093
30,2026-08-22,"[0,1)",>=2,5,0,0,5,0,0,0.434482464783174761084782871525556271809021898883564142795326
30,2026-08-22,"[1,2)",<-2,4,0,4,4,1,0.510109163545402698287463410147528953539882133330745870549804,1
30,2026-08-22,"[1,2)","[-2,0)",7,0,0,7,0,0,0.354330435066687400786206839933794738607089448605187126348296
30,2026-08-22,"[1,2)","[0,2)",16,0,2,16,0.125,0.034977487743240464595820130995911566783344997213098451135723,0.360228272657586898702022141740463334052293733870060846621065
30,2026-08-22,"[1,2)",>=2,4,0,0,4,0,0,0.489890836454597301712536589852471046460117866669254129450196
30,2026-08-22,"[2,4)",<-2,8,0,4,8,0.5,0.215216062213877565705923948256803315914944444494181065997357,0.784783937786122434294076051743196684085055555505818934002643
30,2026-08-22,"[2,4)","[-2,0)",15,0,0,15,0,0,0.203883301035848588906113525033002846962414143120117784623588
30,2026-08-22,"[2,4)","[0,2)",17,0,0,17,0,0,0.184318135008851803742656742183482675848991885361038668946270
30,2026-08-22,"[2,4)",>=2,8,0,0,8,0,0,0.324407564883880212890280277144521794238395570390205804016566
30,2026-08-22,"[4,8)",<-2,11,0,1,11,0.0909090909090909090909090909090909090909090909090909090909091,0.016232172885884845686826985683594359775015595838264491904934,0.377358436451595628459170053972266708113222687190769983304724
30,2026-08-22,"[4,8)","[-2,0)",21,0,0,21,0,0,0.154639018924846951507636945003626730599908470059449552977985
30,2026-08-22,"[4,8)","[0,2)",18,0,0,18,0,0,0.175879223646657630299759265673340687198492408383498668745102
30,2026-08-22,"[4,8)",>=2,15,0,0,15,0,0,0.203883301035848588906113525033002846962414143120117784623588
30,2026-08-22,"[8,infinity)",<-2,22,0,1,22,0.0454545454545454545454545454545454545454545454545454545454545,0.008069427621263850908248915147418683314924464397626624695992,0.217980458386573308420414404055495822349635100756540787907294
30,2026-08-22,"[8,infinity)","[-2,0)",23,0,0,23,0,0,0.143116618450426838883472276642405084339263420435897481157223
30,2026-08-22,"[8,infinity)","[0,2)",27,0,0,27,0,1E-61,0.124555029741867063560897531223174706536906133650947916372170
30,2026-08-22,"[8,infinity)",>=2,33,0,0,33,0,0,0.104269997542452055904110156546589646564609266108543906361983
30,2026-08-23,"[0,1)",<-2,5,0,5,5,1,0.565517535216825238915217128474443728190978101116435857204674,1
30,2026-08-23,"[0,1)","[-2,0)",15,0,8,15,0.533333333333333333333333333333333333333333333333333333333333,0.301169800254983958899851416330016847184720211837689657783119,0.751904646342626135173074348667782963017785511954302489908641
30,2026-08-23,"[0,1)","[0,2)",5,0,0,5,0,0,0.434482464783174761084782871525556271809021898883564142795326
30,2026-08-23,"[0,1)",>=2,4,0,0,4,0,0,0.489890836454597301712536589852471046460117866669254129450196
30,2026-08-23,"[1,2)",<-2,3,0,1,3,0.333333333333333333333333333333333333333333333333333333333333,0.061491944720396241873444442939187390780210775328990142673567,0.792340399197952247054735144859082924781055214487972948705729
30,2026-08-23,"[1,2)","[-2,0)",7,0,1,7,0.142857142857142857142857142857142857142857142857142857142857,0.025679624344743560607128914884008804252331158419792918804746,0.513127829274318868525875970782987437609875590583912171444036
30,2026-08-23,"[1,2)","[0,2)",15,0,0,15,0,0,0.203883301035848588906113525033002846962414143120117784623588
30,2026-08-23,"[1,2)",>=2,2,0,0,2,0,0,0.657619772493346908066213171022805867761678469589830388837810
30,2026-08-23,"[2,4)",<-2,3,0,1,3,0.333333333333333333333333333333333333333333333333333333333333,0.061491944720396241873444442939187390780210775328990142673567,0.792340399197952247054735144859082924781055214487972948705729
30,2026-08-23,"[2,4)","[-2,0)",14,0,0,14,0,1E-60,0.215310802737635801499416731029276965760554953382265415776069
30,2026-08-23,"[2,4)","[0,2)",29,0,0,29,0,0,0.116969798499740742321570618566042766673886847202390383923475
30,2026-08-23,"[2,4)",>=2,5,0,0,5,0,0,0.434482464783174761084782871525556271809021898883564142795326
30,2026-08-23,"[4,8)",<-2,15,0,0,15,0,0,0.203883301035848588906113525033002846962414143120117784623588
30,2026-08-23,"[4,8)","[-2,0)",17,0,0,17,0,0,0.184318135008851803742656742183482675848991885361038668946270
30,2026-08-23,"[4,8)","[0,2)",30,0,0,30,0,0,0.113513393173968749941088969242882139187892157115904711864309
30,2026-08-23,"[4,8)",>=2,8,0,0,8,0,0,0.324407564883880212890280277144521794238395570390205804016566
30,2026-08-23,"[8,infinity)",<-2,19,0,0,19,0,0,0.168179224052616251649710921498033188457137988100478093057389
30,2026-08-23,"[8,infinity)","[-2,0)",21,0,0,21,0,0,0.154639018924846951507636945003626730599908470059449552977985
30,2026-08-23,"[8,infinity)","[0,2)",20,0,0,20,0,0,0.161125158052819354664367409458698834644472493370427941636724
30,2026-08-23,"[8,infinity)",>=2,30,0,0,30,0,0,0.113513393173968749941088969242882139187892157115904711864309
30,2026-08-24,"[0,1)",<-2,5,0,4,5,0.8,0.375534629762525314372013921647583449989903515711330528044035,0.963775891367569828977116355437082786924683344958530986278769
30,2026-08-24,"[0,1)","[-2,0)",7,0,4,7,0.571428571428571428571428571428571428571428571428571428571429,0.250458364527657221784906094671053427049031992323202445361730,0.841780144748530292388492928195547324578526657876056536588518
30,2026-08-24,"[0,1)","[0,2)",1,0,0,1,0,0,0.793450685622762572644686990659235135454905747938657255997644
30,2026-08-24,"[0,1)",>=2,4,0,0,4,0,0,0.489890836454597301712536589852471046460117866669254129450196
30,2026-08-24,"[1,2)",<-2,2,0,1,2,0.5,0.094531205734230729793326600900495328768115141516490687279156,0.905468794265769270206673399099504671231884858483509312720844
30,2026-08-24,"[1,2)","[-2,0)",2,0,0,2,0,0,0.657619772493346908066213171022805867761678469589830388837810
30,2026-08-24,"[1,2)","[0,2)",5,0,0,5,0,0,0.434482464783174761084782871525556271809021898883564142795326
30,2026-08-24,"[1,2)",>=2,4,0,0,4,0,0,0.489890836454597301712536589852471046460117866669254129450196
30,2026-08-24,"[2,4)",<-2,11,0,9,11,0.818181818181818181818181818181818181818181818181818181818182,0.523019438039155836464854841303152028634386057307734013390271,0.948632310253914905866036350075622696341428611447461394779989
30,2026-08-24,"[2,4)","[-2,0)",13,0,3,13,0.230769230769230769230769230769230769230769230769230769230769,0.081795287184985631736579088284239642563328711695549236007848,0.502563759467275029809877857607205785504602998313733786357190
30,2026-08-24,"[2,4)","[0,2)",12,0,0,12,0,0,0.242494006655240850743536740887323444981368621780736059953412
30,2026-08-24,"[2,4)",>=2,4,0,0,4,0,0,0.489890836454597301712536589852471046460117866669254129450196
30,2026-08-24,"[4,8)",<-2,17,0,4,17,0.235294117647058823529411764705882352941176470588235294117647,0.095550443220801159890200509891543120924949957353253344625109,0.472617981195649795032382471264418295700986923132002421287621
30,2026-08-24,"[4,8)","[-2,0)",20,0,0,20,0,0,0.161125158052819354664367409458698834644472493370427941636724
30,2026-08-24,"[4,8)","[0,2)",12,0,0,12,0,0,0.242494006655240850743536740887323444981368621780736059953412
30,2026-08-24,"[4,8)",>=2,16,0,0,16,0,0,0.193607680534436484397123030315166534447518308110879063675717
30,2026-08-24,"[8,infinity)",<-2,36,0,0,36,0,0,0.0964186285944636615382445947927992309228324969090787481472514
30,2026-08-24,"[8,infinity)","[-2,0)",34,0,0,34,0,0,0.101514554153323765588772493480518861287464008360250122371569
30,2026-08-24,"[8,infinity)","[0,2)",26,0,0,26,0,0,0.128728921859215295149407654933370962769244819176962274963284
30,2026-08-24,"[8,infinity)",>=2,40,0,0,40,0,0,0.0876216011972866346356086872023508038951983377213078295861324
30,2026-08-25,"[0,1)",<-2,3,0,3,3,1,0.438502968244954533215461236605189053316202030549110725862112,1
30,2026-08-25,"[0,1)","[-2,0)",4,0,3,4,0.75,0.300641842582401915564942608623946450489900204040067862450985,0.954412739190299433578789096449818026280040862625305072823917
30,2026-08-25,"[0,1)","[0,2)",5,0,2,5,0.4,0.117620774232647912731540971445135881574723095506224918639884,0.769275718723987039485415602859975372787081284270487909919182
30,2026-08-25,"[0,1)",>=2,5,0,0,5,0,0,0.434482464783174761084782871525556271809021898883564142795326
30,2026-08-25,"[1,2)",<-2,5,0,5,5,1,0.565517535216825238915217128474443728190978101116435857204674,1
30,2026-08-25,"[1,2)","[-2,0)",5,0,1,5,0.2,0.036224108632430171022883644562917213075316655041469013721231,0.624465370237474685627986078352416550010096484288669471955965
30,2026-08-25,"[1,2)","[0,2)",2,0,0,2,0,0,0.657619772493346908066213171022805867761678469589830388837810
30,2026-08-25,"[1,2)",>=2,4,0,0,4,0,0,0.489890836454597301712536589852471046460117866669254129450196
30,2026-08-25,"[2,4)",<-2,5,0,2,5,0.4,0.117620774232647912731540971445135881574723095506224918639884,0.769275718723987039485415602859975372787081284270487909919182
30,2026-08-25,"[2,4)","[-2,0)",16,0,1,16,0.0625,0.011119344764642533342375492137967463627461582798491024199936,0.283287375702989390505107159387803254014116936798528156516316
30,2026-08-25,"[2,4)","[0,2)",15,0,0,15,0,0,0.203883301035848588906113525033002846962414143120117784623588
30,2026-08-25,"[2,4)",>=2,7,0,0,7,0,0,0.354330435066687400786206839933794738607089448605187126348296
30,2026-08-25,"[4,8)",<-2,18,0,2,18,0.111111111111111111111111111111111111111111111111111111111111,0.031019522645612380930110888542323719415287261322063555502170,0.327997651301787998191924095870274592850206834087324297966242
30,2026-08-25,"[4,8)","[-2,0)",18,0,0,18,0,0,0.175879223646657630299759265673340687198492408383498668745102
30,2026-08-25,"[4,8)","[0,2)",13,0,0,13,0,1E-60,0.228095372354198371443420042369827223554730318588668470106495
30,2026-08-25,"[4,8)",>=2,17,0,0,17,0,0,0.184318135008851803742656742183482675848991885361038668946270
30,2026-08-25,"[8,infinity)",<-2,34,0,0,34,0,0,0.101514554153323765588772493480518861287464008360250122371569
30,2026-08-25,"[8,infinity)","[-2,0)",21,0,0,21,0,0,0.154639018924846951507636945003626730599908470059449552977985
30,2026-08-25,"[8,infinity)","[0,2)",36,0,0,36,0,0,0.0964186285944636615382445947927992309228324969090787481472514
30,2026-08-25,"[8,infinity)",>=2,45,0,0,45,0,0,0.0786515987328883595248244515862390432601662136200408413169198
30,2026-08-26,"[0,1)",<-2,2,0,1,2,0.5,0.094531205734230729793326600900495328768115141516490687279156,0.905468794265769270206673399099504671231884858483509312720844
30,2026-08-26,"[0,1)","[-2,0)",7,0,4,7,0.571428571428571428571428571428571428571428571428571428571429,0.250458364527657221784906094671053427049031992323202445361730,0.841780144748530292388492928195547324578526657876056536588518
30,2026-08-26,"[0,1)","[0,2)",8,0,0,8,0,0,0.324407564883880212890280277144521794238395570390205804016566
30,2026-08-26,"[0,1)",>=2,6,0,0,6,0,0,0.390334287902165324898707055142237608185625673736798285240772
30,2026-08-26,"[1,2)",<-2,8,0,5,8,0.625,0.305742394602627319361520123108521776231413693739125031044205,0.863155714176402627415909807605347775208987413663323517951653
30,2026-08-26,"[1,2)","[-2,0)",4,0,2,4,0.5,0.150038989152149514156900362816506811250894777823785469987184,0.849961010847850485843099637183493188749105222176214530012816
30,2026-08-26,"[1,2)","[0,2)",4,0,0,4,0,0,0.489890836454597301712536589852471046460117866669254129450196
30,2026-08-26,"[1,2)",>=2,7,0,0,7,0,0,0.354330435066687400786206839933794738607089448605187126348296
30,2026-08-26,"[2,4)",<-2,3,0,2,3,0.666666666666666666666666666666666666666666666666666666666667,0.207659600802047752945264855140917075218944785512027051294273,0.938508055279603758126555557060812609219789224671009857326435
30,2026-08-26,"[2,4)","[-2,0)",14,0,0,14,0,1E-60,0.215310802737635801499416731029276965760554953382265415776069
30,2026-08-26,"[2,4)","[0,2)",21,0,0,21,0,0,0.154639018924846951507636945003626730599908470059449552977985
30,2026-08-26,"[2,4)",>=2,10,0,0,10,0,0,0.277532799862889204526030927043294338473666863904268179277910
30,2026-08-26,"[4,8)",<-2,11,0,0,11,0,0,0.258832966968031690622885270690496860752291234813264358589584
30,2026-08-26,"[4,8)","[-2,0)",24,0,0,24,0,0,0.137976204674980184720288987191152453368712544577434277225593
30,2026-08-26,"[4,8)","[0,2)",28,0,0,28,0,0,0.120643304765845633983553520438697530858973767234507701423027
30,2026-08-26,"[4,8)",>=2,14,0,0,14,0,1E-60,0.215310802737635801499416731029276965760554953382265415776069
30,2026-08-26,"[8,infinity)",<-2,19,0,0,19,0,0,0.168179224052616251649710921498033188457137988100478093057389
30,2026-08-26,"[8,infinity)","[-2,0)",21,0,0,21,0,0,0.154639018924846951507636945003626730599908470059449552977985
30,2026-08-26,"[8,infinity)","[0,2)",34,0,0,34,0,0,0.101514554153323765588772493480518861287464008360250122371569
30,2026-08-26,"[8,infinity)",>=2,27,0,0,27,0,1E-61,0.124555029741867063560897531223174706536906133650947916372170
30,2026-08-27,"[0,1)",<-2,4,0,4,4,1,0.510109163545402698287463410147528953539882133330745870549804,1
30,2026-08-27,"[0,1)","[-2,0)",11,0,5,11,0.454545454545454545454545454545454545454545454545454545454545,0.212712716224597650615783745391506803188695294069402798042938,0.719908462590677957622660370125811093243331181822712143647020
30,2026-08-27,"[0,1)","[0,2)",9,0,1,9,0.111111111111111111111111111111111111111111111111111111111111,0.019890887638544909123336039549747145430433888416815277180683,0.434999705576656016633305779504184793145793726478044666290525
30,2026-08-27,"[0,1)",>=2,4,0,0,4,0,0,0.489890836454597301712536589852471046460117866669254129450196
30,2026-08-27,"[1,2)",<-2,3,0,1,3,0.333333333333333333333333333333333333333333333333333333333333,0.061491944720396241873444442939187390780210775328990142673567,0.792340399197952247054735144859082924781055214487972948705729
30,2026-08-27,"[1,2)","[-2,0)",7,0,1,7,0.142857142857142857142857142857142857142857142857142857142857,0.025679624344743560607128914884008804252331158419792918804746,0.513127829274318868525875970782987437609875590583912171444036
30,2026-08-27,"[1,2)","[0,2)",9,0,0,9,0,0,0.299145048419544047401396624497912492455149790579105641605840
30,2026-08-27,"[1,2)",>=2,5,0,0,5,0,0,0.434482464783174761084782871525556271809021898883564142795326
30,2026-08-27,"[2,4)",<-2,7,0,2,7,0.285714285714285714285714285714285714285714285714285714285714,0.082218924004056765947248749487853093510976457849667296896903,0.641065548167380691532554181912344651606347591552555757252367
30,2026-08-27,"[2,4)","[-2,0)",22,0,0,22,0,0,0.148654874608620875261529651123205956231015521669584153863614
30,2026-08-27,"[2,4)","[0,2)",19,0,0,19,0,0,0.168179224052616251649710921498033188457137988100478093057389
30,2026-08-27,"[2,4)",>=2,13,0,0,13,0,1E-60,0.228095372354198371443420042369827223554730318588668470106495
30,2026-08-27,"[4,8)",<-2,7,0,0,7,0,0,0.354330435066687400786206839933794738607089448605187126348296
30,2026-08-27,"[4,8)","[-2,0)",24,0,0,24,0,0,0.137976204674980184720288987191152453368712544577434277225593
30,2026-08-27,"[4,8)","[0,2)",21,0,0,21,0,0,0.154639018924846951507636945003626730599908470059449552977985
30,2026-08-27,"[4,8)",>=2,10,0,0,10,0,0,0.277532799862889204526030927043294338473666863904268179277910
30,2026-08-27,"[8,infinity)",<-2,16,0,0,16,0,0,0.193607680534436484397123030315166534447518308110879063675717
30,2026-08-27,"[8,infinity)","[-2,0)",27,0,0,27,0,1E-61,0.124555029741867063560897531223174706536906133650947916372170
30,2026-08-27,"[8,infinity)","[0,2)",25,0,0,25,0,0,0.133192250939048476302451276015897355794721028940851862306375
30,2026-08-27,"[8,infinity)",>=2,34,0,0,34,0,0,0.101514554153323765588772493480518861287464008360250122371569
30,2026-08-28,"[0,1)",<-2,1,0,1,1,1,0.206549314377237427355313009340764864545094252061342744002356,1
30,2026-08-28,"[0,1)","[-2,0)",6,0,1,6,0.166666666666666666666666666666666666666666666666666666666667,0.030053369748306669995961946390895487521438424174221601471187,0.563502822186470213269842757037262917935645358316977255355995
30,2026-08-28,"[0,1)","[0,2)",9,0,1,9,0.111111111111111111111111111111111111111111111111111111111111,0.019890887638544909123336039549747145430433888416815277180683,0.434999705576656016633305779504184793145793726478044666290525
30,2026-08-28,"[0,1)",>=2,4,0,0,4,0,0,0.489890836454597301712536589852471046460117866669254129450196
30,2026-08-28,"[1,2)",<-2,1,0,1,1,1,0.206549314377237427355313009340764864545094252061342744002356,1
30,2026-08-28,"[1,2)","[-2,0)",12,0,2,12,0.166666666666666666666666666666666666666666666666666666666667,0.046965142183853845227742667144839337615029682787675658461465,0.448030862252973388601281826780042959039216065066148381507477
30,2026-08-28,"[1,2)","[0,2)",13,0,0,13,0,1E-60,0.228095372354198371443420042369827223554730318588668470106495
30,2026-08-28,"[1,2)",>=2,4,0,0,4,0,0,0.489890836454597301712536589852471046460117866669254129450196
30,2026-08-28,"[2,4)",<-2,10,0,7,10,0.7,0.396778147461145352105624146696602577195570769557490247791779,0.892208732593698966083963482486079687414962484880802480497057
30,2026-08-28,"[2,4)","[-2,0)",18,0,0,18,0,0,0.175879223646657630299759265673340687198492408383498668745102
30,2026-08-28,"[2,4)","[0,2)",9,0,0,9,0,0,0.299145048419544047401396624497912492455149790579105641605840
30,2026-08-28,"[2,4)",>=2,7,0,0,7,0,0,0.354330435066687400786206839933794738607089448605187126348296
30,2026-08-28,"[4,8)",<-2,10,0,0,10,0,0,0.277532799862889204526030927043294338473666863904268179277910
30,2026-08-28,"[4,8)","[-2,0)",9,0,0,9,0,0,0.299145048419544047401396624497912492455149790579105641605840
30,2026-08-28,"[4,8)","[0,2)",31,0,0,31,0,0,0.110255395460435947523151756013484623904252359343767063579533
30,2026-08-28,"[4,8)",>=2,14,0,0,14,0,1E-60,0.215310802737635801499416731029276965760554953382265415776069
30,2026-08-28,"[8,infinity)",<-2,32,0,0,32,0,0,0.107179198255070614069630916316154767610741869081416234881527
30,2026-08-28,"[8,infinity)","[-2,0)",22,0,0,22,0,0,0.148654874608620875261529651123205956231015521669584153863614
30,2026-08-28,"[8,infinity)","[0,2)",29,0,0,29,0,0,0.116969798499740742321570618566042766673886847202390383923475
30,2026-08-28,"[8,infinity)",>=2,34,0,0,34,0,0,0.101514554153323765588772493480518861287464008360250122371569
30,2026-08-29,"[0,1)",<-2,2,0,2,2,1,0.342380227506653091933786828977194132238321530410169611162190,1
30,2026-08-29,"[0,1)","[-2,0)",16,0,6,16,0.375,0.184812325588636338717151440003495893824868698406163227915553,0.613589594544972782382129317575295739787010878621556538003377
30,2026-08-29,"[0,1)","[0,2)",24,0,1,24,0.0416666666666666666666666666666666666666666666666666666666667,0.0073934561655057863804228563948425017522169721780705972927653,0.202418064786559382946508715197047247169102860351244156830695
30,2026-08-29,"[0,1)",>=2,3,0,0,3,0,0,0.561497031755045466784538763394810946683797969450889274137888
30,2026-08-29,"[1,2)",<-2,2,0,2,2,1,0.342380227506653091933786828977194132238321530410169611162190,1
30,2026-08-29,"[1,2)","[-2,0)",14,0,0,14,0,1E-60,0.215310802737635801499416731029276965760554953382265415776069
30,2026-08-29,"[1,2)","[0,2)",25,0,0,25,0,0,0.133192250939048476302451276015897355794721028940851862306375
30,2026-08-29,"[1,2)",>=2,2,0,0,2,0,0,0.657619772493346908066213171022805867761678469589830388837810
30,2026-08-29,"[2,4)",<-2,2,0,1,2,0.5,0.094531205734230729793326600900495328768115141516490687279156,0.905468794265769270206673399099504671231884858483509312720844
30,2026-08-29,"[2,4)","[-2,0)",32,0,0,32,0,0,0.107179198255070614069630916316154767610741869081416234881527
30,2026-08-29,"[2,4)","[0,2)",41,0,0,41,0,0,0.0856675701844318594351844311280687423499582709533817091149619
30,2026-08-29,"[2,4)",>=2,6,0,0,6,0,0,0.390334287902165324898707055142237608185625673736798285240772
30,2026-08-29,"[4,8)",<-2,4,0,0,4,0,0,0.489890836454597301712536589852471046460117866669254129450196
30,2026-08-29,"[4,8)","[-2,0)",25,0,0,25,0,0,0.133192250939048476302451276015897355794721028940851862306375
30,2026-08-29,"[4,8)","[0,2)",37,0,0,37,0,0,0.0940578258372024807966737008331431353361241242445789105818134
30,2026-08-29,"[4,8)",>=2,5,0,0,5,0,0,0.434482464783174761084782871525556271809021898883564142795326
30,2026-08-29,"[8,infinity)",<-2,1,0,0,1,0,0,0.793450685622762572644686990659235135454905747938657255997644
30,2026-08-29,"[8,infinity)","[-2,0)",8,0,0,8,0,0,0.324407564883880212890280277144521794238395570390205804016566
30,2026-08-29,"[8,infinity)","[0,2)",12,0,0,12,0,0,0.242494006655240850743536740887323444981368621780736059953412
30,2026-08-29,"[8,infinity)",>=2,3,0,0,3,0,0,0.561497031755045466784538763394810946683797969450889274137888
30,2026-08-30,"[0,1)",<-2,2,0,2,2,1,0.342380227506653091933786828977194132238321530410169611162190,1
30,2026-08-30,"[0,1)","[-2,0)",20,0,7,20,0.35,0.181191824101082064357007912732975927348754595617737553450055,0.567145723314763742042302310104633723044587152393390829040963
30,2026-08-30,"[0,1)","[0,2)",20,0,0,20,0,0,0.161125158052819354664367409458698834644472493370427941636724
30,2026-08-30,"[0,1)",>=2,3,0,0,3,0,0,0.561497031755045466784538763394810946683797969450889274137888
30,2026-08-30,"[1,2)",<-2,5,0,3,5,0.6,0.230724281276012960514584397140024627212918715729512090080818,0.882379225767352087268459028554864118425276904493775081360116
30,2026-08-30,"[1,2)","[-2,0)",9,0,2,9,0.222222222222222222222222222222222222222222222222222222222222,0.063225107117846725567422770990290510071971551480097975452854,0.547411030893011078544464242619660874625333887730516269883724
30,2026-08-30,"[1,2)","[0,2)",19,0,0,19,0,0,0.168179224052616251649710921498033188457137988100478093057389
30,2026-08-30,"[1,2)",>=2,3,0,0,3,0,0,0.561497031755045466784538763394810946683797969450889274137888
30,2026-08-30,"[2,4)",<-2,5,0,2,5,0.4,0.117620774232647912731540971445135881574723095506224918639884,0.769275718723987039485415602859975372787081284270487909919182
30,2026-08-30,"[2,4)","[-2,0)",23,0,0,23,0,0,0.143116618450426838883472276642405084339263420435897481157223
30,2026-08-30,"[2,4)","[0,2)",37,0,0,37,0,0,0.0940578258372024807966737008331431353361241242445789105818134
30,2026-08-30,"[2,4)",>=2,3,0,0,3,0,0,0.561497031755045466784538763394810946683797969450889274137888
30,2026-08-30,"[4,8)",<-2,9,0,0,9,0,0,0.299145048419544047401396624497912492455149790579105641605840
30,2026-08-30,"[4,8)","[-2,0)",24,0,0,24,0,0,0.137976204674980184720288987191152453368712544577434277225593
30,2026-08-30,"[4,8)","[0,2)",32,0,0,32,0,0,0.107179198255070614069630916316154767610741869081416234881527
30,2026-08-30,"[4,8)",>=2,8,0,0,8,0,0,0.324407564883880212890280277144521794238395570390205804016566
30,2026-08-30,"[8,infinity)",<-2,12,0,0,12,0,0,0.242494006655240850743536740887323444981368621780736059953412
30,2026-08-30,"[8,infinity)","[-2,0)",12,0,0,12,0,0,0.242494006655240850743536740887323444981368621780736059953412
30,2026-08-30,"[8,infinity)","[0,2)",17,0,0,17,0,0,0.184318135008851803742656742183482675848991885361038668946270
30,2026-08-30,"[8,infinity)",>=2,10,0,0,10,0,0,0.277532799862889204526030927043294338473666863904268179277910
30,2026-08-31,"[0,1)",<-2,3,0,3,3,1,0.438502968244954533215461236605189053316202030549110725862112,1
30,2026-08-31,"[0,1)","[-2,0)",6,0,3,6,0.5,0.187616306482650520497838086822922679765759317889977245350468,0.812383693517349479502161913177077320234240682110022754649532
30,2026-08-31,"[0,1)","[0,2)",4,0,0,4,0,0,0.489890836454597301712536589852471046460117866669254129450196
30,2026-08-31,"[0,1)",>=2,9,0,0,9,0,0,0.299145048419544047401396624497912492455149790579105641605840
30,2026-08-31,"[1,2)",<-2,3,0,3,3,1,0.438502968244954533215461236605189053316202030549110725862112,1
30,2026-08-31,"[1,2)","[-2,0)",10,0,2,10,0.2,0.056682151454375262761345565444990352367463172866835521618743,0.509837528463358259954272990780986250716736945475725385948003
30,2026-08-31,"[1,2)","[0,2)",9,0,0,9,0,0,0.299145048419544047401396624497912492455149790579105641605840
30,2026-08-31,"[1,2)",>=2,5,0,0,5,0,0,0.434482464783174761084782871525556271809021898883564142795326
30,2026-08-31,"[2,4)",<-2,7,0,1,7,0.142857142857142857142857142857142857142857142857142857142857,0.025679624344743560607128914884008804252331158419792918804746,0.513127829274318868525875970782987437609875590583912171444036
30,2026-08-31,"[2,4)","[-2,0)",20,0,1,20,0.05,0.008881448800795391602879473430907108230127032845046417582298,0.236131193446742027595051195081921842949898211188338729890754
30,2026-08-31,"[2,4)","[0,2)",20,0,0,20,0,0,0.161125158052819354664367409458698834644472493370427941636724
30,2026-08-31,"[2,4)",>=2,10,0,0,10,0,0,0.277532799862889204526030927043294338473666863904268179277910
30,2026-08-31,"[4,8)",<-2,8,0,1,8,0.125,0.022417491450056672799680864765156704300662439077102905272333,0.470888182212853486868029343093234641378134238715551447740093
30,2026-08-31,"[4,8)","[-2,0)",15,0,0,15,0,0,0.203883301035848588906113525033002846962414143120117784623588
30,2026-08-31,"[4,8)","[0,2)",23,0,0,23,0,0,0.143116618450426838883472276642405084339263420435897481157223
30,2026-08-31,"[4,8)",>=2,13,0,0,13,0,1E-60,0.228095372354198371443420042369827223554730318588668470106495
30,2026-08-31,"[8,infinity)",<-2,28,0,0,28,0,0,0.120643304765845633983553520438697530858973767234507701423027
30,2026-08-31,"[8,infinity)","[-2,0)",19,0,0,19,0,0,0.168179224052616251649710921498033188457137988100478093057389
30,2026-08-31,"[8,infinity)","[0,2)",33,0,0,33,0,0,0.104269997542452055904110156546589646564609266108543906361983
30,2026-08-31,"[8,infinity)",>=2,30,0,0,30,0,0,0.113513393173968749941088969242882139187892157115904711864309
30,2026-09-01,"[0,1)",<-2,5,0,5,5,1,0.565517535216825238915217128474443728190978101116435857204674,1
30,2026-09-01,"[0,1)","[-2,0)",8,0,4,8,0.5,0.215216062213877565705923948256803315914944444494181065997357,0.784783937786122434294076051743196684085055555505818934002643
30,2026-09-01,"[0,1)","[0,2)",9,0,0,9,0,0,0.299145048419544047401396624497912492455149790579105641605840
30,2026-09-01,"[0,1)",>=2,2,0,0,2,0,0,0.657619772493346908066213171022805867761678469589830388837810
30,2026-09-01,"[1,2)",<-2,4,0,3,4,0.75,0.300641842582401915564942608623946450489900204040067862450985,0.954412739190299433578789096449818026280040862625305072823917
30,2026-09-01,"[1,2)","[-2,0)",9,0,2,9,0.222222222222222222222222222222222222222222222222222222222222,0.063225107117846725567422770990290510071971551480097975452854,0.547411030893011078544464242619660874625333887730516269883724
30,2026-09-01,"[1,2)","[0,2)",6,0,0,6,0,0,0.390334287902165324898707055142237608185625673736798285240772
30,2026-09-01,"[1,2)",>=2,8,0,1,8,0.125,0.022417491450056672799680864765156704300662439077102905272333,0.470888182212853486868029343093234641378134238715551447740093
30,2026-09-01,"[2,4)",<-2,4,0,1,4,0.25,0.045587260809700566421210903550181973719959137374694927176083,0.699358157417598084435057391376053549510099795959932137549015
30,2026-09-01,"[2,4)","[-2,0)",13,0,1,13,0.0769230769230769230769230769230769230769230769230769230769231,0.013710421242556579808253714622779269798387965952631085614768,0.333139509210995888336178628920920688594076149776242235244574
30,2026-09-01,"[2,4)","[0,2)",16,0,0,16,0,0,0.193607680534436484397123030315166534447518308110879063675717
30,2026-09-01,"[2,4)",>=2,9,0,0,9,0,0,0.299145048419544047401396624497912492455149790579105641605840
30,2026-09-01,"[4,8)",<-2,9,0,0,9,0,0,0.299145048419544047401396624497912492455149790579105641605840
30,2026-09-01,"[4,8)","[-2,0)",22,0,0,22,0,0,0.148654874608620875261529651123205956231015521669584153863614
30,2026-09-01,"[4,8)","[0,2)",27,0,0,27,0,1E-61,0.124555029741867063560897531223174706536906133650947916372170
30,2026-09-01,"[4,8)",>=2,18,0,0,18,0,0,0.175879223646657630299759265673340687198492408383498668745102
30,2026-09-01,"[8,infinity)",<-2,19,0,0,19,0,0,0.168179224052616251649710921498033188457137988100478093057389
30,2026-09-01,"[8,infinity)","[-2,0)",31,0,0,31,0,0,0.110255395460435947523151756013484623904252359343767063579533
30,2026-09-01,"[8,infinity)","[0,2)",25,0,0,25,0,0,0.133192250939048476302451276015897355794721028940851862306375
30,2026-09-01,"[8,infinity)",>=2,25,0,0,25,0,0,0.133192250939048476302451276015897355794721028940851862306375
30,2026-09-02,"[0,1)",<-2,2,0,2,2,1,0.342380227506653091933786828977194132238321530410169611162190,1
30,2026-09-02,"[0,1)","[-2,0)",6,0,3,6,0.5,0.187616306482650520497838086822922679765759317889977245350468,0.812383693517349479502161913177077320234240682110022754649532
30,2026-09-02,"[0,1)","[0,2)",8,0,0,8,0,0,0.324407564883880212890280277144521794238395570390205804016566
30,2026-09-02,"[0,1)",>=2,3,0,0,3,0,0,0.561497031755045466784538763394810946683797969450889274137888
30,2026-09-02,"[1,2)",<-2,4,0,4,4,1,0.510109163545402698287463410147528953539882133330745870549804,1
30,2026-09-02,"[1,2)","[-2,0)",7,0,2,7,0.285714285714285714285714285714285714285714285714285714285714,0.082218924004056765947248749487853093510976457849667296896903,0.641065548167380691532554181912344651606347591552555757252367
30,2026-09-02,"[1,2)","[0,2)",6,0,0,6,0,0,0.390334287902165324898707055142237608185625673736798285240772
30,2026-09-02,"[1,2)",>=2,7,0,0,7,0,0,0.354330435066687400786206839933794738607089448605187126348296
30,2026-09-02,"[2,4)",<-2,9,0,4,9,0.444444444444444444444444444444444444444444444444444444444444,0.188778521097664603881993396599235158965601761006227848652283,0.733348706504506956940384006122755117973859326835895000415031
30,2026-09-02,"[2,4)","[-2,0)",13,0,0,13,0,1E-60,0.228095372354198371443420042369827223554730318588668470106495
30,2026-09-02,"[2,4)","[0,2)",16,0,0,16,0,0,0.193607680534436484397123030315166534447518308110879063675717
30,2026-09-02,"[2,4)",>=2,9,0,0,9,0,0,0.299145048419544047401396624497912492455149790579105641605840
30,2026-09-02,"[4,8)",<-2,11,0,0,11,0,0,0.258832966968031690622885270690496860752291234813264358589584
30,2026-09-02,"[4,8)","[-2,0)",22,0,0,22,0,0,0.148654874608620875261529651123205956231015521669584153863614
30,2026-09-02,"[4,8)","[0,2)",28,0,0,28,0,0,0.120643304765845633983553520438697530858973767234507701423027
30,2026-09-02,"[4,8)",>=2,12,0,0,12,0,0,0.242494006655240850743536740887323444981368621780736059953412
30,2026-09-02,"[8,infinity)",<-2,15,0,0,15,0,0,0.203883301035848588906113525033002846962414143120117784623588
30,2026-09-02,"[8,infinity)","[-2,0)",21,0,0,21,0,0,0.154639018924846951507636945003626730599908470059449552977985
30,2026-09-02,"[8,infinity)","[0,2)",33,0,0,33,0,0,0.104269997542452055904110156546589646564609266108543906361983
30,2026-09-02,"[8,infinity)",>=2,31,0,0,31,0,0,0.110255395460435947523151756013484623904252359343767063579533
30,2026-09-03,"[0,1)",<-2,2,0,2,2,1,0.342380227506653091933786828977194132238321530410169611162190,1
30,2026-09-03,"[0,1)","[-2,0)",9,0,6,9,0.666666666666666666666666666666666666666666666666666666666667,0.354202135580396271034535676092598602064228829333691743187467,0.879416181613089046498332115741430567117387907139939709610587
30,2026-09-03,"[0,1)","[0,2)",14,0,1,14,0.0714285714285714285714285714285714285714285714285714285714286,0.012722215247890934509444161201882906109675297161938508881200,0.314687044241511181061484465394640207399371805737146133212574
30,2026-09-03,"[0,1)",>=2,1,0,0,1,0,0,0.793450685622762572644686990659235135454905747938657255997644
30,2026-09-03,"[1,2)",<-2,1,0,1,1,1,0.206549314377237427355313009340764864545094252061342744002356,1
30,2026-09-03,"[1,2)","[-2,0)",4,0,0,4,0,0,0.489890836454597301712536589852471046460117866669254129450196
30,2026-09-03,"[1,2)","[0,2)",6,0,0,6,0,0,0.390334287902165324898707055142237608185625673736798285240772
30,2026-09-03,"[1,2)",>=2,8,0,0,8,0,0,0.324407564883880212890280277144521794238395570390205804016566
30,2026-09-03,"[2,4)",<-2,10,0,4,10,0.4,0.168180329706236137316988431060809769804217864178205459186317,0.687326230266341703588217754347849097890515508602648176669265
30,2026-09-03,"[2,4)","[-2,0)",15,0,0,15,0,0,0.203883301035848588906113525033002846962414143120117784623588
30,2026-09-03,"[2,4)","[0,2)",13,0,0,13,0,1E-60,0.228095372354198371443420042369827223554730318588668470106495
30,2026-09-03,"[2,4)",>=2,9,0,0,9,0,0,0.299145048419544047401396624497912492455149790579105641605840
30,2026-09-03,"[4,8)",<-2,12,0,0,12,0,0,0.242494006655240850743536740887323444981368621780736059953412
30,2026-09-03,"[4,8)","[-2,0)",18,0,0,18,0,0,0.175879223646657630299759265673340687198492408383498668745102
30,2026-09-03,"[4,8)","[0,2)",22,0,0,22,0,0,0.148654874608620875261529651123205956231015521669584153863614
30,2026-09-03,"[4,8)",>=2,13,0,0,13,0,1E-60,0.228095372354198371443420042369827223554730318588668470106495
30,2026-09-03,"[8,infinity)",<-2,28,0,0,28,0,0,0.120643304765845633983553520438697530858973767234507701423027
30,2026-09-03,"[8,infinity)","[-2,0)",19,0,0,19,0,0,0.168179224052616251649710921498033188457137988100478093057389
30,2026-09-03,"[8,infinity)","[0,2)",33,0,0,33,0,0,0.104269997542452055904110156546589646564609266108543906361983
30,2026-09-03,"[8,infinity)",>=2,35,0,0,35,0,0,0.0989009923244040343269259218648434359116695776673122585987557
30,2026-09-04,"[0,1)",<-2,2,0,2,2,1,0.342380227506653091933786828977194132238321530410169611162190,1
30,2026-09-04,"[0,1)","[-2,0)",7,0,3,7,0.428571428571428571428571428571428571428571428571428571428571,0.158219855251469707611507071804452675421473342123943463411485,0.749541635472342778215093905328946572950968007676797554638273
30,2026-09-04,"[0,1)","[0,2)",14,0,0,14,0,1E-60,0.215310802737635801499416731029276965760554953382265415776069
30,2026-09-04,"[0,1)",>=2,3,0,0,3,0,0,0.561497031755045466784538763394810946683797969450889274137888
30,2026-09-04,"[1,2)",<-2,2,0,1,2,0.5,0.094531205734230729793326600900495328768115141516490687279156,0.905468794265769270206673399099504671231884858483509312720844
30,2026-09-04,"[1,2)","[-2,0)",5,0,0,5,0,0,0.434482464783174761084782871525556271809021898883564142795326
30,2026-09-04,"[1,2)","[0,2)",7,0,0,7,0,0,0.354330435066687400786206839933794738607089448605187126348296
30,2026-09-04,"[1,2)",>=2,4,0,0,4,0,0,0.489890836454597301712536589852471046460117866669254129450196
30,2026-09-04,"[2,4)",<-2,5,0,4,5,0.8,0.375534629762525314372013921647583449989903515711330528044035,0.963775891367569828977116355437082786924683344958530986278769
30,2026-09-04,"[2,4)","[-2,0)",24,0,0,24,0,0,0.137976204674980184720288987191152453368712544577434277225593
30,2026-09-04,"[2,4)","[0,2)",26,0,0,26,0,0,0.128728921859215295149407654933370962769244819176962274963284
30,2026-09-04,"[2,4)",>=2,4,0,0,4,0,0,0.489890836454597301712536589852471046460117866669254129450196
30,2026-09-04,"[4,8)",<-2,10,0,0,10,0,0,0.277532799862889204526030927043294338473666863904268179277910
30,2026-09-04,"[4,8)","[-2,0)",22,0,0,22,0,0,0.148654874608620875261529651123205956231015521669584153863614
30,2026-09-04,"[4,8)","[0,2)",29,0,0,29,0,0,0.116969798499740742321570618566042766673886847202390383923475
30,2026-09-04,"[4,8)",>=2,12,0,0,12,0,0,0.242494006655240850743536740887323444981368621780736059953412
30,2026-09-04,"[8,infinity)",<-2,17,0,0,17,0,0,0.184318135008851803742656742183482675848991885361038668946270
30,2026-09-04,"[8,infinity)","[-2,0)",15,0,0,15,0,0,0.203883301035848588906113525033002846962414143120117784623588
30,2026-09-04,"[8,infinity)","[0,2)",34,0,0,34,0,0,0.101514554153323765588772493480518861287464008360250122371569
30,2026-09-04,"[8,infinity)",>=2,24,0,0,24,0,0,0.137976204674980184720288987191152453368712544577434277225593
30,2026-09-05,"[0,1)",<-2,2,0,1,2,0.5,0.094531205734230729793326600900495328768115141516490687279156,0.905468794265769270206673399099504671231884858483509312720844
30,2026-09-05,"[0,1)","[-2,0)",34,0,11,34,0.323529411764705882352941176470588235294117647058823529411765,0.191316435640255105959574612240161693573945049083247344580514,0.491571054060917987777639208988256728056924600926252698609454
30,2026-09-05,"[0,1)","[0,2)",32,0,1,32,0.03125,0.0055378601640031283559871813698814651633504748345116280565202,0.157442638200125572334291802676513629471720027429316092144911
30,2026-09-05,"[0,1)",>=2,1,0,0,1,0,0,0.793450685622762572644686990659235135454905747938657255997644
30,2026-09-05,"[1,2)",<-2,2,0,2,2,1,0.342380227506653091933786828977194132238321530410169611162190,1
30,2026-09-05,"[1,2)","[-2,0)",19,0,2,19,0.105263157894736842105263157894736842105263157894736842105263,0.029358560298870137791490101209690328416178648443629948669908,0.313940827111090060879334310499283241418403973740958019533294
30,2026-09-05,"[1,2)","[0,2)",28,0,0,28,0,0,0.120643304765845633983553520438697530858973767234507701423027
30,2026-09-05,"[1,2)",>=2,5,0,0,5,0,0,0.434482464783174761084782871525556271809021898883564142795326
30,2026-09-05,"[2,4)",<-2,3,0,0,3,0,0,0.561497031755045466784538763394810946683797969450889274137888
30,2026-09-05,"[2,4)","[-2,0)",37,0,0,37,0,0,0.0940578258372024807966737008331431353361241242445789105818134
30,2026-09-05,"[2,4)","[0,2)",40,0,0,40,0,0,0.0876216011972866346356086872023508038951983377213078295861324
30,2026-09-05,"[2,4)",>=2,2,0,0,2,0,0,0.657619772493346908066213171022805867761678469589830388837810
30,2026-09-05,"[4,8)",<-2,4,0,2,4,0.5,0.150038989152149514156900362816506811250894777823785469987184,0.849961010847850485843099637183493188749105222176214530012816
30,2026-09-05,"[4,8)","[-2,0)",21,0,0,21,0,0,0.154639018924846951507636945003626730599908470059449552977985
30,2026-09-05,"[4,8)","[0,2)",25,0,0,25,0,0,0.133192250939048476302451276015897355794721028940851862306375
30,2026-09-05,"[4,8)",>=2,6,0,0,6,0,0,0.390334287902165324898707055142237608185625673736798285240772
30,2026-09-05,"[8,infinity)",<-2,3,0,0,3,0,0,0.561497031755045466784538763394810946683797969450889274137888
30,2026-09-05,"[8,infinity)","[-2,0)",7,0,0,7,0,0,0.354330435066687400786206839933794738607089448605187126348296
30,2026-09-05,"[8,infinity)","[0,2)",3,0,0,3,0,0,0.561497031755045466784538763394810946683797969450889274137888
30,2026-09-05,"[8,infinity)",>=2,1,0,0,1,0,0,0.793450685622762572644686990659235135454905747938657255997644
30,2026-09-06,"[0,1)",<-2,3,0,3,3,1,0.438502968244954533215461236605189053316202030549110725862112,1
30,2026-09-06,"[0,1)","[-2,0)",27,0,6,27,0.222222222222222222222222222222222222222222222222222222222222,0.106072394523600380740224020849676229842787454659828244297480,0.407569288666325765682496829829865273788827064035142820353726
30,2026-09-06,"[0,1)","[0,2)",32,0,1,32,0.03125,0.0055378601640031283559871813698814651633504748345116280565202,0.157442638200125572334291802676513629471720027429316092144911
30,2026-09-06,"[0,1)",>=2,1,0,0,1,0,0,0.793450685622762572644686990659235135454905747938657255997644
30,2026-09-06,"[1,2)",<-2,6,0,5,6,0.833333333333333333333333333333333333333333333333333333333333,0.436497177813529786730157242962737082064354641683022744644003,0.969946630251693330004038053609104512478561575825778398528811
30,2026-09-06,"[1,2)","[-2,0)",14,0,0,14,0,1E-60,0.215310802737635801499416731029276965760554953382265415776069
30,2026-09-06,"[1,2)","[0,2)",24,0,0,24,0,0,0.137976204674980184720288987191152453368712544577434277225593
30,2026-09-06,"[1,2)",>=2,2,0,0,2,0,0,0.657619772493346908066213171022805867761678469589830388837810
30,2026-09-06,"[2,4)",<-2,3,0,1,3,0.333333333333333333333333333333333333333333333333333333333333,0.061491944720396241873444442939187390780210775328990142673567,0.792340399197952247054735144859082924781055214487972948705729
30,2026-09-06,"[2,4)","[-2,0)",22,0,0,22,0,0,0.148654874608620875261529651123205956231015521669584153863614
30,2026-09-06,"[2,4)","[0,2)",38,0,0,38,0,1E-61,0.0918098682255839546063730448500120445729383741592083301937471
30,2026-09-06,"[2,4)",>=2,7,0,0,7,0,0,0.354330435066687400786206839933794738607089448605187126348296
30,2026-09-06,"[4,8)",<-2,6,0,1,6,0.166666666666666666666666666666666666666666666666666666666667,0.030053369748306669995961946390895487521438424174221601471187,0.563502822186470213269842757037262917935645358316977255355995
30,2026-09-06,"[4,8)","[-2,0)",27,0,0,27,0,1E-61,0.124555029741867063560897531223174706536906133650947916372170
30,2026-09-06,"[4,8)","[0,2)",25,0,0,25,0,0,0.133192250939048476302451276015897355794721028940851862306375
30,2026-09-06,"[4,8)",>=2,5,0,0,5,0,0,0.434482464783174761084782871525556271809021898883564142795326
30,2026-09-06,"[8,infinity)",<-2,3,0,0,3,0,0,0.561497031755045466784538763394810946683797969450889274137888
30,2026-09-06,"[8,infinity)","[-2,0)",8,0,0,8,0,0,0.324407564883880212890280277144521794238395570390205804016566
30,2026-09-06,"[8,infinity)","[0,2)",11,0,0,11,0,0,0.258832966968031690622885270690496860752291234813264358589584
30,2026-09-06,"[8,infinity)",>=2,6,0,0,6,0,0,0.390334287902165324898707055142237608185625673736798285240772
30,2026-09-07,"[0,1)",<-2,5,0,5,5,1,0.565517535216825238915217128474443728190978101116435857204674,1
30,2026-09-07,"[0,1)","[-2,0)",24,0,12,24,0.5,0.314274258195733550651905259457824237626425414355706837450665,0.685725741804266449348094740542175762373574585644293162549335
30,2026-09-07,"[0,1)","[0,2)",19,0,1,19,0.0526315789473684210526315789473684210526315789473684210526316,0.009351994062300372239682735531150055812641532410381552076884,0.246387311668987852920584931072353323333218772732151478553412
30,2026-09-07,"[0,1)",>=2,3,0,0,3,0,0,0.561497031755045466784538763394810946683797969450889274137888
30,2026-09-07,"[1,2)",<-2,7,0,7,7,1,0.645669564933312599213793160066205261392910551394812873651709,1
30,2026-09-07,"[1,2)","[-2,0)",12,0,1,12,0.0833333333333333333333333333333333333333333333333333333333333,0.014865094404917114752602291403112818736709754550808213613698,0.353879911141116927533678326002990052081097430266471836347478
30,2026-09-07,"[1,2)","[0,2)",17,0,0,17,0,0,0.184318135008851803742656742183482675848991885361038668946270
30,2026-09-07,"[1,2)",>=2,6,0,0,6,0,0,0.390334287902165324898707055142237608185625673736798285240772
30,2026-09-07,"[2,4)",<-2,5,0,3,5,0.6,0.230724281276012960514584397140024627212918715729512090080818,0.882379225767352087268459028554864118425276904493775081360116
30,2026-09-07,"[2,4)","[-2,0)",26,0,0,26,0,0,0.128728921859215295149407654933370962769244819176962274963284
30,2026-09-07,"[2,4)","[0,2)",31,0,0,31,0,0,0.110255395460435947523151756013484623904252359343767063579533
30,2026-09-07,"[2,4)",>=2,7,0,0,7,0,0,0.354330435066687400786206839933794738607089448605187126348296
30,2026-09-07,"[4,8)",<-2,6,0,2,6,0.333333333333333333333333333333333333333333333333333333333333,0.096771411105780481356761565536894948952997489896717266451625,0.700006684861607960276140786177184253775544401348882161961965
30,2026-09-07,"[4,8)","[-2,0)",15,0,0,15,0,0,0.203883301035848588906113525033002846962414143120117784623588
30,2026-09-07,"[4,8)","[0,2)",36,0,0,36,0,0,0.0964186285944636615382445947927992309228324969090787481472514
30,2026-09-07,"[4,8)",>=2,11,0,0,11,0,0,0.258832966968031690622885270690496860752291234813264358589584
30,2026-09-07,"[8,infinity)",<-2,2,0,0,2,0,0,0.657619772493346908066213171022805867761678469589830388837810
30,2026-09-07,"[8,infinity)","[-2,0)",11,0,0,11,0,0,0.258832966968031690622885270690496860752291234813264358589584
30,2026-09-07,"[8,infinity)","[0,2)",16,0,0,16,0,0,0.193607680534436484397123030315166534447518308110879063675717
30,2026-09-07,"[8,infinity)",>=2,13,0,0,13,0,1E-60,0.228095372354198371443420042369827223554730318588668470106495
30,2026-09-08,"[0,1)",<-2,3,0,3,3,1,0.438502968244954533215461236605189053316202030549110725862112,1
30,2026-09-08,"[0,1)","[-2,0)",18,0,12,18,0.666666666666666666666666666666666666666666666666666666666667,0.437494672959451059906484316895770255686321835811883397540107,0.837212252491663063326929261213116181914180694726950379544859
30,2026-09-08,"[0,1)","[0,2)",11,0,1,11,0.0909090909090909090909090909090909090909090909090909090909091,0.016232172885884845686826985683594359775015595838264491904934,0.377358436451595628459170053972266708113222687190769983304724
30,2026-09-08,"[0,1)",>=2,1,0,0,1,0,0,0.793450685622762572644686990659235135454905747938657255997644
30,2026-09-08,"[1,2)",<-2,5,0,4,5,0.8,0.375534629762525314372013921647583449989903515711330528044035,0.963775891367569828977116355437082786924683344958530986278769
30,2026-09-08,"[1,2)","[-2,0)",8,0,1,8,0.125,0.022417491450056672799680864765156704300662439077102905272333,0.470888182212853486868029343093234641378134238715551447740093
30,2026-09-08,"[1,2)","[0,2)",16,0,0,16,0,0,0.193607680534436484397123030315166534447518308110879063675717
30,2026-09-08,"[1,2)",>=2,4,0,0,4,0,0,0.489890836454597301712536589852471046460117866669254129450196
30,2026-09-08,"[2,4)",<-2,5,0,2,5,0.4,0.117620774232647912731540971445135881574723095506224918639884,0.769275718723987039485415602859975372787081284270487909919182
30,2026-09-08,"[2,4)","[-2,0)",21,0,1,21,0.0476190476190476190476190476190476190476190476190476190476190,0.008455987809826386088833643724683707809443898871529123314198,0.226693600741225617656171211278597619876187574039401424618264
30,2026-09-08,"[2,4)","[0,2)",12,0,0,12,0,0,0.242494006655240850743536740887323444981368621780736059953412
30,2026-09-08,"[2,4)",>=2,6,0,0,6,0,0,0.390334287902165324898707055142237608185625673736798285240772
30,2026-09-08,"[4,8)",<-2,10,0,0,10,0,0,0.277532799862889204526030927043294338473666863904268179277910
30,2026-09-08,"[4,8)","[-2,0)",22,0,0,22,0,0,0.148654874608620875261529651123205956231015521669584153863614
30,2026-09-08,"[4,8)","[0,2)",40,0,0,40,0,0,0.0876216011972866346356086872023508038951983377213078295861324
30,2026-09-08,"[4,8)",>=2,15,0,0,15,0,0,0.203883301035848588906113525033002846962414143120117784623588
30,2026-09-08,"[8,infinity)",<-2,9,0,0,9,0,0,0.299145048419544047401396624497912492455149790579105641605840
30,2026-09-08,"[8,infinity)","[-2,0)",16,0,0,16,0,0,0.193607680534436484397123030315166534447518308110879063675717
30,2026-09-08,"[8,infinity)","[0,2)",30,0,0,30,0,0,0.113513393173968749941088969242882139187892157115904711864309
30,2026-09-08,"[8,infinity)",>=2,12,0,0,12,0,0,0.242494006655240850743536740887323444981368621780736059953412
30,2026-09-09,"[0,1)",<-2,3,0,2,3,0.666666666666666666666666666666666666666666666666666666666667,0.207659600802047752945264855140917075218944785512027051294273,0.938508055279603758126555557060812609219789224671009857326435
30,2026-09-09,"[0,1)","[-2,0)",11,0,7,11,0.636363636363636363636363636363636363636363636363636363636364,0.353801174507848911107743964317339908863722471638154880425828,0.848335289046324264176923689130706401840198100685500294504282
30,2026-09-09,"[0,1)","[0,2)",7,0,2,7,0.285714285714285714285714285714285714285714285714285714285714,0.082218924004056765947248749487853093510976457849667296896903,0.641065548167380691532554181912344651606347591552555757252367
30,2026-09-09,"[0,1)",>=2,1,0,0,1,0,0,0.793450685622762572644686990659235135454905747938657255997644
30,2026-09-09,"[1,2)",<-2,5,0,5,5,1,0.565517535216825238915217128474443728190978101116435857204674,1
30,2026-09-09,"[1,2)","[-2,0)",6,0,2,6,0.333333333333333333333333333333333333333333333333333333333333,0.096771411105780481356761565536894948952997489896717266451625,0.700006684861607960276140786177184253775544401348882161961965
30,2026-09-09,"[1,2)","[0,2)",15,0,0,15,0,0,0.203883301035848588906113525033002846962414143120117784623588
30,2026-09-09,"[1,2)",>=2,5,0,0,5,0,0,0.434482464783174761084782871525556271809021898883564142795326
30,2026-09-09,"[2,4)",<-2,7,0,4,7,0.571428571428571428571428571428571428571428571428571428571429,0.250458364527657221784906094671053427049031992323202445361730,0.841780144748530292388492928195547324578526657876056536588518
30,2026-09-09,"[2,4)","[-2,0)",17,0,0,17,0,0,0.184318135008851803742656742183482675848991885361038668946270
30,2026-09-09,"[2,4)","[0,2)",23,0,0,23,0,0,0.143116618450426838883472276642405084339263420435897481157223
30,2026-09-09,"[2,4)",>=2,5,0,0,5,0,0,0.434482464783174761084782871525556271809021898883564142795326
30,2026-09-09,"[4,8)",<-2,9,0,0,9,0,0,0.299145048419544047401396624497912492455149790579105641605840
30,2026-09-09,"[4,8)","[-2,0)",27,0,0,27,0,1E-61,0.124555029741867063560897531223174706536906133650947916372170
30,2026-09-09,"[4,8)","[0,2)",29,0,0,29,0,0,0.116969798499740742321570618566042766673886847202390383923475
30,2026-09-09,"[4,8)",>=2,8,0,0,8,0,0,0.324407564883880212890280277144521794238395570390205804016566
30,2026-09-09,"[8,infinity)",<-2,14,0,0,14,0,1E-60,0.215310802737635801499416731029276965760554953382265415776069
30,2026-09-09,"[8,infinity)","[-2,0)",12,0,0,12,0,0,0.242494006655240850743536740887323444981368621780736059953412
30,2026-09-09,"[8,infinity)","[0,2)",21,0,0,21,0,0,0.154639018924846951507636945003626730599908470059449552977985
30,2026-09-09,"[8,infinity)",>=2,19,0,0,19,0,0,0.168179224052616251649710921498033188457137988100478093057389
30,2026-09-10,"[0,1)",<-2,5,0,5,5,1,0.565517535216825238915217128474443728190978101116435857204674,1
30,2026-09-10,"[0,1)","[-2,0)",11,0,3,11,0.272727272727272727272727272727272727272727272727272727272727,0.097460592900248919005850618788623962973850320004186318086270,0.565645301176129122186369958797965519186282059456388390363538
30,2026-09-10,"[0,1)","[0,2)",11,0,0,11,0,0,0.258832966968031690622885270690496860752291234813264358589584
30,2026-09-10,"[0,1)",>=2,3,0,0,3,0,0,0.561497031755045466784538763394810946683797969450889274137888
30,2026-09-10,"[1,2)",<-2,3,0,2,3,0.666666666666666666666666666666666666666666666666666666666667,0.207659600802047752945264855140917075218944785512027051294273,0.938508055279603758126555557060812609219789224671009857326435
30,2026-09-10,"[1,2)","[-2,0)",10,0,3,10,0.3,0.107791267406301033916036517513920312585037515119197519502943,0.603221852538854647894375853303397422804429230442509752208221
30,2026-09-10,"[1,2)","[0,2)",12,0,0,12,0,0,0.242494006655240850743536740887323444981368621780736059953412
30,2026-09-10,"[1,2)",>=2,1,0,0,1,0,0,0.793450685622762572644686990659235135454905747938657255997644
30,2026-09-10,"[2,4)",<-2,2,0,0,2,0,0,0.657619772493346908066213171022805867761678469589830388837810
30,2026-09-10,"[2,4)","[-2,0)",17,0,0,17,0,0,0.184318135008851803742656742183482675848991885361038668946270
30,2026-09-10,"[2,4)","[0,2)",23,0,0,23,0,0,0.143116618450426838883472276642405084339263420435897481157223
30,2026-09-10,"[2,4)",>=2,10,0,0,10,0,0,0.277532799862889204526030927043294338473666863904268179277910
30,2026-09-10,"[4,8)",<-2,9,0,0,9,0,0,0.299145048419544047401396624497912492455149790579105641605840
30,2026-09-10,"[4,8)","[-2,0)",19,0,0,19,0,0,0.168179224052616251649710921498033188457137988100478093057389
30,2026-09-10,"[4,8)","[0,2)",29,0,0,29,0,0,0.116969798499740742321570618566042766673886847202390383923475
30,2026-09-10,"[4,8)",>=2,9,0,0,9,0,0,0.299145048419544047401396624497912492455149790579105641605840
30,2026-09-10,"[8,infinity)",<-2,11,0,0,11,0,0,0.258832966968031690622885270690496860752291234813264358589584
30,2026-09-10,"[8,infinity)","[-2,0)",28,0,0,28,0,0,0.120643304765845633983553520438697530858973767234507701423027
30,2026-09-10,"[8,infinity)","[0,2)",37,0,0,37,0,0,0.0940578258372024807966737008331431353361241242445789105818134
30,2026-09-10,"[8,infinity)",>=2,16,0,0,16,0,0,0.193607680534436484397123030315166534447518308110879063675717
30,2026-09-11,"[0,1)",<-2,4,0,4,4,1,0.510109163545402698287463410147528953539882133330745870549804,1
30,2026-09-11,"[0,1)","[-2,0)",14,0,5,14,0.357142857142857142857142857142857142857142857142857142857143,0.163447317535541338500216372646456652210237362581367019688061,0.612355768960926033356759836219051052292778338384994527676529
30,2026-09-11,"[0,1)","[0,2)",15,0,0,15,0,0,0.203883301035848588906113525033002846962414143120117784623588
30,2026-09-11,"[0,1)",>=2,3,0,0,3,0,0,0.561497031755045466784538763394810946683797969450889274137888
30,2026-09-11,"[1,2)",<-2,4,0,4,4,1,0.510109163545402698287463410147528953539882133330745870549804,1
30,2026-09-11,"[1,2)","[-2,0)",18,0,2,18,0.111111111111111111111111111111111111111111111111111111111111,0.031019522645612380930110888542323719415287261322063555502170,0.327997651301787998191924095870274592850206834087324297966242
30,2026-09-11,"[1,2)","[0,2)",9,0,1,9,0.111111111111111111111111111111111111111111111111111111111111,0.019890887638544909123336039549747145430433888416815277180683,0.434999705576656016633305779504184793145793726478044666290525
30,2026-09-11,"[1,2)",>=2,6,0,0,6,0,0,0.390334287902165324898707055142237608185625673736798285240772
30,2026-09-11,"[2,4)",<-2,4,0,1,4,0.25,0.045587260809700566421210903550181973719959137374694927176083,0.699358157417598084435057391376053549510099795959932137549015
30,2026-09-11,"[2,4)","[-2,0)",15,0,0,15,0,0,0.203883301035848588906113525033002846962414143120117784623588
30,2026-09-11,"[2,4)","[0,2)",19,0,0,19,0,0,0.168179224052616251649710921498033188457137988100478093057389
30,2026-09-11,"[2,4)",>=2,6,0,0,6,0,0,0.390334287902165324898707055142237608185625673736798285240772
30,2026-09-11,"[4,8)",<-2,7,0,0,7,0,0,0.354330435066687400786206839933794738607089448605187126348296
30,2026-09-11,"[4,8)","[-2,0)",25,0,0,25,0,0,0.133192250939048476302451276015897355794721028940851862306375
30,2026-09-11,"[4,8)","[0,2)",32,0,0,32,0,0,0.107179198255070614069630916316154767610741869081416234881527
30,2026-09-11,"[4,8)",>=2,14,0,0,14,0,1E-60,0.215310802737635801499416731029276965760554953382265415776069
30,2026-09-11,"[8,infinity)",<-2,16,0,0,16,0,0,0.193607680534436484397123030315166534447518308110879063675717
30,2026-09-11,"[8,infinity)","[-2,0)",14,0,0,14,0,1E-60,0.215310802737635801499416731029276965760554953382265415776069
30,2026-09-11,"[8,infinity)","[0,2)",33,0,0,33,0,0,0.104269997542452055904110156546589646564609266108543906361983
30,2026-09-11,"[8,infinity)",>=2,19,0,0,19,0,0,0.168179224052616251649710921498033188457137988100478093057389
30,2026-09-12,"[0,1)",<-2,1,0,1,1,1,0.206549314377237427355313009340764864545094252061342744002356,1
30,2026-09-12,"[0,1)","[-2,0)",32,0,9,32,0.28125,0.155645804977427660593719747098111903816523823356421034975302,0.453745094259165733061743778790205807013175744366698567785366
30,2026-09-12,"[0,1)","[0,2)",47,0,2,47,0.0425531914893617021276595744680851063829787234042553191489362,0.0117482759667893548602290000481540376314941680366955393849804,0.142485276778994497628079340222132935078697179686000712874186
30,2026-09-12,"[0,1)",>=2,3,0,0,3,0,0,0.561497031755045466784538763394810946683797969450889274137888
30,2026-09-12,"[1,2)",<-2,2,0,2,2,1,0.342380227506653091933786828977194132238321530410169611162190,1
30,2026-09-12,"[1,2)","[-2,0)",28,0,1,28,0.0357142857142857142857142857142857142857142857142857142857143,0.0063325198490377551974348209979893972185220571404245483427960,0.177121977433533190644436305123658310007667869577332602978587
30,2026-09-12,"[1,2)","[0,2)",29,0,0,29,0,0,0.116969798499740742321570618566042766673886847202390383923475
30,2026-09-12,"[1,2)",>=2,1,0,0,1,0,0,0.793450685622762572644686990659235135454905747938657255997644
30,2026-09-12,"[2,4)",<-2,2,0,1,2,0.5,0.094531205734230729793326600900495328768115141516490687279156,0.905468794265769270206673399099504671231884858483509312720844
30,2026-09-12,"[2,4)","[-2,0)",23,0,0,23,0,0,0.143116618450426838883472276642405084339263420435897481157223
30,2026-09-12,"[2,4)","[0,2)",40,0,0,40,0,0,0.0876216011972866346356086872023508038951983377213078295861324
30,2026-09-12,"[2,4)",>=2,2,0,0,2,0,0,0.657619772493346908066213171022805867761678469589830388837810
30,2026-09-12,"[4,8)",<-2,4,0,0,4,0,0,0.489890836454597301712536589852471046460117866669254129450196
30,2026-09-12,"[4,8)","[-2,0)",13,0,0,13,0,1E-60,0.228095372354198371443420042369827223554730318588668470106495
30,2026-09-12,"[4,8)","[0,2)",18,0,0,18,0,0,0.175879223646657630299759265673340687198492408383498668745102
30,2026-09-12,"[4,8)",>=2,1,0,0,1,0,0,0.793450685622762572644686990659235135454905747938657255997644
30,2026-09-12,"[8,infinity)",<-2,0,0,0,0,,,
30,2026-09-12,"[8,infinity)","[-2,0)",1,0,0,1,0,0,0.793450685622762572644686990659235135454905747938657255997644
30,2026-09-12,"[8,infinity)","[0,2)",1,0,0,1,0,0,0.793450685622762572644686990659235135454905747938657255997644
30,2026-09-12,"[8,infinity)",>=2,0,0,0,0,,,
15,2026-08-16,"[0,1)",<-2,1,0,1,1,1,0.206549314377237427355313009340764864545094252061342744002356,1
15,2026-08-16,"[0,1)","[-2,0)",60,0,12,60,0.2,0.118285053228974938783821952964411852962993472478367683334472,0.317818058056278974022744304672392755926588866986217128458452
15,2026-08-16,"[0,1)","[0,2)",76,0,0,76,0,0,0.0481135850651373179806680027772221016786979542922821152437366
15,2026-08-16,"[0,1)",>=2,1,0,0,1,0,0,0.793450685622762572644686990659235135454905747938657255997644
15,2026-08-16,"[1,2)",<-2,1,0,0,1,0,0,0.793450685622762572644686990659235135454905747938657255997644
15,2026-08-16,"[1,2)","[-2,0)",15,0,0,15,0,0,0.203883301035848588906113525033002846962414143120117784623588
15,2026-08-16,"[1,2)","[0,2)",29,0,0,29,0,0,0.116969798499740742321570618566042766673886847202390383923475
15,2026-08-16,"[1,2)",>=2,1,0,0,1,0,0,0.793450685622762572644686990659235135454905747938657255997644
15,2026-08-16,"[2,4)",<-2,1,0,0,1,0,0,0.793450685622762572644686990659235135454905747938657255997644
15,2026-08-16,"[2,4)","[-2,0)",13,0,0,13,0,1E-60,0.228095372354198371443420042369827223554730318588668470106495
15,2026-08-16,"[2,4)","[0,2)",24,0,0,24,0,0,0.137976204674980184720288987191152453368712544577434277225593
15,2026-08-16,"[2,4)",>=2,3,0,0,3,0,0,0.561497031755045466784538763394810946683797969450889274137888
15,2026-08-16,"[4,8)",<-2,1,0,0,1,0,0,0.793450685622762572644686990659235135454905747938657255997644
15,2026-08-16,"[4,8)","[-2,0)",13,0,0,13,0,1E-60,0.228095372354198371443420042369827223554730318588668470106495
15,2026-08-16,"[4,8)","[0,2)",5,0,0,5,0,0,0.434482464783174761084782871525556271809021898883564142795326
15,2026-08-16,"[4,8)",>=2,2,0,0,2,0,0,0.657619772493346908066213171022805867761678469589830388837810
15,2026-08-16,"[8,infinity)",<-2,1,0,0,1,0,0,0.793450685622762572644686990659235135454905747938657255997644
15,2026-08-16,"[8,infinity)","[-2,0)",4,0,0,4,0,0,0.489890836454597301712536589852471046460117866669254129450196
15,2026-08-16,"[8,infinity)","[0,2)",5,0,0,5,0,0,0.434482464783174761084782871525556271809021898883564142795326
15,2026-08-16,"[8,infinity)",>=2,0,0,0,0,,,
15,2026-08-17,"[0,1)",<-2,0,0,0,0,,,
15,2026-08-17,"[0,1)","[-2,0)",23,0,7,23,0.304347826086956521739130434782608695652173913043478260869565,0.156040244532140215117595609521444763204429555022673976603220,0.508657562687592026184632672642974617623977870365285907327864
15,2026-08-17,"[0,1)","[0,2)",16,0,0,16,0,0,0.193607680534436484397123030315166534447518308110879063675717
15,2026-08-17,"[0,1)",>=2,3,0,0,3,0,0,0.561497031755045466784538763394810946683797969450889274137888
15,2026-08-17,"[1,2)",<-2,3,0,1,3,0.333333333333333333333333333333333333333333333333333333333333,0.061491944720396241873444442939187390780210775328990142673567,0.792340399197952247054735144859082924781055214487972948705729
15,2026-08-17,"[1,2)","[-2,0)",12,0,0,12,0,0,0.242494006655240850743536740887323444981368621780736059953412
15,2026-08-17,"[1,2)","[0,2)",17,0,0,17,0,0,0.184318135008851803742656742183482675848991885361038668946270
15,2026-08-17,"[1,2)",>=2,2,0,0,2,0,0,0.657619772493346908066213171022805867761678469589830388837810
15,2026-08-17,"[2,4)",<-2,7,0,0,7,0,0,0.354330435066687400786206839933794738607089448605187126348296
15,2026-08-17,"[2,4)","[-2,0)",25,0,0,25,0,0,0.133192250939048476302451276015897355794721028940851862306375
15,2026-08-17,"[2,4)","[0,2)",26,0,0,26,0,0,0.128728921859215295149407654933370962769244819176962274963284
15,2026-08-17,"[2,4)",>=2,7,0,0,7,0,0,0.354330435066687400786206839933794738607089448605187126348296
15,2026-08-17,"[4,8)",<-2,4,0,0,4,0,0,0.489890836454597301712536589852471046460117866669254129450196
15,2026-08-17,"[4,8)","[-2,0)",30,1,0,29,0,0,0.116969798499740742321570618566042766673886847202390383923475
15,2026-08-17,"[4,8)","[0,2)",30,0,0,30,0,0,0.113513393173968749941088969242882139187892157115904711864309
15,2026-08-17,"[4,8)",>=2,9,0,0,9,0,0,0.299145048419544047401396624497912492455149790579105641605840
15,2026-08-17,"[8,infinity)",<-2,7,0,0,7,0,0,0.354330435066687400786206839933794738607089448605187126348296
15,2026-08-17,"[8,infinity)","[-2,0)",16,0,0,16,0,0,0.193607680534436484397123030315166534447518308110879063675717
15,2026-08-17,"[8,infinity)","[0,2)",21,0,0,21,0,0,0.154639018924846951507636945003626730599908470059449552977985
15,2026-08-17,"[8,infinity)",>=2,11,0,0,11,0,0,0.258832966968031690622885270690496860752291234813264358589584
15,2026-08-18,"[0,1)",<-2,2,0,2,2,1,0.342380227506653091933786828977194132238321530410169611162190,1
15,2026-08-18,"[0,1)","[-2,0)",23,0,6,23,0.260869565217391304347826086956521739130434782608695652173913,0.125486160449863460781885445811898132095856782002079124975613,0.464700048374253723031949121277947777805530071249871844273491
15,2026-08-18,"[0,1)","[0,2)",14,0,0,14,0,1E-60,0.215310802737635801499416731029276965760554953382265415776069
15,2026-08-18,"[0,1)",>=2,0,0,0,0,,,
15,2026-08-18,"[1,2)",<-2,1,0,1,1,1,0.206549314377237427355313009340764864545094252061342744002356,1
15,2026-08-18,"[1,2)","[-2,0)",25,0,0,25,0,0,0.133192250939048476302451276015897355794721028940851862306375
15,2026-08-18,"[1,2)","[0,2)",21,0,0,21,0,0,0.154639018924846951507636945003626730599908470059449552977985
15,2026-08-18,"[1,2)",>=2,0,0,0,0,,,
15,2026-08-18,"[2,4)",<-2,3,0,0,3,0,0,0.561497031755045466784538763394810946683797969450889274137888
15,2026-08-18,"[2,4)","[-2,0)",29,0,0,29,0,0,0.116969798499740742321570618566042766673886847202390383923475
15,2026-08-18,"[2,4)","[0,2)",34,0,0,34,0,0,0.101514554153323765588772493480518861287464008360250122371569
15,2026-08-18,"[2,4)",>=2,3,0,0,3,0,0,0.561497031755045466784538763394810946683797969450889274137888
15,2026-08-18,"[4,8)",<-2,2,0,0,2,0,0,0.657619772493346908066213171022805867761678469589830388837810
15,2026-08-18,"[4,8)","[-2,0)",39,0,0,39,0,0,0.0896668537075714133476580181364055496168425388921970053236772
15,2026-08-18,"[4,8)","[0,2)",35,0,0,35,0,0,0.0989009923244040343269259218648434359116695776673122585987557
15,2026-08-18,"[4,8)",>=2,5,0,0,5,0,0,0.434482464783174761084782871525556271809021898883564142795326
15,2026-08-18,"[8,infinity)",<-2,3,0,0,3,0,0,0.561497031755045466784538763394810946683797969450889274137888
15,2026-08-18,"[8,infinity)","[-2,0)",8,0,0,8,0,0,0.324407564883880212890280277144521794238395570390205804016566
15,2026-08-18,"[8,infinity)","[0,2)",8,0,0,8,0,0,0.324407564883880212890280277144521794238395570390205804016566
15,2026-08-18,"[8,infinity)",>=2,6,0,0,6,0,0,0.390334287902165324898707055142237608185625673736798285240772
15,2026-08-19,"[0,1)",<-2,2,0,2,2,1,0.342380227506653091933786828977194132238321530410169611162190,1
15,2026-08-19,"[0,1)","[-2,0)",14,0,5,14,0.357142857142857142857142857142857142857142857142857142857143,0.163447317535541338500216372646456652210237362581367019688061,0.612355768960926033356759836219051052292778338384994527676529
15,2026-08-19,"[0,1)","[0,2)",11,0,0,11,0,0,0.258832966968031690622885270690496860752291234813264358589584
15,2026-08-19,"[0,1)",>=2,2,0,0,2,0,0,0.657619772493346908066213171022805867761678469589830388837810
15,2026-08-19,"[1,2)",<-2,5,0,0,5,0,0,0.434482464783174761084782871525556271809021898883564142795326
15,2026-08-19,"[1,2)","[-2,0)",15,0,0,15,0,0,0.203883301035848588906113525033002846962414143120117784623588
15,2026-08-19,"[1,2)","[0,2)",15,0,0,15,0,0,0.203883301035848588906113525033002846962414143120117784623588
15,2026-08-19,"[1,2)",>=2,4,0,0,4,0,0,0.489890836454597301712536589852471046460117866669254129450196
15,2026-08-19,"[2,4)",<-2,5,0,0,5,0,0,0.434482464783174761084782871525556271809021898883564142795326
15,2026-08-19,"[2,4)","[-2,0)",24,0,0,24,0,0,0.137976204674980184720288987191152453368712544577434277225593
15,2026-08-19,"[2,4)","[0,2)",29,0,0,29,0,0,0.116969798499740742321570618566042766673886847202390383923475
15,2026-08-19,"[2,4)",>=2,3,0,0,3,0,0,0.561497031755045466784538763394810946683797969450889274137888
15,2026-08-19,"[4,8)",<-2,8,0,0,8,0,0,0.324407564883880212890280277144521794238395570390205804016566
15,2026-08-19,"[4,8)","[-2,0)",8,0,0,8,0,0,0.324407564883880212890280277144521794238395570390205804016566
15,2026-08-19,"[4,8)","[0,2)",23,0,0,23,0,0,0.143116618450426838883472276642405084339263420435897481157223
15,2026-08-19,"[4,8)",>=2,7,0,0,7,0,0,0.354330435066687400786206839933794738607089448605187126348296
15,2026-08-19,"[8,infinity)",<-2,18,0,0,18,0,0,0.175879223646657630299759265673340687198492408383498668745102
15,2026-08-19,"[8,infinity)","[-2,0)",13,0,0,13,0,1E-60,0.228095372354198371443420042369827223554730318588668470106495
15,2026-08-19,"[8,infinity)","[0,2)",19,0,0,19,0,0,0.168179224052616251649710921498033188457137988100478093057389
15,2026-08-19,"[8,infinity)",>=2,33,0,0,33,0,0,0.104269997542452055904110156546589646564609266108543906361983
15,2026-08-20,"[0,1)",<-2,7,0,7,7,1,0.645669564933312599213793160066205261392910551394812873651709,1
15,2026-08-20,"[0,1)","[-2,0)",6,0,2,6,0.333333333333333333333333333333333333333333333333333333333333,0.096771411105780481356761565536894948952997489896717266451625,0.700006684861607960276140786177184253775544401348882161961965
15,2026-08-20,"[0,1)","[0,2)",7,0,0,7,0,0,0.354330435066687400786206839933794738607089448605187126348296
15,2026-08-20,"[0,1)",>=2,2,1,0,1,0,0,0.793450685622762572644686990659235135454905747938657255997644
15,2026-08-20,"[1,2)",<-2,6,0,2,6,0.333333333333333333333333333333333333333333333333333333333333,0.096771411105780481356761565536894948952997489896717266451625,0.700006684861607960276140786177184253775544401348882161961965
15,2026-08-20,"[1,2)","[-2,0)",6,0,1,6,0.166666666666666666666666666666666666666666666666666666666667,0.030053369748306669995961946390895487521438424174221601471187,0.563502822186470213269842757037262917935645358316977255355995
15,2026-08-20,"[1,2)","[0,2)",4,0,0,4,0,0,0.489890836454597301712536589852471046460117866669254129450196
15,2026-08-20,"[1,2)",>=2,4,0,0,4,0,0,0.489890836454597301712536589852471046460117866669254129450196
15,2026-08-20,"[2,4)",<-2,6,1,1,5,0.2,0.036224108632430171022883644562917213075316655041469013721231,0.624465370237474685627986078352416550010096484288669471955965
15,2026-08-20,"[2,4)","[-2,0)",8,0,0,8,0,0,0.324407564883880212890280277144521794238395570390205804016566
15,2026-08-20,"[2,4)","[0,2)",5,0,0,5,0,0,0.434482464783174761084782871525556271809021898883564142795326
15,2026-08-20,"[2,4)",>=2,7,1,0,6,0,0,0.390334287902165324898707055142237608185625673736798285240772
15,2026-08-20,"[4,8)",<-2,10,0,0,10,0,0,0.277532799862889204526030927043294338473666863904268179277910
15,2026-08-20,"[4,8)","[-2,0)",19,0,0,19,0,0,0.168179224052616251649710921498033188457137988100478093057389
15,2026-08-20,"[4,8)","[0,2)",21,1,0,20,0,0,0.161125158052819354664367409458698834644472493370427941636724
15,2026-08-20,"[4,8)",>=2,17,0,0,17,0,0,0.184318135008851803742656742183482675848991885361038668946270
15,2026-08-20,"[8,infinity)",<-2,34,0,0,34,0,0,0.101514554153323765588772493480518861287464008360250122371569
15,2026-08-20,"[8,infinity)","[-2,0)",26,0,0,26,0,0,0.128728921859215295149407654933370962769244819176962274963284
15,2026-08-20,"[8,infinity)","[0,2)",32,0,0,32,0,0,0.107179198255070614069630916316154767610741869081416234881527
15,2026-08-20,"[8,infinity)",>=2,43,0,0,43,0,0,0.0820098032257911641526771184451815481418608757099502151814816
15,2026-08-21,"[0,1)",<-2,3,0,3,3,1,0.438502968244954533215461236605189053316202030549110725862112,1
15,2026-08-21,"[0,1)","[-2,0)",6,0,4,6,0.666666666666666666666666666666666666666666666666666666666667,0.299993315138392039723859213822815746224455598651117838038035,0.903228588894219518643238434463105051047002510103282733548375
15,2026-08-21,"[0,1)","[0,2)",2,0,1,2,0.5,0.094531205734230729793326600900495328768115141516490687279156,0.905468794265769270206673399099504671231884858483509312720844
15,2026-08-21,"[0,1)",>=2,2,0,0,2,0,0,0.657619772493346908066213171022805867761678469589830388837810
15,2026-08-21,"[1,2)",<-2,3,0,1,3,0.333333333333333333333333333333333333333333333333333333333333,0.061491944720396241873444442939187390780210775328990142673567,0.792340399197952247054735144859082924781055214487972948705729
15,2026-08-21,"[1,2)","[-2,0)",2,0,0,2,0,0,0.657619772493346908066213171022805867761678469589830388837810
15,2026-08-21,"[1,2)","[0,2)",1,1,0,0,,,
15,2026-08-21,"[1,2)",>=2,3,1,0,2,0,0,0.657619772493346908066213171022805867761678469589830388837810
15,2026-08-21,"[2,4)",<-2,8,0,2,8,0.25,0.071479212752109018118065833441354725591654990944167339215003,0.590724569689831088327074305130906171527542794250935562793281
15,2026-08-21,"[2,4)","[-2,0)",6,0,0,6,0,0,0.390334287902165324898707055142237608185625673736798285240772
15,2026-08-21,"[2,4)","[0,2)",2,0,0,2,0,0,0.657619772493346908066213171022805867761678469589830388837810
15,2026-08-21,"[2,4)",>=2,6,0,0,6,0,0,0.390334287902165324898707055142237608185625673736798285240772
15,2026-08-21,"[4,8)",<-2,9,2,1,7,0.142857142857142857142857142857142857142857142857142857142857,0.025679624344743560607128914884008804252331158419792918804746,0.513127829274318868525875970782987437609875590583912171444036
15,2026-08-21,"[4,8)","[-2,0)",10,1,0,9,0,0,0.299145048419544047401396624497912492455149790579105641605840
15,2026-08-21,"[4,8)","[0,2)",12,0,0,12,0,0,0.242494006655240850743536740887323444981368621780736059953412
15,2026-08-21,"[4,8)",>=2,16,4,0,12,0,0,0.242494006655240850743536740887323444981368621780736059953412
15,2026-08-21,"[8,infinity)",<-2,47,0,0,47,0,0,0.0755576041639963038825695812256625050553254265806214850274608
15,2026-08-21,"[8,infinity)","[-2,0)",27,4,0,23,0,0,0.143116618450426838883472276642405084339263420435897481157223
15,2026-08-21,"[8,infinity)","[0,2)",33,5,0,28,0,0,0.120643304765845633983553520438697530858973767234507701423027
15,2026-08-21,"[8,infinity)",>=2,57,4,0,53,0,1E-61,0.0675819885765418623175236146915175279342690912177879901825493
15,2026-08-22,"[0,1)",<-2,7,0,7,7,1,0.645669564933312599213793160066205261392910551394812873651709,1
15,2026-08-22,"[0,1)","[-2,0)",5,0,3,5,0.6,0.230724281276012960514584397140024627212918715729512090080818,0.882379225767352087268459028554864118425276904493775081360116
15,2026-08-22,"[0,1)","[0,2)",5,0,0,5,0,0,0.434482464783174761084782871525556271809021898883564142795326
15,2026-08-22,"[0,1)",>=2,0,0,0,0,,,
15,2026-08-22,"[1,2)",<-2,2,0,1,2,0.5,0.094531205734230729793326600900495328768115141516490687279156,0.905468794265769270206673399099504671231884858483509312720844
15,2026-08-22,"[1,2)","[-2,0)",10,0,1,10,0.1,0.017876213095072907017716328005121013219916667655301041770911,0.404150026795238456603108413629514457559016823468113501651417
15,2026-08-22,"[1,2)","[0,2)",12,0,0,12,0,0,0.242494006655240850743536740887323444981368621780736059953412
15,2026-08-22,"[1,2)",>=2,9,0,0,9,0,0,0.299145048419544047401396624497912492455149790579105641605840
15,2026-08-22,"[2,4)",<-2,6,0,2,6,0.333333333333333333333333333333333333333333333333333333333333,0.096771411105780481356761565536894948952997489896717266451625,0.700006684861607960276140786177184253775544401348882161961965
15,2026-08-22,"[2,4)","[-2,0)",16,0,1,16,0.0625,0.011119344764642533342375492137967463627461582798491024199936,0.283287375702989390505107159387803254014116936798528156516316
15,2026-08-22,"[2,4)","[0,2)",14,0,0,14,0,1E-60,0.215310802737635801499416731029276965760554953382265415776069
15,2026-08-22,"[2,4)",>=2,10,0,0,10,0,0,0.277532799862889204526030927043294338473666863904268179277910
15,2026-08-22,"[4,8)",<-2,9,0,0,9,0,0,0.299145048419544047401396624497912492455149790579105641605840
15,2026-08-22,"[4,8)","[-2,0)",24,0,0,24,0,0,0.137976204674980184720288987191152453368712544577434277225593
15,2026-08-22,"[4,8)","[0,2)",19,0,0,19,0,0,0.168179224052616251649710921498033188457137988100478093057389
15,2026-08-22,"[4,8)",>=2,17,0,0,17,0,0,0.184318135008851803742656742183482675848991885361038668946270
15,2026-08-22,"[8,infinity)",<-2,25,0,0,25,0,0,0.133192250939048476302451276015897355794721028940851862306375
15,2026-08-22,"[8,infinity)","[-2,0)",21,0,0,21,0,0,0.154639018924846951507636945003626730599908470059449552977985
15,2026-08-22,"[8,infinity)","[0,2)",33,0,0,33,0,0,0.104269997542452055904110156546589646564609266108543906361983
15,2026-08-22,"[8,infinity)",>=2,26,0,0,26,0,0,0.128728921859215295149407654933370962769244819176962274963284
15,2026-08-23,"[0,1)",<-2,5,0,5,5,1,0.565517535216825238915217128474443728190978101116435857204674,1
15,2026-08-23,"[0,1)","[-2,0)",10,0,3,10,0.3,0.107791267406301033916036517513920312585037515119197519502943,0.603221852538854647894375853303397422804429230442509752208221
15,2026-08-23,"[0,1)","[0,2)",9,0,1,9,0.111111111111111111111111111111111111111111111111111111111111,0.019890887638544909123336039549747145430433888416815277180683,0.434999705576656016633305779504184793145793726478044666290525
15,2026-08-23,"[0,1)",>=2,4,0,0,4,0,0,0.489890836454597301712536589852471046460117866669254129450196
15,2026-08-23,"[1,2)",<-2,1,0,0,1,0,0,0.793450685622762572644686990659235135454905747938657255997644
15,2026-08-23,"[1,2)","[-2,0)",8,0,0,8,0,0,0.324407564883880212890280277144521794238395570390205804016566
15,2026-08-23,"[1,2)","[0,2)",11,0,0,11,0,0,0.258832966968031690622885270690496860752291234813264358589584
15,2026-08-23,"[1,2)",>=2,3,0,0,3,0,0,0.561497031755045466784538763394810946683797969450889274137888
15,2026-08-23,"[2,4)",<-2,2,0,0,2,0,0,0.657619772493346908066213171022805867761678469589830388837810
15,2026-08-23,"[2,4)","[-2,0)",20,0,0,20,0,0,0.161125158052819354664367409458698834644472493370427941636724
15,2026-08-23,"[2,4)","[0,2)",23,0,0,23,0,0,0.143116618450426838883472276642405084339263420435897481157223
15,2026-08-23,"[2,4)",>=2,7,0,0,7,0,0,0.354330435066687400786206839933794738607089448605187126348296
15,2026-08-23,"[4,8)",<-2,16,0,0,16,0,0,0.193607680534436484397123030315166534447518308110879063675717
15,2026-08-23,"[4,8)","[-2,0)",22,0,0,22,0,0,0.148654874608620875261529651123205956231015521669584153863614
15,2026-08-23,"[4,8)","[0,2)",23,0,0,23,0,0,0.143116618450426838883472276642405084339263420435897481157223
15,2026-08-23,"[4,8)",>=2,10,0,0,10,0,0,0.277532799862889204526030927043294338473666863904268179277910
15,2026-08-23,"[8,infinity)",<-2,19,0,0,19,0,0,0.168179224052616251649710921498033188457137988100478093057389
15,2026-08-23,"[8,infinity)","[-2,0)",23,0,0,23,0,0,0.143116618450426838883472276642405084339263420435897481157223
15,2026-08-23,"[8,infinity)","[0,2)",25,0,0,25,0,0,0.133192250939048476302451276015897355794721028940851862306375
15,2026-08-23,"[8,infinity)",>=2,25,0,0,25,0,0,0.133192250939048476302451276015897355794721028940851862306375
15,2026-08-24,"[0,1)",<-2,7,0,6,7,0.857142857142857142857142857142857142857142857142857142857143,0.486872170725681131474124029217012562390124409416087828555966,0.974320375655256439392871085115991195747668841580207081195256
15,2026-08-24,"[0,1)","[-2,0)",8,0,7,8,0.875,0.529111817787146513131970656906765358621865761284448552259907,0.977582508549943327200319135234843295699337560922897094727667
15,2026-08-24,"[0,1)","[0,2)",3,0,0,3,0,0,0.561497031755045466784538763394810946683797969450889274137888
15,2026-08-24,"[0,1)",>=2,5,0,0,5,0,0,0.434482464783174761084782871525556271809021898883564142795326
15,2026-08-24,"[1,2)",<-2,6,0,4,6,0.666666666666666666666666666666666666666666666666666666666667,0.299993315138392039723859213822815746224455598651117838038035,0.903228588894219518643238434463105051047002510103282733548375
15,2026-08-24,"[1,2)","[-2,0)",4,0,0,4,0,0,0.489890836454597301712536589852471046460117866669254129450196
15,2026-08-24,"[1,2)","[0,2)",2,0,0,2,0,0,0.657619772493346908066213171022805867761678469589830388837810
15,2026-08-24,"[1,2)",>=2,3,0,0,3,0,0,0.561497031755045466784538763394810946683797969450889274137888
15,2026-08-24,"[2,4)",<-2,7,0,3,7,0.428571428571428571428571428571428571428571428571428571428571,0.158219855251469707611507071804452675421473342123943463411485,0.749541635472342778215093905328946572950968007676797554638273
15,2026-08-24,"[2,4)","[-2,0)",6,0,0,6,0,0,0.390334287902165324898707055142237608185625673736798285240772
15,2026-08-24,"[2,4)","[0,2)",13,0,0,13,0,1E-60,0.228095372354198371443420042369827223554730318588668470106495
15,2026-08-24,"[2,4)",>=2,10,0,0,10,0,0,0.277532799862889204526030927043294338473666863904268179277910
15,2026-08-24,"[4,8)",<-2,10,0,0,10,0,0,0.277532799862889204526030927043294338473666863904268179277910
15,2026-08-24,"[4,8)","[-2,0)",18,0,0,18,0,0,0.175879223646657630299759265673340687198492408383498668745102
15,2026-08-24,"[4,8)","[0,2)",17,0,0,17,0,0,0.184318135008851803742656742183482675848991885361038668946270
15,2026-08-24,"[4,8)",>=2,17,0,0,17,0,0,0.184318135008851803742656742183482675848991885361038668946270
15,2026-08-24,"[8,infinity)",<-2,28,0,0,28,0,0,0.120643304765845633983553520438697530858973767234507701423027
15,2026-08-24,"[8,infinity)","[-2,0)",30,0,0,30,0,0,0.113513393173968749941088969242882139187892157115904711864309
15,2026-08-24,"[8,infinity)","[0,2)",32,0,0,32,0,0,0.107179198255070614069630916316154767610741869081416234881527
15,2026-08-24,"[8,infinity)",>=2,45,0,0,45,0,0,0.0786515987328883595248244515862390432601662136200408413169198
15,2026-08-25,"[0,1)",<-2,5,0,5,5,1,0.565517535216825238915217128474443728190978101116435857204674,1
15,2026-08-25,"[0,1)","[-2,0)",5,0,4,5,0.8,0.375534629762525314372013921647583449989903515711330528044035,0.963775891367569828977116355437082786924683344958530986278769
15,2026-08-25,"[0,1)","[0,2)",6,0,1,6,0.166666666666666666666666666666666666666666666666666666666667,0.030053369748306669995961946390895487521438424174221601471187,0.563502822186470213269842757037262917935645358316977255355995
15,2026-08-25,"[0,1)",>=2,2,0,0,2,0,0,0.657619772493346908066213171022805867761678469589830388837810
15,2026-08-25,"[1,2)",<-2,5,0,1,5,0.2,0.036224108632430171022883644562917213075316655041469013721231,0.624465370237474685627986078352416550010096484288669471955965
15,2026-08-25,"[1,2)","[-2,0)",4,0,0,4,0,0,0.489890836454597301712536589852471046460117866669254129450196
15,2026-08-25,"[1,2)","[0,2)",4,0,0,4,0,0,0.489890836454597301712536589852471046460117866669254129450196
15,2026-08-25,"[1,2)",>=2,4,0,0,4,0,0,0.489890836454597301712536589852471046460117866669254129450196
15,2026-08-25,"[2,4)",<-2,8,0,2,8,0.25,0.071479212752109018118065833441354725591654990944167339215003,0.590724569689831088327074305130906171527542794250935562793281
15,2026-08-25,"[2,4)","[-2,0)",13,0,0,13,0,1E-60,0.228095372354198371443420042369827223554730318588668470106495
15,2026-08-25,"[2,4)","[0,2)",9,0,0,9,0,0,0.299145048419544047401396624497912492455149790579105641605840
15,2026-08-25,"[2,4)",>=2,8,0,0,8,0,0,0.324407564883880212890280277144521794238395570390205804016566
15,2026-08-25,"[4,8)",<-2,13,0,0,13,0,1E-60,0.228095372354198371443420042369827223554730318588668470106495
15,2026-08-25,"[4,8)","[-2,0)",24,0,0,24,0,0,0.137976204674980184720288987191152453368712544577434277225593
15,2026-08-25,"[4,8)","[0,2)",17,0,0,17,0,0,0.184318135008851803742656742183482675848991885361038668946270
15,2026-08-25,"[4,8)",>=2,12,0,0,12,0,0,0.242494006655240850743536740887323444981368621780736059953412
15,2026-08-25,"[8,infinity)",<-2,29,0,0,29,0,0,0.116969798499740742321570618566042766673886847202390383923475
15,2026-08-25,"[8,infinity)","[-2,0)",29,0,0,29,0,0,0.116969798499740742321570618566042766673886847202390383923475
15,2026-08-25,"[8,infinity)","[0,2)",32,0,0,32,0,0,0.107179198255070614069630916316154767610741869081416234881527
15,2026-08-25,"[8,infinity)",>=2,46,0,0,46,0,0,0.0770735630855803739782707173457028486860107581201611900926340
15,2026-08-26,"[0,1)",<-2,3,0,2,3,0.666666666666666666666666666666666666666666666666666666666667,0.207659600802047752945264855140917075218944785512027051294273,0.938508055279603758126555557060812609219789224671009857326435
15,2026-08-26,"[0,1)","[-2,0)",8,0,3,8,0.375,0.136844285823597372584090192394652224791012586336676482048347,0.694257605397372680638479876891478223768586306260874968955795
15,2026-08-26,"[0,1)","[0,2)",6,0,0,6,0,0,0.390334287902165324898707055142237608185625673736798285240772
15,2026-08-26,"[0,1)",>=2,5,0,0,5,0,0,0.434482464783174761084782871525556271809021898883564142795326
15,2026-08-26,"[1,2)",<-2,2,0,2,2,1,0.342380227506653091933786828977194132238321530410169611162190,1
15,2026-08-26,"[1,2)","[-2,0)",6,0,1,6,0.166666666666666666666666666666666666666666666666666666666667,0.030053369748306669995961946390895487521438424174221601471187,0.563502822186470213269842757037262917935645358316977255355995
15,2026-08-26,"[1,2)","[0,2)",9,0,0,9,0,0,0.299145048419544047401396624497912492455149790579105641605840
15,2026-08-26,"[1,2)",>=2,5,0,0,5,0,0,0.434482464783174761084782871525556271809021898883564142795326
15,2026-08-26,"[2,4)",<-2,7,0,0,7,0,0,0.354330435066687400786206839933794738607089448605187126348296
15,2026-08-26,"[2,4)","[-2,0)",9,0,0,9,0,0,0.299145048419544047401396624497912492455149790579105641605840
15,2026-08-26,"[2,4)","[0,2)",19,0,0,19,0,0,0.168179224052616251649710921498033188457137988100478093057389
15,2026-08-26,"[2,4)",>=2,7,0,0,7,0,0,0.354330435066687400786206839933794738607089448605187126348296
15,2026-08-26,"[4,8)",<-2,13,0,0,13,0,1E-60,0.228095372354198371443420042369827223554730318588668470106495
15,2026-08-26,"[4,8)","[-2,0)",20,0,0,20,0,0,0.161125158052819354664367409458698834644472493370427941636724
15,2026-08-26,"[4,8)","[0,2)",33,0,0,33,0,0,0.104269997542452055904110156546589646564609266108543906361983
15,2026-08-26,"[4,8)",>=2,16,0,0,16,0,0,0.193607680534436484397123030315166534447518308110879063675717
15,2026-08-26,"[8,infinity)",<-2,18,0,0,18,0,0,0.175879223646657630299759265673340687198492408383498668745102
15,2026-08-26,"[8,infinity)","[-2,0)",24,0,0,24,0,0,0.137976204674980184720288987191152453368712544577434277225593
15,2026-08-26,"[8,infinity)","[0,2)",28,0,0,28,0,0,0.120643304765845633983553520438697530858973767234507701423027
15,2026-08-26,"[8,infinity)",>=2,33,0,0,33,0,0,0.104269997542452055904110156546589646564609266108543906361983
15,2026-08-27,"[0,1)",<-2,2,0,1,2,0.5,0.094531205734230729793326600900495328768115141516490687279156,0.905468794265769270206673399099504671231884858483509312720844
15,2026-08-27,"[0,1)","[-2,0)",9,0,6,9,0.666666666666666666666666666666666666666666666666666666666667,0.354202135580396271034535676092598602064228829333691743187467,0.879416181613089046498332115741430567117387907139939709610587
15,2026-08-27,"[0,1)","[0,2)",10,0,1,10,0.1,0.017876213095072907017716328005121013219916667655301041770911,0.404150026795238456603108413629514457559016823468113501651417
15,2026-08-27,"[0,1)",>=2,1,0,0,1,0,0,0.793450685622762572644686990659235135454905747938657255997644
15,2026-08-27,"[1,2)",<-2,3,0,1,3,0.333333333333333333333333333333333333333333333333333333333333,0.061491944720396241873444442939187390780210775328990142673567,0.792340399197952247054735144859082924781055214487972948705729
15,2026-08-27,"[1,2)","[-2,0)",12,0,0,12,0,0,0.242494006655240850743536740887323444981368621780736059953412
15,2026-08-27,"[1,2)","[0,2)",7,0,0,7,0,0,0.354330435066687400786206839933794738607089448605187126348296
15,2026-08-27,"[1,2)",>=2,5,0,0,5,0,0,0.434482464783174761084782871525556271809021898883564142795326
15,2026-08-27,"[2,4)",<-2,6,0,0,6,0,0,0.390334287902165324898707055142237608185625673736798285240772
15,2026-08-27,"[2,4)","[-2,0)",12,0,0,12,0,0,0.242494006655240850743536740887323444981368621780736059953412
15,2026-08-27,"[2,4)","[0,2)",23,0,0,23,0,0,0.143116618450426838883472276642405084339263420435897481157223
15,2026-08-27,"[2,4)",>=2,11,0,0,11,0,0,0.258832966968031690622885270690496860752291234813264358589584
15,2026-08-27,"[4,8)",<-2,9,0,0,9,0,0,0.299145048419544047401396624497912492455149790579105641605840
15,2026-08-27,"[4,8)","[-2,0)",21,0,0,21,0,0,0.154639018924846951507636945003626730599908470059449552977985
15,2026-08-27,"[4,8)","[0,2)",21,0,0,21,0,0,0.154639018924846951507636945003626730599908470059449552977985
15,2026-08-27,"[4,8)",>=2,15,0,0,15,0,0,0.203883301035848588906113525033002846962414143120117784623588
15,2026-08-27,"[8,infinity)",<-2,19,0,0,19,0,0,0.168179224052616251649710921498033188457137988100478093057389
15,2026-08-27,"[8,infinity)","[-2,0)",27,0,0,27,0,1E-61,0.124555029741867063560897531223174706536906133650947916372170
15,2026-08-27,"[8,infinity)","[0,2)",28,0,0,28,0,0,0.120643304765845633983553520438697530858973767234507701423027
15,2026-08-27,"[8,infinity)",>=2,31,0,0,31,0,0,0.110255395460435947523151756013484623904252359343767063579533
15,2026-08-28,"[0,1)",<-2,4,0,3,4,0.75,0.300641842582401915564942608623946450489900204040067862450985,0.954412739190299433578789096449818026280040862625305072823917
15,2026-08-28,"[0,1)","[-2,0)",7,0,3,7,0.428571428571428571428571428571428571428571428571428571428571,0.158219855251469707611507071804452675421473342123943463411485,0.749541635472342778215093905328946572950968007676797554638273
15,2026-08-28,"[0,1)","[0,2)",11,0,0,11,0,0,0.258832966968031690622885270690496860752291234813264358589584
15,2026-08-28,"[0,1)",>=2,2,0,0,2,0,0,0.657619772493346908066213171022805867761678469589830388837810
15,2026-08-28,"[1,2)",<-2,3,0,2,3,0.666666666666666666666666666666666666666666666666666666666667,0.207659600802047752945264855140917075218944785512027051294273,0.938508055279603758126555557060812609219789224671009857326435
15,2026-08-28,"[1,2)","[-2,0)",11,0,0,11,0,0,0.258832966968031690622885270690496860752291234813264358589584
15,2026-08-28,"[1,2)","[0,2)",8,0,0,8,0,0,0.324407564883880212890280277144521794238395570390205804016566
15,2026-08-28,"[1,2)",>=2,3,0,0,3,0,0,0.561497031755045466784538763394810946683797969450889274137888
15,2026-08-28,"[2,4)",<-2,6,0,0,6,0,0,0.390334287902165324898707055142237608185625673736798285240772
15,2026-08-28,"[2,4)","[-2,0)",18,0,0,18,0,0,0.175879223646657630299759265673340687198492408383498668745102
15,2026-08-28,"[2,4)","[0,2)",15,0,0,15,0,0,0.203883301035848588906113525033002846962414143120117784623588
15,2026-08-28,"[2,4)",>=2,4,0,0,4,0,0,0.489890836454597301712536589852471046460117866669254129450196
15,2026-08-28,"[4,8)",<-2,8,0,0,8,0,0,0.324407564883880212890280277144521794238395570390205804016566
15,2026-08-28,"[4,8)","[-2,0)",19,0,0,19,0,0,0.168179224052616251649710921498033188457137988100478093057389
15,2026-08-28,"[4,8)","[0,2)",22,0,0,22,0,0,0.148654874608620875261529651123205956231015521669584153863614
15,2026-08-28,"[4,8)",>=2,9,0,0,9,0,0,0.299145048419544047401396624497912492455149790579105641605840
15,2026-08-28,"[8,infinity)",<-2,31,0,0,31,0,0,0.110255395460435947523151756013484623904252359343767063579533
15,2026-08-28,"[8,infinity)","[-2,0)",21,0,0,21,0,0,0.154639018924846951507636945003626730599908470059449552977985
15,2026-08-28,"[8,infinity)","[0,2)",38,0,0,38,0,1E-61,0.0918098682255839546063730448500120445729383741592083301937471
15,2026-08-28,"[8,infinity)",>=2,34,0,0,34,0,0,0.101514554153323765588772493480518861287464008360250122371569
15,2026-08-29,"[0,1)",<-2,4,0,4,4,1,0.510109163545402698287463410147528953539882133330745870549804,1
15,2026-08-29,"[0,1)","[-2,0)",15,0,4,15,0.266666666666666666666666666666666666666666666666666666666667,0.108974533256923727565232658603039436468557973850178938979251,0.519504340559805613924286986412361892113901959605876027178425
15,2026-08-29,"[0,1)","[0,2)",26,0,0,26,0,0,0.128728921859215295149407654933370962769244819176962274963284
15,2026-08-29,"[0,1)",>=2,5,0,0,5,0,0,0.434482464783174761084782871525556271809021898883564142795326
15,2026-08-29,"[1,2)",<-2,2,0,1,2,0.5,0.094531205734230729793326600900495328768115141516490687279156,0.905468794265769270206673399099504671231884858483509312720844
15,2026-08-29,"[1,2)","[-2,0)",18,0,0,18,0,0,0.175879223646657630299759265673340687198492408383498668745102
15,2026-08-29,"[1,2)","[0,2)",25,0,0,25,0,0,0.133192250939048476302451276015897355794721028940851862306375
15,2026-08-29,"[1,2)",>=2,1,0,0,1,0,0,0.793450685622762572644686990659235135454905747938657255997644
15,2026-08-29,"[2,4)",<-2,3,0,0,3,0,0,0.561497031755045466784538763394810946683797969450889274137888
15,2026-08-29,"[2,4)","[-2,0)",29,0,0,29,0,0,0.116969798499740742321570618566042766673886847202390383923475
15,2026-08-29,"[2,4)","[0,2)",40,0,0,40,0,0,0.0876216011972866346356086872023508038951983377213078295861324
15,2026-08-29,"[2,4)",>=2,4,0,0,4,0,0,0.489890836454597301712536589852471046460117866669254129450196
15,2026-08-29,"[4,8)",<-2,3,0,0,3,0,0,0.561497031755045466784538763394810946683797969450889274137888
15,2026-08-29,"[4,8)","[-2,0)",24,0,0,24,0,0,0.137976204674980184720288987191152453368712544577434277225593
15,2026-08-29,"[4,8)","[0,2)",40,0,0,40,0,0,0.0876216011972866346356086872023508038951983377213078295861324
15,2026-08-29,"[4,8)",>=2,6,0,0,6,0,0,0.390334287902165324898707055142237608185625673736798285240772
15,2026-08-29,"[8,infinity)",<-2,2,0,0,2,0,0,0.657619772493346908066213171022805867761678469589830388837810
15,2026-08-29,"[8,infinity)","[-2,0)",7,0,0,7,0,0,0.354330435066687400786206839933794738607089448605187126348296
15,2026-08-29,"[8,infinity)","[0,2)",12,0,0,12,0,0,0.242494006655240850743536740887323444981368621780736059953412
15,2026-08-29,"[8,infinity)",>=2,2,0,0,2,0,0,0.657619772493346908066213171022805867761678469589830388837810
15,2026-08-30,"[0,1)",<-2,4,0,4,4,1,0.510109163545402698287463410147528953539882133330745870549804,1
15,2026-08-30,"[0,1)","[-2,0)",24,0,3,24,0.125,0.043443340801234421585843376147046323510350215714335399843820,0.310038812705000716954373364246318016516184192718740308075374
15,2026-08-30,"[0,1)","[0,2)",18,0,0,18,0,0,0.175879223646657630299759265673340687198492408383498668745102
15,2026-08-30,"[0,1)",>=2,1,0,0,1,0,0,0.793450685622762572644686990659235135454905747938657255997644
15,2026-08-30,"[1,2)",<-2,2,0,1,2,0.5,0.094531205734230729793326600900495328768115141516490687279156,0.905468794265769270206673399099504671231884858483509312720844
15,2026-08-30,"[1,2)","[-2,0)",15,0,0,15,0,0,0.203883301035848588906113525033002846962414143120117784623588
15,2026-08-30,"[1,2)","[0,2)",15,0,0,15,0,0,0.203883301035848588906113525033002846962414143120117784623588
15,2026-08-30,"[1,2)",>=2,2,0,0,2,0,0,0.657619772493346908066213171022805867761678469589830388837810
15,2026-08-30,"[2,4)",<-2,4,0,0,4,0,0,0.489890836454597301712536589852471046460117866669254129450196
15,2026-08-30,"[2,4)","[-2,0)",25,0,0,25,0,0,0.133192250939048476302451276015897355794721028940851862306375
15,2026-08-30,"[2,4)","[0,2)",39,0,0,39,0,0,0.0896668537075714133476580181364055496168425388921970053236772
15,2026-08-30,"[2,4)",>=2,3,0,0,3,0,0,0.561497031755045466784538763394810946683797969450889274137888
15,2026-08-30,"[4,8)",<-2,7,0,0,7,0,0,0.354330435066687400786206839933794738607089448605187126348296
15,2026-08-30,"[4,8)","[-2,0)",25,0,0,25,0,0,0.133192250939048476302451276015897355794721028940851862306375
15,2026-08-30,"[4,8)","[0,2)",32,0,0,32,0,0,0.107179198255070614069630916316154767610741869081416234881527
15,2026-08-30,"[4,8)",>=2,8,0,0,8,0,0,0.324407564883880212890280277144521794238395570390205804016566
15,2026-08-30,"[8,infinity)",<-2,7,0,0,7,0,0,0.354330435066687400786206839933794738607089448605187126348296
15,2026-08-30,"[8,infinity)","[-2,0)",12,0,0,12,0,0,0.242494006655240850743536740887323444981368621780736059953412
15,2026-08-30,"[8,infinity)","[0,2)",21,0,0,21,0,0,0.154639018924846951507636945003626730599908470059449552977985
15,2026-08-30,"[8,infinity)",>=2,9,0,0,9,0,0,0.299145048419544047401396624497912492455149790579105641605840
15,2026-08-31,"[0,1)",<-2,2,0,1,2,0.5,0.094531205734230729793326600900495328768115141516490687279156,0.905468794265769270206673399099504671231884858483509312720844
15,2026-08-31,"[0,1)","[-2,0)",5,0,4,5,0.8,0.375534629762525314372013921647583449989903515711330528044035,0.963775891367569828977116355437082786924683344958530986278769
15,2026-08-31,"[0,1)","[0,2)",8,0,0,8,0,0,0.324407564883880212890280277144521794238395570390205804016566
15,2026-08-31,"[0,1)",>=2,1,0,0,1,0,0,0.793450685622762572644686990659235135454905747938657255997644
15,2026-08-31,"[1,2)",<-2,6,0,3,6,0.5,0.187616306482650520497838086822922679765759317889977245350468,0.812383693517349479502161913177077320234240682110022754649532
15,2026-08-31,"[1,2)","[-2,0)",6,0,0,6,0,0,0.390334287902165324898707055142237608185625673736798285240772
15,2026-08-31,"[1,2)","[0,2)",13,0,0,13,0,1E-60,0.228095372354198371443420042369827223554730318588668470106495
15,2026-08-31,"[1,2)",>=2,2,0,0,2,0,0,0.657619772493346908066213171022805867761678469589830388837810
15,2026-08-31,"[2,4)",<-2,10,0,0,10,0,0,0.277532799862889204526030927043294338473666863904268179277910
15,2026-08-31,"[2,4)","[-2,0)",15,0,0,15,0,0,0.203883301035848588906113525033002846962414143120117784623588
15,2026-08-31,"[2,4)","[0,2)",19,0,0,19,0,0,0.168179224052616251649710921498033188457137988100478093057389
15,2026-08-31,"[2,4)",>=2,10,0,0,10,0,0,0.277532799862889204526030927043294338473666863904268179277910
15,2026-08-31,"[4,8)",<-2,8,0,0,8,0,0,0.324407564883880212890280277144521794238395570390205804016566
15,2026-08-31,"[4,8)","[-2,0)",23,0,0,23,0,0,0.143116618450426838883472276642405084339263420435897481157223
15,2026-08-31,"[4,8)","[0,2)",28,0,0,28,0,0,0.120643304765845633983553520438697530858973767234507701423027
15,2026-08-31,"[4,8)",>=2,11,0,0,11,0,0,0.258832966968031690622885270690496860752291234813264358589584
15,2026-08-31,"[8,infinity)",<-2,17,0,0,17,0,0,0.184318135008851803742656742183482675848991885361038668946270
15,2026-08-31,"[8,infinity)","[-2,0)",26,0,0,26,0,0,0.128728921859215295149407654933370962769244819176962274963284
15,2026-08-31,"[8,infinity)","[0,2)",39,0,0,39,0,0,0.0896668537075714133476580181364055496168425388921970053236772
15,2026-08-31,"[8,infinity)",>=2,27,0,0,27,0,1E-61,0.124555029741867063560897531223174706536906133650947916372170
15,2026-09-01,"[0,1)",<-2,3,0,3,3,1,0.438502968244954533215461236605189053316202030549110725862112,1
15,2026-09-01,"[0,1)","[-2,0)",7,0,1,7,0.142857142857142857142857142857142857142857142857142857142857,0.025679624344743560607128914884008804252331158419792918804746,0.513127829274318868525875970782987437609875590583912171444036
15,2026-09-01,"[0,1)","[0,2)",8,0,2,8,0.25,0.071479212752109018118065833441354725591654990944167339215003,0.590724569689831088327074305130906171527542794250935562793281
15,2026-09-01,"[0,1)",>=2,2,0,0,2,0,0,0.657619772493346908066213171022805867761678469589830388837810
15,2026-09-01,"[1,2)",<-2,2,0,1,2,0.5,0.094531205734230729793326600900495328768115141516490687279156,0.905468794265769270206673399099504671231884858483509312720844
15,2026-09-01,"[1,2)","[-2,0)",8,0,0,8,0,0,0.324407564883880212890280277144521794238395570390205804016566
15,2026-09-01,"[1,2)","[0,2)",14,0,0,14,0,1E-60,0.215310802737635801499416731029276965760554953382265415776069
15,2026-09-01,"[1,2)",>=2,6,0,0,6,0,0,0.390334287902165324898707055142237608185625673736798285240772
15,2026-09-01,"[2,4)",<-2,7,0,2,7,0.285714285714285714285714285714285714285714285714285714285714,0.082218924004056765947248749487853093510976457849667296896903,0.641065548167380691532554181912344651606347591552555757252367
15,2026-09-01,"[2,4)","[-2,0)",9,0,0,9,0,0,0.299145048419544047401396624497912492455149790579105641605840
15,2026-09-01,"[2,4)","[0,2)",22,0,0,22,0,0,0.148654874608620875261529651123205956231015521669584153863614
15,2026-09-01,"[2,4)",>=2,5,0,0,5,0,0,0.434482464783174761084782871525556271809021898883564142795326
15,2026-09-01,"[4,8)",<-2,10,0,0,10,0,0,0.277532799862889204526030927043294338473666863904268179277910
15,2026-09-01,"[4,8)","[-2,0)",29,0,0,29,0,0,0.116969798499740742321570618566042766673886847202390383923475
15,2026-09-01,"[4,8)","[0,2)",24,0,0,24,0,0,0.137976204674980184720288987191152453368712544577434277225593
15,2026-09-01,"[4,8)",>=2,13,0,0,13,0,1E-60,0.228095372354198371443420042369827223554730318588668470106495
15,2026-09-01,"[8,infinity)",<-2,18,0,0,18,0,0,0.175879223646657630299759265673340687198492408383498668745102
15,2026-09-01,"[8,infinity)","[-2,0)",28,0,0,28,0,0,0.120643304765845633983553520438697530858973767234507701423027
15,2026-09-01,"[8,infinity)","[0,2)",29,0,0,29,0,0,0.116969798499740742321570618566042766673886847202390383923475
15,2026-09-01,"[8,infinity)",>=2,27,0,0,27,0,1E-61,0.124555029741867063560897531223174706536906133650947916372170
15,2026-09-02,"[0,1)",<-2,4,0,4,4,1,0.510109163545402698287463410147528953539882133330745870549804,1
15,2026-09-02,"[0,1)","[-2,0)",4,0,2,4,0.5,0.150038989152149514156900362816506811250894777823785469987184,0.849961010847850485843099637183493188749105222176214530012816
15,2026-09-02,"[0,1)","[0,2)",10,0,0,10,0,0,0.277532799862889204526030927043294338473666863904268179277910
15,2026-09-02,"[0,1)",>=2,4,0,0,4,0,0,0.489890836454597301712536589852471046460117866669254129450196
15,2026-09-02,"[1,2)",<-2,0,0,0,0,,,
15,2026-09-02,"[1,2)","[-2,0)",9,0,0,9,0,0,0.299145048419544047401396624497912492455149790579105641605840
15,2026-09-02,"[1,2)","[0,2)",8,0,0,8,0,0,0.324407564883880212890280277144521794238395570390205804016566
15,2026-09-02,"[1,2)",>=2,4,0,0,4,0,0,0.489890836454597301712536589852471046460117866669254129450196
15,2026-09-02,"[2,4)",<-2,7,0,1,7,0.142857142857142857142857142857142857142857142857142857142857,0.025679624344743560607128914884008804252331158419792918804746,0.513127829274318868525875970782987437609875590583912171444036
15,2026-09-02,"[2,4)","[-2,0)",15,0,0,15,0,0,0.203883301035848588906113525033002846962414143120117784623588
15,2026-09-02,"[2,4)","[0,2)",13,0,0,13,0,1E-60,0.228095372354198371443420042369827223554730318588668470106495
15,2026-09-02,"[2,4)",>=2,9,0,0,9,0,0,0.299145048419544047401396624497912492455149790579105641605840
15,2026-09-02,"[4,8)",<-2,10,0,0,10,0,0,0.277532799862889204526030927043294338473666863904268179277910
15,2026-09-02,"[4,8)","[-2,0)",15,0,0,15,0,0,0.203883301035848588906113525033002846962414143120117784623588
15,2026-09-02,"[4,8)","[0,2)",36,0,0,36,0,0,0.0964186285944636615382445947927992309228324969090787481472514
15,2026-09-02,"[4,8)",>=2,14,0,0,14,0,1E-60,0.215310802737635801499416731029276965760554953382265415776069
15,2026-09-02,"[8,infinity)",<-2,15,0,0,15,0,0,0.203883301035848588906113525033002846962414143120117784623588
15,2026-09-02,"[8,infinity)","[-2,0)",26,0,0,26,0,0,0.128728921859215295149407654933370962769244819176962274963284
15,2026-09-02,"[8,infinity)","[0,2)",31,0,0,31,0,0,0.110255395460435947523151756013484623904252359343767063579533
15,2026-09-02,"[8,infinity)",>=2,29,0,0,29,0,0,0.116969798499740742321570618566042766673886847202390383923475
15,2026-09-03,"[0,1)",<-2,3,0,3,3,1,0.438502968244954533215461236605189053316202030549110725862112,1
15,2026-09-03,"[0,1)","[-2,0)",2,0,1,2,0.5,0.094531205734230729793326600900495328768115141516490687279156,0.905468794265769270206673399099504671231884858483509312720844
15,2026-09-03,"[0,1)","[0,2)",13,0,0,13,0,1E-60,0.228095372354198371443420042369827223554730318588668470106495
15,2026-09-03,"[0,1)",>=2,3,0,0,3,0,0,0.561497031755045466784538763394810946683797969450889274137888
15,2026-09-03,"[1,2)",<-2,5,0,2,5,0.4,0.117620774232647912731540971445135881574723095506224918639884,0.769275718723987039485415602859975372787081284270487909919182
15,2026-09-03,"[1,2)","[-2,0)",4,0,0,4,0,0,0.489890836454597301712536589852471046460117866669254129450196
15,2026-09-03,"[1,2)","[0,2)",11,0,0,11,0,0,0.258832966968031690622885270690496860752291234813264358589584
15,2026-09-03,"[1,2)",>=2,1,0,0,1,0,0,0.793450685622762572644686990659235135454905747938657255997644
15,2026-09-03,"[2,4)",<-2,9,0,1,9,0.111111111111111111111111111111111111111111111111111111111111,0.019890887638544909123336039549747145430433888416815277180683,0.434999705576656016633305779504184793145793726478044666290525
15,2026-09-03,"[2,4)","[-2,0)",17,0,0,17,0,0,0.184318135008851803742656742183482675848991885361038668946270
15,2026-09-03,"[2,4)","[0,2)",14,0,0,14,0,1E-60,0.215310802737635801499416731029276965760554953382265415776069
15,2026-09-03,"[2,4)",>=2,8,0,0,8,0,0,0.324407564883880212890280277144521794238395570390205804016566
15,2026-09-03,"[4,8)",<-2,10,0,0,10,0,0,0.277532799862889204526030927043294338473666863904268179277910
15,2026-09-03,"[4,8)","[-2,0)",18,0,0,18,0,0,0.175879223646657630299759265673340687198492408383498668745102
15,2026-09-03,"[4,8)","[0,2)",24,0,0,24,0,0,0.137976204674980184720288987191152453368712544577434277225593
15,2026-09-03,"[4,8)",>=2,16,0,0,16,0,0,0.193607680534436484397123030315166534447518308110879063675717
15,2026-09-03,"[8,infinity)",<-2,20,0,0,20,0,0,0.161125158052819354664367409458698834644472493370427941636724
15,2026-09-03,"[8,infinity)","[-2,0)",25,0,0,25,0,0,0.133192250939048476302451276015897355794721028940851862306375
15,2026-09-03,"[8,infinity)","[0,2)",37,0,0,37,0,0,0.0940578258372024807966737008331431353361241242445789105818134
15,2026-09-03,"[8,infinity)",>=2,33,0,0,33,0,0,0.104269997542452055904110156546589646564609266108543906361983
15,2026-09-04,"[0,1)",<-2,2,0,2,2,1,0.342380227506653091933786828977194132238321530410169611162190,1
15,2026-09-04,"[0,1)","[-2,0)",14,0,3,14,0.214285714285714285714285714285714285714285714285714285714286,0.075713867126931825281250264689792498900596000422290639585996,0.475892305866002918432702153041222910105435401510432455143186
15,2026-09-04,"[0,1)","[0,2)",8,0,0,8,0,0,0.324407564883880212890280277144521794238395570390205804016566
15,2026-09-04,"[0,1)",>=2,3,0,0,3,0,0,0.561497031755045466784538763394810946683797969450889274137888
15,2026-09-04,"[1,2)",<-2,3,0,1,3,0.333333333333333333333333333333333333333333333333333333333333,0.061491944720396241873444442939187390780210775328990142673567,0.792340399197952247054735144859082924781055214487972948705729
15,2026-09-04,"[1,2)","[-2,0)",6,0,0,6,0,0,0.390334287902165324898707055142237608185625673736798285240772
15,2026-09-04,"[1,2)","[0,2)",7,0,0,7,0,0,0.354330435066687400786206839933794738607089448605187126348296
15,2026-09-04,"[1,2)",>=2,4,0,0,4,0,0,0.489890836454597301712536589852471046460117866669254129450196
15,2026-09-04,"[2,4)",<-2,6,0,0,6,0,0,0.390334287902165324898707055142237608185625673736798285240772
15,2026-09-04,"[2,4)","[-2,0)",21,0,0,21,0,0,0.154639018924846951507636945003626730599908470059449552977985
15,2026-09-04,"[2,4)","[0,2)",17,0,0,17,0,0,0.184318135008851803742656742183482675848991885361038668946270
15,2026-09-04,"[2,4)",>=2,12,0,0,12,0,0,0.242494006655240850743536740887323444981368621780736059953412
15,2026-09-04,"[4,8)",<-2,9,0,0,9,0,0,0.299145048419544047401396624497912492455149790579105641605840
15,2026-09-04,"[4,8)","[-2,0)",27,0,0,27,0,1E-61,0.124555029741867063560897531223174706536906133650947916372170
15,2026-09-04,"[4,8)","[0,2)",21,0,0,21,0,0,0.154639018924846951507636945003626730599908470059449552977985
15,2026-09-04,"[4,8)",>=2,15,0,0,15,0,0,0.203883301035848588906113525033002846962414143120117784623588
15,2026-09-04,"[8,infinity)",<-2,14,0,0,14,0,1E-60,0.215310802737635801499416731029276965760554953382265415776069
15,2026-09-04,"[8,infinity)","[-2,0)",28,0,0,28,0,0,0.120643304765845633983553520438697530858973767234507701423027
15,2026-09-04,"[8,infinity)","[0,2)",30,0,0,30,0,0,0.113513393173968749941088969242882139187892157115904711864309
15,2026-09-04,"[8,infinity)",>=2,22,0,0,22,0,0,0.148654874608620875261529651123205956231015521669584153863614
15,2026-09-05,"[0,1)",<-2,2,0,2,2,1,0.342380227506653091933786828977194132238321530410169611162190,1
15,2026-09-05,"[0,1)","[-2,0)",32,0,5,32,0.15625,0.068644202825057092470841388256410065091272699306633285367828,0.317541495975303954702029866710946337641112335686840376113222
15,2026-09-05,"[0,1)","[0,2)",31,0,0,31,0,0,0.110255395460435947523151756013484623904252359343767063579533
15,2026-09-05,"[0,1)",>=2,2,0,0,2,0,0,0.657619772493346908066213171022805867761678469589830388837810
15,2026-09-05,"[1,2)",<-2,5,0,1,5,0.2,0.036224108632430171022883644562917213075316655041469013721231,0.624465370237474685627986078352416550010096484288669471955965
15,2026-09-05,"[1,2)","[-2,0)",25,0,0,25,0,0,0.133192250939048476302451276015897355794721028940851862306375
15,2026-09-05,"[1,2)","[0,2)",25,0,0,25,0,0,0.133192250939048476302451276015897355794721028940851862306375
15,2026-09-05,"[1,2)",>=2,3,0,0,3,0,0,0.561497031755045466784538763394810946683797969450889274137888
15,2026-09-05,"[2,4)",<-2,6,0,1,6,0.166666666666666666666666666666666666666666666666666666666667,0.030053369748306669995961946390895487521438424174221601471187,0.563502822186470213269842757037262917935645358316977255355995
15,2026-09-05,"[2,4)","[-2,0)",43,0,0,43,0,0,0.0820098032257911641526771184451815481418608757099502151814816
15,2026-09-05,"[2,4)","[0,2)",28,0,0,28,0,0,0.120643304765845633983553520438697530858973767234507701423027
15,2026-09-05,"[2,4)",>=2,2,0,0,2,0,0,0.657619772493346908066213171022805867761678469589830388837810
15,2026-09-05,"[4,8)",<-2,3,0,0,3,0,0,0.561497031755045466784538763394810946683797969450889274137888
15,2026-09-05,"[4,8)","[-2,0)",22,0,0,22,0,0,0.148654874608620875261529651123205956231015521669584153863614
15,2026-09-05,"[4,8)","[0,2)",26,0,0,26,0,0,0.128728921859215295149407654933370962769244819176962274963284
15,2026-09-05,"[4,8)",>=2,3,0,0,3,0,0,0.561497031755045466784538763394810946683797969450889274137888
15,2026-09-05,"[8,infinity)",<-2,1,0,0,1,0,0,0.793450685622762572644686990659235135454905747938657255997644
15,2026-09-05,"[8,infinity)","[-2,0)",7,0,0,7,0,0,0.354330435066687400786206839933794738607089448605187126348296
15,2026-09-05,"[8,infinity)","[0,2)",7,0,0,7,0,0,0.354330435066687400786206839933794738607089448605187126348296
15,2026-09-05,"[8,infinity)",>=2,2,0,0,2,0,0,0.657619772493346908066213171022805867761678469589830388837810
15,2026-09-06,"[0,1)",<-2,2,0,2,2,1,0.342380227506653091933786828977194132238321530410169611162190,1
15,2026-09-06,"[0,1)","[-2,0)",23,0,4,23,0.173913043478260869565217391304347826086956521739130434782609,0.069786535630625670825987004508362800054744012259066520005885,0.371376476402261398011060132432336167992601696720866619879259
15,2026-09-06,"[0,1)","[0,2)",32,0,0,32,0,0,0.107179198255070614069630916316154767610741869081416234881527
15,2026-09-06,"[0,1)",>=2,5,0,0,5,0,0,0.434482464783174761084782871525556271809021898883564142795326
15,2026-09-06,"[1,2)",<-2,2,0,1,2,0.5,0.094531205734230729793326600900495328768115141516490687279156,0.905468794265769270206673399099504671231884858483509312720844
15,2026-09-06,"[1,2)","[-2,0)",14,0,0,14,0,1E-60,0.215310802737635801499416731029276965760554953382265415776069
15,2026-09-06,"[1,2)","[0,2)",27,0,0,27,0,1E-61,0.124555029741867063560897531223174706536906133650947916372170
15,2026-09-06,"[1,2)",>=2,4,0,0,4,0,0,0.489890836454597301712536589852471046460117866669254129450196
15,2026-09-06,"[2,4)",<-2,4,0,0,4,0,0,0.489890836454597301712536589852471046460117866669254129450196
15,2026-09-06,"[2,4)","[-2,0)",18,0,1,18,0.0555555555555555555555555555555555555555555555555555555555556,0.009875190978303082313508634846031297156082580064912900004554,0.257573007818725922397388490196938202575910671831530361102204
15,2026-09-06,"[2,4)","[0,2)",35,0,0,35,0,0,0.0989009923244040343269259218648434359116695776673122585987557
15,2026-09-06,"[2,4)",>=2,5,0,0,5,0,0,0.434482464783174761084782871525556271809021898883564142795326
15,2026-09-06,"[4,8)",<-2,10,0,0,10,0,0,0.277532799862889204526030927043294338473666863904268179277910
15,2026-09-06,"[4,8)","[-2,0)",29,0,0,29,0,0,0.116969798499740742321570618566042766673886847202390383923475
15,2026-09-06,"[4,8)","[0,2)",30,0,0,30,0,0,0.113513393173968749941088969242882139187892157115904711864309
15,2026-09-06,"[4,8)",>=2,7,0,0,7,0,0,0.354330435066687400786206839933794738607089448605187126348296
15,2026-09-06,"[8,infinity)",<-2,5,0,0,5,0,0,0.434482464783174761084782871525556271809021898883564142795326
15,2026-09-06,"[8,infinity)","[-2,0)",5,0,0,5,0,0,0.434482464783174761084782871525556271809021898883564142795326
15,2026-09-06,"[8,infinity)","[0,2)",13,0,0,13,0,1E-60,0.228095372354198371443420042369827223554730318588668470106495
15,2026-09-06,"[8,infinity)",>=2,5,0,0,5,0,0,0.434482464783174761084782871525556271809021898883564142795326
15,2026-09-07,"[0,1)",<-2,6,0,5,6,0.833333333333333333333333333333333333333333333333333333333333,0.436497177813529786730157242962737082064354641683022744644003,0.969946630251693330004038053609104512478561575825778398528811
15,2026-09-07,"[0,1)","[-2,0)",21,0,7,21,0.333333333333333333333333333333333333333333333333333333333333,0.171947526050834766665725829903862253992318828113697974862945,0.546265480257447550503486485097346656207650661906118542796383
15,2026-09-07,"[0,1)","[0,2)",23,0,0,23,0,0,0.143116618450426838883472276642405084339263420435897481157223
15,2026-09-07,"[0,1)",>=2,7,0,0,7,0,0,0.354330435066687400786206839933794738607089448605187126348296
15,2026-09-07,"[1,2)",<-2,5,0,2,5,0.4,0.117620774232647912731540971445135881574723095506224918639884,0.769275718723987039485415602859975372787081284270487909919182
15,2026-09-07,"[1,2)","[-2,0)",13,0,1,13,0.0769230769230769230769230769230769230769230769230769230769231,0.013710421242556579808253714622779269798387965952631085614768,0.333139509210995888336178628920920688594076149776242235244574
15,2026-09-07,"[1,2)","[0,2)",13,0,0,13,0,1E-60,0.228095372354198371443420042369827223554730318588668470106495
15,2026-09-07,"[1,2)",>=2,3,0,0,3,0,0,0.561497031755045466784538763394810946683797969450889274137888
15,2026-09-07,"[2,4)",<-2,2,0,0,2,0,0,0.657619772493346908066213171022805867761678469589830388837810
15,2026-09-07,"[2,4)","[-2,0)",28,0,0,28,0,0,0.120643304765845633983553520438697530858973767234507701423027
15,2026-09-07,"[2,4)","[0,2)",34,0,0,34,0,0,0.101514554153323765588772493480518861287464008360250122371569
15,2026-09-07,"[2,4)",>=2,7,0,0,7,0,0,0.354330435066687400786206839933794738607089448605187126348296
15,2026-09-07,"[4,8)",<-2,7,0,0,7,0,0,0.354330435066687400786206839933794738607089448605187126348296
15,2026-09-07,"[4,8)","[-2,0)",19,0,0,19,0,0,0.168179224052616251649710921498033188457137988100478093057389
15,2026-09-07,"[4,8)","[0,2)",32,0,0,32,0,0,0.107179198255070614069630916316154767610741869081416234881527
15,2026-09-07,"[4,8)",>=2,9,0,0,9,0,0,0.299145048419544047401396624497912492455149790579105641605840
15,2026-09-07,"[8,infinity)",<-2,0,0,0,0,,,
15,2026-09-07,"[8,infinity)","[-2,0)",9,0,0,9,0,0,0.299145048419544047401396624497912492455149790579105641605840
15,2026-09-07,"[8,infinity)","[0,2)",18,0,0,18,0,0,0.175879223646657630299759265673340687198492408383498668745102
15,2026-09-07,"[8,infinity)",>=2,14,0,0,14,0,1E-60,0.215310802737635801499416731029276965760554953382265415776069
15,2026-09-08,"[0,1)",<-2,1,0,1,1,1,0.206549314377237427355313009340764864545094252061342744002356,1
15,2026-09-08,"[0,1)","[-2,0)",14,0,8,14,0.571428571428571428571428571428571428571428571428571428571429,0.325906445796507504326454765007192672790342035854246059277581,0.786192010955258809745057130560053474958150113662573167040123
15,2026-09-08,"[0,1)","[0,2)",14,0,1,14,0.0714285714285714285714285714285714285714285714285714285714286,0.012722215247890934509444161201882906109675297161938508881200,0.314687044241511181061484465394640207399371805737146133212574
15,2026-09-08,"[0,1)",>=2,5,0,0,5,0,0,0.434482464783174761084782871525556271809021898883564142795326
15,2026-09-08,"[1,2)",<-2,2,0,1,2,0.5,0.094531205734230729793326600900495328768115141516490687279156,0.905468794265769270206673399099504671231884858483509312720844
15,2026-09-08,"[1,2)","[-2,0)",13,0,0,13,0,1E-60,0.228095372354198371443420042369827223554730318588668470106495
15,2026-09-08,"[1,2)","[0,2)",14,0,0,14,0,1E-60,0.215310802737635801499416731029276965760554953382265415776069
15,2026-09-08,"[1,2)",>=2,3,0,0,3,0,0,0.561497031755045466784538763394810946683797969450889274137888
15,2026-09-08,"[2,4)",<-2,4,0,1,4,0.25,0.045587260809700566421210903550181973719959137374694927176083,0.699358157417598084435057391376053549510099795959932137549015
15,2026-09-08,"[2,4)","[-2,0)",14,0,0,14,0,1E-60,0.215310802737635801499416731029276965760554953382265415776069
15,2026-09-08,"[2,4)","[0,2)",16,0,0,16,0,0,0.193607680534436484397123030315166534447518308110879063675717
15,2026-09-08,"[2,4)",>=2,6,0,0,6,0,0,0.390334287902165324898707055142237608185625673736798285240772
15,2026-09-08,"[4,8)",<-2,7,0,0,7,0,0,0.354330435066687400786206839933794738607089448605187126348296
15,2026-09-08,"[4,8)","[-2,0)",27,0,0,27,0,1E-61,0.124555029741867063560897531223174706536906133650947916372170
15,2026-09-08,"[4,8)","[0,2)",41,0,0,41,0,0,0.0856675701844318594351844311280687423499582709533817091149619
15,2026-09-08,"[4,8)",>=2,14,0,0,14,0,1E-60,0.215310802737635801499416731029276965760554953382265415776069
15,2026-09-08,"[8,infinity)",<-2,14,0,0,14,0,1E-60,0.215310802737635801499416731029276965760554953382265415776069
15,2026-09-08,"[8,infinity)","[-2,0)",10,0,0,10,0,0,0.277532799862889204526030927043294338473666863904268179277910
15,2026-09-08,"[8,infinity)","[0,2)",38,0,0,38,0,1E-61,0.0918098682255839546063730448500120445729383741592083301937471
15,2026-09-08,"[8,infinity)",>=2,11,0,0,11,0,0,0.258832966968031690622885270690496860752291234813264358589584
15,2026-09-09,"[0,1)",<-2,6,0,5,6,0.833333333333333333333333333333333333333333333333333333333333,0.436497177813529786730157242962737082064354641683022744644003,0.969946630251693330004038053609104512478561575825778398528811
15,2026-09-09,"[0,1)","[-2,0)",7,0,5,7,0.714285714285714285714285714285714285714285714285714285714286,0.358934451832619308467445818087655348393652408447444242747635,0.917781075995943234052751250512146906489023542150332703103099
15,2026-09-09,"[0,1)","[0,2)",10,0,1,10,0.1,0.017876213095072907017716328005121013219916667655301041770911,0.404150026795238456603108413629514457559016823468113501651417
15,2026-09-09,"[0,1)",>=2,5,0,0,5,0,0,0.434482464783174761084782871525556271809021898883564142795326
15,2026-09-09,"[1,2)",<-2,3,0,1,3,0.333333333333333333333333333333333333333333333333333333333333,0.061491944720396241873444442939187390780210775328990142673567,0.792340399197952247054735144859082924781055214487972948705729
15,2026-09-09,"[1,2)","[-2,0)",8,0,0,8,0,0,0.324407564883880212890280277144521794238395570390205804016566
15,2026-09-09,"[1,2)","[0,2)",8,0,1,8,0.125,0.022417491450056672799680864765156704300662439077102905272333,0.470888182212853486868029343093234641378134238715551447740093
15,2026-09-09,"[1,2)",>=2,5,0,0,5,0,0,0.434482464783174761084782871525556271809021898883564142795326
15,2026-09-09,"[2,4)",<-2,5,0,0,5,0,0,0.434482464783174761084782871525556271809021898883564142795326
15,2026-09-09,"[2,4)","[-2,0)",21,0,0,21,0,0,0.154639018924846951507636945003626730599908470059449552977985
15,2026-09-09,"[2,4)","[0,2)",17,0,0,17,0,0,0.184318135008851803742656742183482675848991885361038668946270
15,2026-09-09,"[2,4)",>=2,6,0,0,6,0,0,0.390334287902165324898707055142237608185625673736798285240772
15,2026-09-09,"[4,8)",<-2,3,0,0,3,0,0,0.561497031755045466784538763394810946683797969450889274137888
15,2026-09-09,"[4,8)","[-2,0)",28,0,0,28,0,0,0.120643304765845633983553520438697530858973767234507701423027
15,2026-09-09,"[4,8)","[0,2)",28,0,0,28,0,0,0.120643304765845633983553520438697530858973767234507701423027
15,2026-09-09,"[4,8)",>=2,11,0,0,11,0,0,0.258832966968031690622885270690496860752291234813264358589584
15,2026-09-09,"[8,infinity)",<-2,14,0,0,14,0,1E-60,0.215310802737635801499416731029276965760554953382265415776069
15,2026-09-09,"[8,infinity)","[-2,0)",13,0,0,13,0,1E-60,0.228095372354198371443420042369827223554730318588668470106495
15,2026-09-09,"[8,infinity)","[0,2)",24,0,0,24,0,0,0.137976204674980184720288987191152453368712544577434277225593
15,2026-09-09,"[8,infinity)",>=2,24,0,0,24,0,0,0.137976204674980184720288987191152453368712544577434277225593
15,2026-09-10,"[0,1)",<-2,1,0,1,1,1,0.206549314377237427355313009340764864545094252061342744002356,1
15,2026-09-10,"[0,1)","[-2,0)",14,0,4,14,0.285714285714285714285714285714285714285714285714285714285714,0.117213786445769208141222800557781432933232152290618529649279,0.546490843298931849644241512740480123821291399158923791397607
15,2026-09-10,"[0,1)","[0,2)",17,0,1,17,0.0588235294117647058823529411764705882352941176470588235294118,0.010460400984997586936532462901059298475354490139491428714097,0.269820306375754004601105839025543062567873644002601514473789
15,2026-09-10,"[0,1)",>=2,1,0,0,1,0,0,0.793450685622762572644686990659235135454905747938657255997644
15,2026-09-10,"[1,2)",<-2,2,0,1,2,0.5,0.094531205734230729793326600900495328768115141516490687279156,0.905468794265769270206673399099504671231884858483509312720844
15,2026-09-10,"[1,2)","[-2,0)",4,0,0,4,0,0,0.489890836454597301712536589852471046460117866669254129450196
15,2026-09-10,"[1,2)","[0,2)",11,0,0,11,0,0,0.258832966968031690622885270690496860752291234813264358589584
15,2026-09-10,"[1,2)",>=2,3,0,0,3,0,0,0.561497031755045466784538763394810946683797969450889274137888
15,2026-09-10,"[2,4)",<-2,8,0,0,8,0,0,0.324407564883880212890280277144521794238395570390205804016566
15,2026-09-10,"[2,4)","[-2,0)",11,0,0,11,0,0,0.258832966968031690622885270690496860752291234813264358589584
15,2026-09-10,"[2,4)","[0,2)",22,0,0,22,0,0,0.148654874608620875261529651123205956231015521669584153863614
15,2026-09-10,"[2,4)",>=2,4,0,0,4,0,0,0.489890836454597301712536589852471046460117866669254129450196
15,2026-09-10,"[4,8)",<-2,4,0,0,4,0,0,0.489890836454597301712536589852471046460117866669254129450196
15,2026-09-10,"[4,8)","[-2,0)",20,0,0,20,0,0,0.161125158052819354664367409458698834644472493370427941636724
15,2026-09-10,"[4,8)","[0,2)",33,0,0,33,0,0,0.104269997542452055904110156546589646564609266108543906361983
15,2026-09-10,"[4,8)",>=2,15,0,0,15,0,0,0.203883301035848588906113525033002846962414143120117784623588
15,2026-09-10,"[8,infinity)",<-2,18,0,0,18,0,0,0.175879223646657630299759265673340687198492408383498668745102
15,2026-09-10,"[8,infinity)","[-2,0)",29,0,0,29,0,0,0.116969798499740742321570618566042766673886847202390383923475
15,2026-09-10,"[8,infinity)","[0,2)",24,0,0,24,0,0,0.137976204674980184720288987191152453368712544577434277225593
15,2026-09-10,"[8,infinity)",>=2,26,0,0,26,0,0,0.128728921859215295149407654933370962769244819176962274963284
15,2026-09-11,"[0,1)",<-2,2,0,1,2,0.5,0.094531205734230729793326600900495328768115141516490687279156,0.905468794265769270206673399099504671231884858483509312720844
15,2026-09-11,"[0,1)","[-2,0)",16,0,6,16,0.375,0.184812325588636338717151440003495893824868698406163227915553,0.613589594544972782382129317575295739787010878621556538003377
15,2026-09-11,"[0,1)","[0,2)",14,0,0,14,0,1E-60,0.215310802737635801499416731029276965760554953382265415776069
15,2026-09-11,"[0,1)",>=2,2,0,0,2,0,0,0.657619772493346908066213171022805867761678469589830388837810
15,2026-09-11,"[1,2)",<-2,2,0,0,2,0,0,0.657619772493346908066213171022805867761678469589830388837810
15,2026-09-11,"[1,2)","[-2,0)",13,0,0,13,0,1E-60,0.228095372354198371443420042369827223554730318588668470106495
15,2026-09-11,"[1,2)","[0,2)",8,0,0,8,0,0,0.324407564883880212890280277144521794238395570390205804016566
15,2026-09-11,"[1,2)",>=2,8,0,0,8,0,0,0.324407564883880212890280277144521794238395570390205804016566
15,2026-09-11,"[2,4)",<-2,3,0,1,3,0.333333333333333333333333333333333333333333333333333333333333,0.061491944720396241873444442939187390780210775328990142673567,0.792340399197952247054735144859082924781055214487972948705729
15,2026-09-11,"[2,4)","[-2,0)",19,0,0,19,0,0,0.168179224052616251649710921498033188457137988100478093057389
15,2026-09-11,"[2,4)","[0,2)",19,0,0,19,0,0,0.168179224052616251649710921498033188457137988100478093057389
15,2026-09-11,"[2,4)",>=2,9,0,0,9,0,0,0.299145048419544047401396624497912492455149790579105641605840
15,2026-09-11,"[4,8)",<-2,8,0,0,8,0,0,0.324407564883880212890280277144521794238395570390205804016566
15,2026-09-11,"[4,8)","[-2,0)",23,0,0,23,0,0,0.143116618450426838883472276642405084339263420435897481157223
15,2026-09-11,"[4,8)","[0,2)",31,0,0,31,0,0,0.110255395460435947523151756013484623904252359343767063579533
15,2026-09-11,"[4,8)",>=2,10,0,0,10,0,0,0.277532799862889204526030927043294338473666863904268179277910
15,2026-09-11,"[8,infinity)",<-2,16,0,0,16,0,0,0.193607680534436484397123030315166534447518308110879063675717
15,2026-09-11,"[8,infinity)","[-2,0)",21,0,0,21,0,0,0.154639018924846951507636945003626730599908470059449552977985
15,2026-09-11,"[8,infinity)","[0,2)",29,0,0,29,0,0,0.116969798499740742321570618566042766673886847202390383923475
15,2026-09-11,"[8,infinity)",>=2,25,0,0,25,0,0,0.133192250939048476302451276015897355794721028940851862306375
15,2026-09-12,"[0,1)",<-2,1,0,1,1,1,0.206549314377237427355313009340764864545094252061342744002356,1
15,2026-09-12,"[0,1)","[-2,0)",38,0,10,38,0.263157894736842105263157894736842105263157894736842105263158,0.149716212547981398174193023410382907677669562488543595310532,0.420088461874663632955141576781728060804248614744765613728612
15,2026-09-12,"[0,1)","[0,2)",41,0,0,41,0,0,0.0856675701844318594351844311280687423499582709533817091149619
15,2026-09-12,"[0,1)",>=2,1,0,0,1,0,0,0.793450685622762572644686990659235135454905747938657255997644
15,2026-09-12,"[1,2)",<-2,3,0,1,3,0.333333333333333333333333333333333333333333333333333333333333,0.061491944720396241873444442939187390780210775328990142673567,0.792340399197952247054735144859082924781055214487972948705729
15,2026-09-12,"[1,2)","[-2,0)",17,0,0,17,0,0,0.184318135008851803742656742183482675848991885361038668946270
15,2026-09-12,"[1,2)","[0,2)",37,0,0,37,0,0,0.0940578258372024807966737008331431353361241242445789105818134
15,2026-09-12,"[1,2)",>=2,1,0,0,1,0,0,0.793450685622762572644686990659235135454905747938657255997644
15,2026-09-12,"[2,4)",<-2,1,0,0,1,0,0,0.793450685622762572644686990659235135454905747938657255997644
15,2026-09-12,"[2,4)","[-2,0)",29,0,0,29,0,0,0.116969798499740742321570618566042766673886847202390383923475
15,2026-09-12,"[2,4)","[0,2)",37,0,0,37,0,0,0.0940578258372024807966737008331431353361241242445789105818134
15,2026-09-12,"[2,4)",>=2,2,0,0,2,0,0,0.657619772493346908066213171022805867761678469589830388837810
15,2026-09-12,"[4,8)",<-2,3,0,0,3,0,0,0.561497031755045466784538763394810946683797969450889274137888
15,2026-09-12,"[4,8)","[-2,0)",18,0,0,18,0,0,0.175879223646657630299759265673340687198492408383498668745102
15,2026-09-12,"[4,8)","[0,2)",16,0,0,16,0,0,0.193607680534436484397123030315166534447518308110879063675717
15,2026-09-12,"[4,8)",>=2,0,0,0,0,,,
15,2026-09-12,"[8,infinity)",<-2,0,0,0,0,,,
15,2026-09-12,"[8,infinity)","[-2,0)",1,0,0,1,0,0,0.793450685622762572644686990659235135454905747938657255997644
15,2026-09-12,"[8,infinity)","[0,2)",3,0,0,3,0,0,0.561497031755045466784538763394810946683797969450889274137888
15,2026-09-12,"[8,infinity)",>=2,0,0,0,0,,,
10,2026-08-16,"[0,1)",<-2,1,0,1,1,1,0.206549314377237427355313009340764864545094252061342744002356,1
10,2026-08-16,"[0,1)","[-2,0)",64,0,9,64,0.140625,0.0757857255603086040500633109105302175031858937933109699542724,0.246162817415770230385313373814973389489128300427036066586422
10,2026-08-16,"[0,1)","[0,2)",69,0,0,69,0,0,0.0527372581890517220139499189787857848418585032034563954288949
10,2026-08-16,"[0,1)",>=2,0,0,0,0,,,
10,2026-08-16,"[1,2)",<-2,1,0,0,1,0,0,0.793450685622762572644686990659235135454905747938657255997644
10,2026-08-16,"[1,2)","[-2,0)",14,0,0,14,0,1E-60,0.215310802737635801499416731029276965760554953382265415776069
10,2026-08-16,"[1,2)","[0,2)",30,0,0,30,0,0,0.113513393173968749941088969242882139187892157115904711864309
10,2026-08-16,"[1,2)",>=2,3,0,0,3,0,0,0.561497031755045466784538763394810946683797969450889274137888
10,2026-08-16,"[2,4)",<-2,0,0,0,0,,,
10,2026-08-16,"[2,4)","[-2,0)",14,0,0,14,0,1E-60,0.215310802737635801499416731029276965760554953382265415776069
10,2026-08-16,"[2,4)","[0,2)",26,0,0,26,0,0,0.128728921859215295149407654933370962769244819176962274963284
10,2026-08-16,"[2,4)",>=2,0,0,0,0,,,
10,2026-08-16,"[4,8)",<-2,1,0,0,1,0,0,0.793450685622762572644686990659235135454905747938657255997644
10,2026-08-16,"[4,8)","[-2,0)",9,0,0,9,0,0,0.299145048419544047401396624497912492455149790579105641605840
10,2026-08-16,"[4,8)","[0,2)",10,0,0,10,0,0,0.277532799862889204526030927043294338473666863904268179277910
10,2026-08-16,"[4,8)",>=2,2,0,0,2,0,0,0.657619772493346908066213171022805867761678469589830388837810
10,2026-08-16,"[8,infinity)",<-2,1,0,0,1,0,0,0.793450685622762572644686990659235135454905747938657255997644
10,2026-08-16,"[8,infinity)","[-2,0)",3,0,0,3,0,0,0.561497031755045466784538763394810946683797969450889274137888
10,2026-08-16,"[8,infinity)","[0,2)",5,0,0,5,0,0,0.434482464783174761084782871525556271809021898883564142795326
10,2026-08-16,"[8,infinity)",>=2,0,0,0,0,,,
10,2026-08-17,"[0,1)",<-2,1,0,1,1,1,0.206549314377237427355313009340764864545094252061342744002356,1
10,2026-08-17,"[0,1)","[-2,0)",19,0,4,19,0.210526315789473684210526315789473684210526315789473684210526,0.085076766329162492394245251408520388737694231196638160466287,0.433342784438141653297692650511393562474333025072059682882727
10,2026-08-17,"[0,1)","[0,2)",17,0,0,17,0,0,0.184318135008851803742656742183482675848991885361038668946270
10,2026-08-17,"[0,1)",>=2,2,0,0,2,0,0,0.657619772493346908066213171022805867761678469589830388837810
10,2026-08-17,"[1,2)",<-2,4,0,0,4,0,0,0.489890836454597301712536589852471046460117866669254129450196
10,2026-08-17,"[1,2)","[-2,0)",12,0,0,12,0,0,0.242494006655240850743536740887323444981368621780736059953412
10,2026-08-17,"[1,2)","[0,2)",17,0,0,17,0,0,0.184318135008851803742656742183482675848991885361038668946270
10,2026-08-17,"[1,2)",>=2,3,0,0,3,0,0,0.561497031755045466784538763394810946683797969450889274137888
10,2026-08-17,"[2,4)",<-2,5,0,0,5,0,0,0.434482464783174761084782871525556271809021898883564142795326
10,2026-08-17,"[2,4)","[-2,0)",24,0,0,24,0,0,0.137976204674980184720288987191152453368712544577434277225593
10,2026-08-17,"[2,4)","[0,2)",30,0,0,30,0,0,0.113513393173968749941088969242882139187892157115904711864309
10,2026-08-17,"[2,4)",>=2,6,0,0,6,0,0,0.390334287902165324898707055142237608185625673736798285240772
10,2026-08-17,"[4,8)",<-2,6,0,0,6,0,0,0.390334287902165324898707055142237608185625673736798285240772
10,2026-08-17,"[4,8)","[-2,0)",28,1,0,27,0,1E-61,0.124555029741867063560897531223174706536906133650947916372170
10,2026-08-17,"[4,8)","[0,2)",33,0,0,33,0,0,0.104269997542452055904110156546589646564609266108543906361983
10,2026-08-17,"[4,8)",>=2,4,0,0,4,0,0,0.489890836454597301712536589852471046460117866669254129450196
10,2026-08-17,"[8,infinity)",<-2,8,0,0,8,0,0,0.324407564883880212890280277144521794238395570390205804016566
10,2026-08-17,"[8,infinity)","[-2,0)",16,0,0,16,0,0,0.193607680534436484397123030315166534447518308110879063675717
10,2026-08-17,"[8,infinity)","[0,2)",23,0,0,23,0,0,0.143116618450426838883472276642405084339263420435897481157223
10,2026-08-17,"[8,infinity)",>=2,11,0,0,11,0,0,0.258832966968031690622885270690496860752291234813264358589584
10,2026-08-18,"[0,1)",<-2,4,0,4,4,1,0.510109163545402698287463410147528953539882133330745870549804,1
10,2026-08-18,"[0,1)","[-2,0)",18,0,2,18,0.111111111111111111111111111111111111111111111111111111111111,0.031019522645612380930110888542323719415287261322063555502170,0.327997651301787998191924095870274592850206834087324297966242
10,2026-08-18,"[0,1)","[0,2)",13,0,0,13,0,1E-60,0.228095372354198371443420042369827223554730318588668470106495
10,2026-08-18,"[0,1)",>=2,1,0,0,1,0,0,0.793450685622762572644686990659235135454905747938657255997644
10,2026-08-18,"[1,2)",<-2,0,0,0,0,,,
10,2026-08-18,"[1,2)","[-2,0)",27,0,0,27,0,1E-61,0.124555029741867063560897531223174706536906133650947916372170
10,2026-08-18,"[1,2)","[0,2)",21,0,0,21,0,0,0.154639018924846951507636945003626730599908470059449552977985
10,2026-08-18,"[1,2)",>=2,0,0,0,0,,,
10,2026-08-18,"[2,4)",<-2,4,0,0,4,0,0,0.489890836454597301712536589852471046460117866669254129450196
10,2026-08-18,"[2,4)","[-2,0)",31,0,0,31,0,0,0.110255395460435947523151756013484623904252359343767063579533
10,2026-08-18,"[2,4)","[0,2)",33,0,0,33,0,0,0.104269997542452055904110156546589646564609266108543906361983
10,2026-08-18,"[2,4)",>=2,3,0,0,3,0,0,0.561497031755045466784538763394810946683797969450889274137888
10,2026-08-18,"[4,8)",<-2,4,0,0,4,0,0,0.489890836454597301712536589852471046460117866669254129450196
10,2026-08-18,"[4,8)","[-2,0)",31,0,0,31,0,0,0.110255395460435947523151756013484623904252359343767063579533
10,2026-08-18,"[4,8)","[0,2)",36,0,0,36,0,0,0.0964186285944636615382445947927992309228324969090787481472514
10,2026-08-18,"[4,8)",>=2,6,0,0,6,0,0,0.390334287902165324898707055142237608185625673736798285240772
10,2026-08-18,"[8,infinity)",<-2,3,0,0,3,0,0,0.561497031755045466784538763394810946683797969450889274137888
10,2026-08-18,"[8,infinity)","[-2,0)",11,0,0,11,0,0,0.258832966968031690622885270690496860752291234813264358589584
10,2026-08-18,"[8,infinity)","[0,2)",7,0,0,7,0,0,0.354330435066687400786206839933794738607089448605187126348296
10,2026-08-18,"[8,infinity)",>=2,6,0,0,6,0,0,0.390334287902165324898707055142237608185625673736798285240772
10,2026-08-19,"[0,1)",<-2,3,0,2,3,0.666666666666666666666666666666666666666666666666666666666667,0.207659600802047752945264855140917075218944785512027051294273,0.938508055279603758126555557060812609219789224671009857326435
10,2026-08-19,"[0,1)","[-2,0)",13,0,3,13,0.230769230769230769230769230769230769230769230769230769230769,0.081795287184985631736579088284239642563328711695549236007848,0.502563759467275029809877857607205785504602998313733786357190
10,2026-08-19,"[0,1)","[0,2)",13,0,0,13,0,1E-60,0.228095372354198371443420042369827223554730318588668470106495
10,2026-08-19,"[0,1)",>=2,3,0,0,3,0,0,0.561497031755045466784538763394810946683797969450889274137888
10,2026-08-19,"[1,2)",<-2,2,0,0,2,0,0,0.657619772493346908066213171022805867761678469589830388837810
10,2026-08-19,"[1,2)","[-2,0)",21,0,0,21,0,0,0.154639018924846951507636945003626730599908470059449552977985
10,2026-08-19,"[1,2)","[0,2)",12,0,0,12,0,0,0.242494006655240850743536740887323444981368621780736059953412
10,2026-08-19,"[1,2)",>=2,3,0,0,3,0,0,0.561497031755045466784538763394810946683797969450889274137888
10,2026-08-19,"[2,4)",<-2,5,0,0,5,0,0,0.434482464783174761084782871525556271809021898883564142795326
10,2026-08-19,"[2,4)","[-2,0)",21,0,0,21,0,0,0.154639018924846951507636945003626730599908470059449552977985
10,2026-08-19,"[2,4)","[0,2)",27,0,0,27,0,1E-61,0.124555029741867063560897531223174706536906133650947916372170
10,2026-08-19,"[2,4)",>=2,4,0,0,4,0,0,0.489890836454597301712536589852471046460117866669254129450196
10,2026-08-19,"[4,8)",<-2,7,0,0,7,0,0,0.354330435066687400786206839933794738607089448605187126348296
10,2026-08-19,"[4,8)","[-2,0)",11,0,0,11,0,0,0.258832966968031690622885270690496860752291234813264358589584
10,2026-08-19,"[4,8)","[0,2)",23,0,0,23,0,0,0.143116618450426838883472276642405084339263420435897481157223
10,2026-08-19,"[4,8)",>=2,9,0,0,9,0,0,0.299145048419544047401396624497912492455149790579105641605840
10,2026-08-19,"[8,infinity)",<-2,16,0,0,16,0,0,0.193607680534436484397123030315166534447518308110879063675717
10,2026-08-19,"[8,infinity)","[-2,0)",19,0,0,19,0,0,0.168179224052616251649710921498033188457137988100478093057389
10,2026-08-19,"[8,infinity)","[0,2)",18,0,0,18,0,0,0.175879223646657630299759265673340687198492408383498668745102
10,2026-08-19,"[8,infinity)",>=2,28,0,0,28,0,0,0.120643304765845633983553520438697530858973767234507701423027
10,2026-08-20,"[0,1)",<-2,6,0,6,6,1,0.609665712097834675101292944857762391814374326263201714759228,1
10,2026-08-20,"[0,1)","[-2,0)",3,0,1,3,0.333333333333333333333333333333333333333333333333333333333333,0.061491944720396241873444442939187390780210775328990142673567,0.792340399197952247054735144859082924781055214487972948705729
10,2026-08-20,"[0,1)","[0,2)",8,1,0,7,0,0,0.354330435066687400786206839933794738607089448605187126348296
10,2026-08-20,"[0,1)",>=2,5,0,1,5,0.2,0.036224108632430171022883644562917213075316655041469013721231,0.624465370237474685627986078352416550010096484288669471955965
10,2026-08-20,"[1,2)",<-2,4,0,2,4,0.5,0.150038989152149514156900362816506811250894777823785469987184,0.849961010847850485843099637183493188749105222176214530012816
10,2026-08-20,"[1,2)","[-2,0)",4,0,0,4,0,0,0.489890836454597301712536589852471046460117866669254129450196
10,2026-08-20,"[1,2)","[0,2)",7,0,0,7,0,0,0.354330435066687400786206839933794738607089448605187126348296
10,2026-08-20,"[1,2)",>=2,4,0,0,4,0,0,0.489890836454597301712536589852471046460117866669254129450196
10,2026-08-20,"[2,4)",<-2,5,1,0,4,0,0,0.489890836454597301712536589852471046460117866669254129450196
10,2026-08-20,"[2,4)","[-2,0)",6,0,0,6,0,0,0.390334287902165324898707055142237608185625673736798285240772
10,2026-08-20,"[2,4)","[0,2)",6,0,0,6,0,0,0.390334287902165324898707055142237608185625673736798285240772
10,2026-08-20,"[2,4)",>=2,8,0,0,8,0,0,0.324407564883880212890280277144521794238395570390205804016566
10,2026-08-20,"[4,8)",<-2,10,0,0,10,0,0,0.277532799862889204526030927043294338473666863904268179277910
10,2026-08-20,"[4,8)","[-2,0)",18,0,0,18,0,0,0.175879223646657630299759265673340687198492408383498668745102
10,2026-08-20,"[4,8)","[0,2)",19,1,0,18,0,0,0.175879223646657630299759265673340687198492408383498668745102
10,2026-08-20,"[4,8)",>=2,15,1,0,14,0,1E-60,0.215310802737635801499416731029276965760554953382265415776069
10,2026-08-20,"[8,infinity)",<-2,34,0,0,34,0,0,0.101514554153323765588772493480518861287464008360250122371569
10,2026-08-20,"[8,infinity)","[-2,0)",21,0,0,21,0,0,0.154639018924846951507636945003626730599908470059449552977985
10,2026-08-20,"[8,infinity)","[0,2)",33,0,0,33,0,0,0.104269997542452055904110156546589646564609266108543906361983
10,2026-08-20,"[8,infinity)",>=2,50,0,0,50,0,0,0.0713475991333587138560303648955163319305787845818625567216570
10,2026-08-21,"[0,1)",<-2,4,0,4,4,1,0.510109163545402698287463410147528953539882133330745870549804,1
10,2026-08-21,"[0,1)","[-2,0)",5,0,3,5,0.6,0.230724281276012960514584397140024627212918715729512090080818,0.882379225767352087268459028554864118425276904493775081360116
10,2026-08-21,"[0,1)","[0,2)",3,0,0,3,0,0,0.561497031755045466784538763394810946683797969450889274137888
10,2026-08-21,"[0,1)",>=2,3,0,0,3,0,0,0.561497031755045466784538763394810946683797969450889274137888
10,2026-08-21,"[1,2)",<-2,4,0,2,4,0.5,0.150038989152149514156900362816506811250894777823785469987184,0.849961010847850485843099637183493188749105222176214530012816
10,2026-08-21,"[1,2)","[-2,0)",2,0,0,2,0,0,0.657619772493346908066213171022805867761678469589830388837810
10,2026-08-21,"[1,2)","[0,2)",0,0,0,0,,,
10,2026-08-21,"[1,2)",>=2,2,1,0,1,0,0,0.793450685622762572644686990659235135454905747938657255997644
10,2026-08-21,"[2,4)",<-2,9,1,1,8,0.125,0.022417491450056672799680864765156704300662439077102905272333,0.470888182212853486868029343093234641378134238715551447740093
10,2026-08-21,"[2,4)","[-2,0)",6,0,0,6,0,0,0.390334287902165324898707055142237608185625673736798285240772
10,2026-08-21,"[2,4)","[0,2)",7,0,0,7,0,0,0.354330435066687400786206839933794738607089448605187126348296
10,2026-08-21,"[2,4)",>=2,5,0,0,5,0,0,0.434482464783174761084782871525556271809021898883564142795326
10,2026-08-21,"[4,8)",<-2,5,1,0,4,0,0,0.489890836454597301712536589852471046460117866669254129450196
10,2026-08-21,"[4,8)","[-2,0)",11,1,0,10,0,0,0.277532799862889204526030927043294338473666863904268179277910
10,2026-08-21,"[4,8)","[0,2)",9,0,0,9,0,0,0.299145048419544047401396624497912492455149790579105641605840
10,2026-08-21,"[4,8)",>=2,13,3,0,10,0,0,0.277532799862889204526030927043294338473666863904268179277910
10,2026-08-21,"[8,infinity)",<-2,45,1,0,44,0,0,0.0802956037584806626166952308778981439265432201360044951705709
10,2026-08-21,"[8,infinity)","[-2,0)",30,3,0,27,0,1E-61,0.124555029741867063560897531223174706536906133650947916372170
10,2026-08-21,"[8,infinity)","[0,2)",32,5,0,27,0,1E-61,0.124555029741867063560897531223174706536906133650947916372170
10,2026-08-21,"[8,infinity)",>=2,64,5,0,59,0,0,0.0611293705267883787274886475527909389645305107062714506721006
10,2026-08-22,"[0,1)",<-2,4,0,4,4,1,0.510109163545402698287463410147528953539882133330745870549804,1
10,2026-08-22,"[0,1)","[-2,0)",3,0,0,3,0,0,0.561497031755045466784538763394810946683797969450889274137888
10,2026-08-22,"[0,1)","[0,2)",7,0,0,7,0,0,0.354330435066687400786206839933794738607089448605187126348296
10,2026-08-22,"[0,1)",>=2,3,0,0,3,0,0,0.561497031755045466784538763394810946683797969450889274137888
10,2026-08-22,"[1,2)",<-2,4,0,2,4,0.5,0.150038989152149514156900362816506811250894777823785469987184,0.849961010847850485843099637183493188749105222176214530012816
10,2026-08-22,"[1,2)","[-2,0)",9,0,1,9,0.111111111111111111111111111111111111111111111111111111111111,0.019890887638544909123336039549747145430433888416815277180683,0.434999705576656016633305779504184793145793726478044666290525
10,2026-08-22,"[1,2)","[0,2)",10,0,0,10,0,0,0.277532799862889204526030927043294338473666863904268179277910
10,2026-08-22,"[1,2)",>=2,6,0,0,6,0,0,0.390334287902165324898707055142237608185625673736798285240772
10,2026-08-22,"[2,4)",<-2,5,0,0,5,0,0,0.434482464783174761084782871525556271809021898883564142795326
10,2026-08-22,"[2,4)","[-2,0)",15,0,0,15,0,0,0.203883301035848588906113525033002846962414143120117784623588
10,2026-08-22,"[2,4)","[0,2)",17,0,0,17,0,0,0.184318135008851803742656742183482675848991885361038668946270
10,2026-08-22,"[2,4)",>=2,7,0,0,7,0,0,0.354330435066687400786206839933794738607089448605187126348296
10,2026-08-22,"[4,8)",<-2,10,0,0,10,0,0,0.277532799862889204526030927043294338473666863904268179277910
10,2026-08-22,"[4,8)","[-2,0)",21,0,0,21,0,0,0.154639018924846951507636945003626730599908470059449552977985
10,2026-08-22,"[4,8)","[0,2)",27,0,0,27,0,1E-61,0.124555029741867063560897531223174706536906133650947916372170
10,2026-08-22,"[4,8)",>=2,16,0,0,16,0,0,0.193607680534436484397123030315166534447518308110879063675717
10,2026-08-22,"[8,infinity)",<-2,25,0,0,25,0,0,0.133192250939048476302451276015897355794721028940851862306375
10,2026-08-22,"[8,infinity)","[-2,0)",21,0,0,21,0,0,0.154639018924846951507636945003626730599908470059449552977985
10,2026-08-22,"[8,infinity)","[0,2)",31,0,0,31,0,0,0.110255395460435947523151756013484623904252359343767063579533
10,2026-08-22,"[8,infinity)",>=2,27,0,0,27,0,1E-61,0.124555029741867063560897531223174706536906133650947916372170
10,2026-08-23,"[0,1)",<-2,2,0,1,2,0.5,0.094531205734230729793326600900495328768115141516490687279156,0.905468794265769270206673399099504671231884858483509312720844
10,2026-08-23,"[0,1)","[-2,0)",9,0,2,9,0.222222222222222222222222222222222222222222222222222222222222,0.063225107117846725567422770990290510071971551480097975452854,0.547411030893011078544464242619660874625333887730516269883724
10,2026-08-23,"[0,1)","[0,2)",11,0,0,11,0,0,0.258832966968031690622885270690496860752291234813264358589584
10,2026-08-23,"[0,1)",>=2,6,0,0,6,0,0,0.390334287902165324898707055142237608185625673736798285240772
10,2026-08-23,"[1,2)",<-2,1,0,0,1,0,0,0.793450685622762572644686990659235135454905747938657255997644
10,2026-08-23,"[1,2)","[-2,0)",6,0,0,6,0,0,0.390334287902165324898707055142237608185625673736798285240772
10,2026-08-23,"[1,2)","[0,2)",12,0,0,12,0,0,0.242494006655240850743536740887323444981368621780736059953412
10,2026-08-23,"[1,2)",>=2,3,0,0,3,0,0,0.561497031755045466784538763394810946683797969450889274137888
10,2026-08-23,"[2,4)",<-2,2,0,0,2,0,0,0.657619772493346908066213171022805867761678469589830388837810
10,2026-08-23,"[2,4)","[-2,0)",19,0,0,19,0,0,0.168179224052616251649710921498033188457137988100478093057389
10,2026-08-23,"[2,4)","[0,2)",22,0,0,22,0,0,0.148654874608620875261529651123205956231015521669584153863614
10,2026-08-23,"[2,4)",>=2,8,0,0,8,0,0,0.324407564883880212890280277144521794238395570390205804016566
10,2026-08-23,"[4,8)",<-2,15,0,0,15,0,0,0.203883301035848588906113525033002846962414143120117784623588
10,2026-08-23,"[4,8)","[-2,0)",24,0,0,24,0,0,0.137976204674980184720288987191152453368712544577434277225593
10,2026-08-23,"[4,8)","[0,2)",24,0,0,24,0,0,0.137976204674980184720288987191152453368712544577434277225593
10,2026-08-23,"[4,8)",>=2,9,0,0,9,0,0,0.299145048419544047401396624497912492455149790579105641605840
10,2026-08-23,"[8,infinity)",<-2,14,0,0,14,0,1E-60,0.215310802737635801499416731029276965760554953382265415776069
10,2026-08-23,"[8,infinity)","[-2,0)",31,0,0,31,0,0,0.110255395460435947523151756013484623904252359343767063579533
10,2026-08-23,"[8,infinity)","[0,2)",22,0,0,22,0,0,0.148654874608620875261529651123205956231015521669584153863614
10,2026-08-23,"[8,infinity)",>=2,25,0,0,25,0,0,0.133192250939048476302451276015897355794721028940851862306375
10,2026-08-24,"[0,1)",<-2,6,0,5,6,0.833333333333333333333333333333333333333333333333333333333333,0.436497177813529786730157242962737082064354641683022744644003,0.969946630251693330004038053609104512478561575825778398528811
10,2026-08-24,"[0,1)","[-2,0)",8,0,7,8,0.875,0.529111817787146513131970656906765358621865761284448552259907,0.977582508549943327200319135234843295699337560922897094727667
10,2026-08-24,"[0,1)","[0,2)",5,0,0,5,0,0,0.434482464783174761084782871525556271809021898883564142795326
10,2026-08-24,"[0,1)",>=2,8,0,0,8,0,0,0.324407564883880212890280277144521794238395570390205804016566
10,2026-08-24,"[1,2)",<-2,5,0,2,5,0.4,0.117620774232647912731540971445135881574723095506224918639884,0.769275718723987039485415602859975372787081284270487909919182
10,2026-08-24,"[1,2)","[-2,0)",2,0,0,2,0,0,0.657619772493346908066213171022805867761678469589830388837810
10,2026-08-24,"[1,2)","[0,2)",1,0,0,1,0,0,0.793450685622762572644686990659235135454905747938657255997644
10,2026-08-24,"[1,2)",>=2,5,0,0,5,0,0,0.434482464783174761084782871525556271809021898883564142795326
10,2026-08-24,"[2,4)",<-2,5,0,0,5,0,0,0.434482464783174761084782871525556271809021898883564142795326
10,2026-08-24,"[2,4)","[-2,0)",7,0,0,7,0,0,0.354330435066687400786206839933794738607089448605187126348296
10,2026-08-24,"[2,4)","[0,2)",17,0,0,17,0,0,0.184318135008851803742656742183482675848991885361038668946270
10,2026-08-24,"[2,4)",>=2,7,0,0,7,0,0,0.354330435066687400786206839933794738607089448605187126348296
10,2026-08-24,"[4,8)",<-2,12,0,0,12,0,0,0.242494006655240850743536740887323444981368621780736059953412
10,2026-08-24,"[4,8)","[-2,0)",19,0,0,19,0,0,0.168179224052616251649710921498033188457137988100478093057389
10,2026-08-24,"[4,8)","[0,2)",14,0,0,14,0,1E-60,0.215310802737635801499416731029276965760554953382265415776069
10,2026-08-24,"[4,8)",>=2,13,0,0,13,0,1E-60,0.228095372354198371443420042369827223554730318588668470106495
10,2026-08-24,"[8,infinity)",<-2,29,0,0,29,0,0,0.116969798499740742321570618566042766673886847202390383923475
10,2026-08-24,"[8,infinity)","[-2,0)",30,0,0,30,0,0,0.113513393173968749941088969242882139187892157115904711864309
10,2026-08-24,"[8,infinity)","[0,2)",28,0,0,28,0,0,0.120643304765845633983553520438697530858973767234507701423027
10,2026-08-24,"[8,infinity)",>=2,49,0,0,49,0,0,0.0726978192204963742294012528525381018808725247977826524358940
10,2026-08-25,"[0,1)",<-2,6,0,4,6,0.666666666666666666666666666666666666666666666666666666666667,0.299993315138392039723859213822815746224455598651117838038035,0.903228588894219518643238434463105051047002510103282733548375
10,2026-08-25,"[0,1)","[-2,0)",5,0,3,5,0.6,0.230724281276012960514584397140024627212918715729512090080818,0.882379225767352087268459028554864118425276904493775081360116
10,2026-08-25,"[0,1)","[0,2)",3,0,0,3,0,0,0.561497031755045466784538763394810946683797969450889274137888
10,2026-08-25,"[0,1)",>=2,1,0,0,1,0,0,0.793450685622762572644686990659235135454905747938657255997644
10,2026-08-25,"[1,2)",<-2,4,0,1,4,0.25,0.045587260809700566421210903550181973719959137374694927176083,0.699358157417598084435057391376053549510099795959932137549015
10,2026-08-25,"[1,2)","[-2,0)",3,0,0,3,0,0,0.561497031755045466784538763394810946683797969450889274137888
10,2026-08-25,"[1,2)","[0,2)",5,0,0,5,0,0,0.434482464783174761084782871525556271809021898883564142795326
10,2026-08-25,"[1,2)",>=2,5,0,0,5,0,0,0.434482464783174761084782871525556271809021898883564142795326
10,2026-08-25,"[2,4)",<-2,10,0,1,10,0.1,0.017876213095072907017716328005121013219916667655301041770911,0.404150026795238456603108413629514457559016823468113501651417
10,2026-08-25,"[2,4)","[-2,0)",13,0,0,13,0,1E-60,0.228095372354198371443420042369827223554730318588668470106495
10,2026-08-25,"[2,4)","[0,2)",9,0,0,9,0,0,0.299145048419544047401396624497912492455149790579105641605840
10,2026-08-25,"[2,4)",>=2,7,0,0,7,0,0,0.354330435066687400786206839933794738607089448605187126348296
10,2026-08-25,"[4,8)",<-2,15,0,0,15,0,0,0.203883301035848588906113525033002846962414143120117784623588
10,2026-08-25,"[4,8)","[-2,0)",24,0,0,24,0,0,0.137976204674980184720288987191152453368712544577434277225593
10,2026-08-25,"[4,8)","[0,2)",12,0,0,12,0,0,0.242494006655240850743536740887323444981368621780736059953412
10,2026-08-25,"[4,8)",>=2,13,0,0,13,0,1E-60,0.228095372354198371443420042369827223554730318588668470106495
10,2026-08-25,"[8,infinity)",<-2,34,0,0,34,0,0,0.101514554153323765588772493480518861287464008360250122371569
10,2026-08-25,"[8,infinity)","[-2,0)",28,0,0,28,0,0,0.120643304765845633983553520438697530858973767234507701423027
10,2026-08-25,"[8,infinity)","[0,2)",31,0,0,31,0,0,0.110255395460435947523151756013484623904252359343767063579533
10,2026-08-25,"[8,infinity)",>=2,47,0,0,47,0,0,0.0755576041639963038825695812256625050553254265806214850274608
10,2026-08-26,"[0,1)",<-2,6,0,4,6,0.666666666666666666666666666666666666666666666666666666666667,0.299993315138392039723859213822815746224455598651117838038035,0.903228588894219518643238434463105051047002510103282733548375
10,2026-08-26,"[0,1)","[-2,0)",6,0,2,6,0.333333333333333333333333333333333333333333333333333333333333,0.096771411105780481356761565536894948952997489896717266451625,0.700006684861607960276140786177184253775544401348882161961965
10,2026-08-26,"[0,1)","[0,2)",6,0,0,6,0,0,0.390334287902165324898707055142237608185625673736798285240772
10,2026-08-26,"[0,1)",>=2,3,0,0,3,0,0,0.561497031755045466784538763394810946683797969450889274137888
10,2026-08-26,"[1,2)",<-2,3,0,0,3,0,0,0.561497031755045466784538763394810946683797969450889274137888
10,2026-08-26,"[1,2)","[-2,0)",5,0,0,5,0,0,0.434482464783174761084782871525556271809021898883564142795326
10,2026-08-26,"[1,2)","[0,2)",6,0,0,6,0,0,0.390334287902165324898707055142237608185625673736798285240772
10,2026-08-26,"[1,2)",>=2,4,0,0,4,0,0,0.489890836454597301712536589852471046460117866669254129450196
10,2026-08-26,"[2,4)",<-2,8,0,0,8,0,0,0.324407564883880212890280277144521794238395570390205804016566
10,2026-08-26,"[2,4)","[-2,0)",12,0,0,12,0,0,0.242494006655240850743536740887323444981368621780736059953412
10,2026-08-26,"[2,4)","[0,2)",22,0,0,22,0,0,0.148654874608620875261529651123205956231015521669584153863614
10,2026-08-26,"[2,4)",>=2,5,0,0,5,0,0,0.434482464783174761084782871525556271809021898883564142795326
10,2026-08-26,"[4,8)",<-2,13,0,0,13,0,1E-60,0.228095372354198371443420042369827223554730318588668470106495
10,2026-08-26,"[4,8)","[-2,0)",26,0,0,26,0,0,0.128728921859215295149407654933370962769244819176962274963284
10,2026-08-26,"[4,8)","[0,2)",32,0,0,32,0,0,0.107179198255070614069630916316154767610741869081416234881527
10,2026-08-26,"[4,8)",>=2,15,0,0,15,0,0,0.203883301035848588906113525033002846962414143120117784623588
10,2026-08-26,"[8,infinity)",<-2,13,0,0,13,0,1E-60,0.228095372354198371443420042369827223554730318588668470106495
10,2026-08-26,"[8,infinity)","[-2,0)",35,0,0,35,0,0,0.0989009923244040343269259218648434359116695776673122585987557
10,2026-08-26,"[8,infinity)","[0,2)",18,0,0,18,0,0,0.175879223646657630299759265673340687198492408383498668745102
10,2026-08-26,"[8,infinity)",>=2,34,0,0,34,0,0,0.101514554153323765588772493480518861287464008360250122371569
10,2026-08-27,"[0,1)",<-2,2,0,1,2,0.5,0.094531205734230729793326600900495328768115141516490687279156,0.905468794265769270206673399099504671231884858483509312720844
10,2026-08-27,"[0,1)","[-2,0)",11,0,4,11,0.363636363636363636363636363636363636363636363636363636363636,0.151664710953675735823076310869293598159801899314499705495715,0.646198825492151088892256035682660091136277528361845119574169
10,2026-08-27,"[0,1)","[0,2)",7,0,0,7,0,0,0.354330435066687400786206839933794738607089448605187126348296
10,2026-08-27,"[0,1)",>=2,2,0,0,2,0,0,0.657619772493346908066213171022805867761678469589830388837810
10,2026-08-27,"[1,2)",<-2,4,0,1,4,0.25,0.045587260809700566421210903550181973719959137374694927176083,0.699358157417598084435057391376053549510099795959932137549015
10,2026-08-27,"[1,2)","[-2,0)",7,0,0,7,0,0,0.354330435066687400786206839933794738607089448605187126348296
10,2026-08-27,"[1,2)","[0,2)",8,0,0,8,0,0,0.324407564883880212890280277144521794238395570390205804016566
10,2026-08-27,"[1,2)",>=2,2,0,0,2,0,0,0.657619772493346908066213171022805867761678469589830388837810
10,2026-08-27,"[2,4)",<-2,4,0,0,4,0,0,0.489890836454597301712536589852471046460117866669254129450196
10,2026-08-27,"[2,4)","[-2,0)",18,0,0,18,0,0,0.175879223646657630299759265673340687198492408383498668745102
10,2026-08-27,"[2,4)","[0,2)",17,0,0,17,0,0,0.184318135008851803742656742183482675848991885361038668946270
10,2026-08-27,"[2,4)",>=2,14,0,0,14,0,1E-60,0.215310802737635801499416731029276965760554953382265415776069
10,2026-08-27,"[4,8)",<-2,15,0,0,15,0,0,0.203883301035848588906113525033002846962414143120117784623588
10,2026-08-27,"[4,8)","[-2,0)",20,0,0,20,0,0,0.161125158052819354664367409458698834644472493370427941636724
10,2026-08-27,"[4,8)","[0,2)",19,0,0,19,0,0,0.168179224052616251649710921498033188457137988100478093057389
10,2026-08-27,"[4,8)",>=2,16,0,0,16,0,0,0.193607680534436484397123030315166534447518308110879063675717
10,2026-08-27,"[8,infinity)",<-2,20,0,0,20,0,0,0.161125158052819354664367409458698834644472493370427941636724
10,2026-08-27,"[8,infinity)","[-2,0)",22,0,0,22,0,0,0.148654874608620875261529651123205956231015521669584153863614
10,2026-08-27,"[8,infinity)","[0,2)",33,0,0,33,0,0,0.104269997542452055904110156546589646564609266108543906361983
10,2026-08-27,"[8,infinity)",>=2,29,0,0,29,0,0,0.116969798499740742321570618566042766673886847202390383923475
10,2026-08-28,"[0,1)",<-2,3,0,1,3,0.333333333333333333333333333333333333333333333333333333333333,0.061491944720396241873444442939187390780210775328990142673567,0.792340399197952247054735144859082924781055214487972948705729
10,2026-08-28,"[0,1)","[-2,0)",8,0,2,8,0.25,0.071479212752109018118065833441354725591654990944167339215003,0.590724569689831088327074305130906171527542794250935562793281
10,2026-08-28,"[0,1)","[0,2)",11,0,0,11,0,0,0.258832966968031690622885270690496860752291234813264358589584
10,2026-08-28,"[0,1)",>=2,1,0,0,1,0,0,0.793450685622762572644686990659235135454905747938657255997644
10,2026-08-28,"[1,2)",<-2,4,0,1,4,0.25,0.045587260809700566421210903550181973719959137374694927176083,0.699358157417598084435057391376053549510099795959932137549015
10,2026-08-28,"[1,2)","[-2,0)",13,0,0,13,0,1E-60,0.228095372354198371443420042369827223554730318588668470106495
10,2026-08-28,"[1,2)","[0,2)",8,0,0,8,0,0,0.324407564883880212890280277144521794238395570390205804016566
10,2026-08-28,"[1,2)",>=2,3,0,0,3,0,0,0.561497031755045466784538763394810946683797969450889274137888
10,2026-08-28,"[2,4)",<-2,5,0,0,5,0,0,0.434482464783174761084782871525556271809021898883564142795326
10,2026-08-28,"[2,4)","[-2,0)",16,0,0,16,0,0,0.193607680534436484397123030315166534447518308110879063675717
10,2026-08-28,"[2,4)","[0,2)",14,0,0,14,0,1E-60,0.215310802737635801499416731029276965760554953382265415776069
10,2026-08-28,"[2,4)",>=2,5,0,0,5,0,0,0.434482464783174761084782871525556271809021898883564142795326
10,2026-08-28,"[4,8)",<-2,10,0,0,10,0,0,0.277532799862889204526030927043294338473666863904268179277910
10,2026-08-28,"[4,8)","[-2,0)",16,0,0,16,0,0,0.193607680534436484397123030315166534447518308110879063675717
10,2026-08-28,"[4,8)","[0,2)",23,0,0,23,0,0,0.143116618450426838883472276642405084339263420435897481157223
10,2026-08-28,"[4,8)",>=2,8,0,0,8,0,0,0.324407564883880212890280277144521794238395570390205804016566
10,2026-08-28,"[8,infinity)",<-2,29,0,0,29,0,0,0.116969798499740742321570618566042766673886847202390383923475
10,2026-08-28,"[8,infinity)","[-2,0)",25,0,0,25,0,0,0.133192250939048476302451276015897355794721028940851862306375
10,2026-08-28,"[8,infinity)","[0,2)",40,0,0,40,0,0,0.0876216011972866346356086872023508038951983377213078295861324
10,2026-08-28,"[8,infinity)",>=2,26,0,0,26,0,0,0.128728921859215295149407654933370962769244819176962274963284
10,2026-08-29,"[0,1)",<-2,3,0,3,3,1,0.438502968244954533215461236605189053316202030549110725862112,1
10,2026-08-29,"[0,1)","[-2,0)",19,0,4,19,0.210526315789473684210526315789473684210526315789473684210526,0.085076766329162492394245251408520388737694231196638160466287,0.433342784438141653297692650511393562474333025072059682882727
10,2026-08-29,"[0,1)","[0,2)",22,0,0,22,0,0,0.148654874608620875261529651123205956231015521669584153863614
10,2026-08-29,"[0,1)",>=2,4,0,0,4,0,0,0.489890836454597301712536589852471046460117866669254129450196
10,2026-08-29,"[1,2)",<-2,2,0,0,2,0,0,0.657619772493346908066213171022805867761678469589830388837810
10,2026-08-29,"[1,2)","[-2,0)",19,0,0,19,0,0,0.168179224052616251649710921498033188457137988100478093057389
10,2026-08-29,"[1,2)","[0,2)",24,0,0,24,0,0,0.137976204674980184720288987191152453368712544577434277225593
10,2026-08-29,"[1,2)",>=2,3,0,0,3,0,0,0.561497031755045466784538763394810946683797969450889274137888
10,2026-08-29,"[2,4)",<-2,0,0,0,0,,,
10,2026-08-29,"[2,4)","[-2,0)",31,0,0,31,0,0,0.110255395460435947523151756013484623904252359343767063579533
10,2026-08-29,"[2,4)","[0,2)",36,0,0,36,0,0,0.0964186285944636615382445947927992309228324969090787481472514
10,2026-08-29,"[2,4)",>=2,5,0,0,5,0,0,0.434482464783174761084782871525556271809021898883564142795326
10,2026-08-29,"[4,8)",<-2,4,0,0,4,0,0,0.489890836454597301712536589852471046460117866669254129450196
10,2026-08-29,"[4,8)","[-2,0)",25,0,0,25,0,0,0.133192250939048476302451276015897355794721028940851862306375
10,2026-08-29,"[4,8)","[0,2)",42,0,0,42,0,1E-61,0.0837987908657039155820891979759801121544070253800093089929563
10,2026-08-29,"[4,8)",>=2,6,0,0,6,0,0,0.390334287902165324898707055142237608185625673736798285240772
10,2026-08-29,"[8,infinity)",<-2,2,0,0,2,0,0,0.657619772493346908066213171022805867761678469589830388837810
10,2026-08-29,"[8,infinity)","[-2,0)",8,0,0,8,0,0,0.324407564883880212890280277144521794238395570390205804016566
10,2026-08-29,"[8,infinity)","[0,2)",13,0,0,13,0,1E-60,0.228095372354198371443420042369827223554730318588668470106495
10,2026-08-29,"[8,infinity)",>=2,1,0,0,1,0,0,0.793450685622762572644686990659235135454905747938657255997644
10,2026-08-30,"[0,1)",<-2,3,0,3,3,1,0.438502968244954533215461236605189053316202030549110725862112,1
10,2026-08-30,"[0,1)","[-2,0)",21,0,1,21,0.0476190476190476190476190476190476190476190476190476190476190,0.008455987809826386088833643724683707809443898871529123314198,0.226693600741225617656171211278597619876187574039401424618264
10,2026-08-30,"[0,1)","[0,2)",19,0,0,19,0,0,0.168179224052616251649710921498033188457137988100478093057389
10,2026-08-30,"[0,1)",>=2,2,0,0,2,0,0,0.657619772493346908066213171022805867761678469589830388837810
10,2026-08-30,"[1,2)",<-2,1,0,0,1,0,0,0.793450685622762572644686990659235135454905747938657255997644
10,2026-08-30,"[1,2)","[-2,0)",15,0,0,15,0,0,0.203883301035848588906113525033002846962414143120117784623588
10,2026-08-30,"[1,2)","[0,2)",18,0,0,18,0,0,0.175879223646657630299759265673340687198492408383498668745102
10,2026-08-30,"[1,2)",>=2,1,0,0,1,0,0,0.793450685622762572644686990659235135454905747938657255997644
10,2026-08-30,"[2,4)",<-2,6,0,0,6,0,0,0.390334287902165324898707055142237608185625673736798285240772
10,2026-08-30,"[2,4)","[-2,0)",23,0,0,23,0,0,0.143116618450426838883472276642405084339263420435897481157223
10,2026-08-30,"[2,4)","[0,2)",39,0,0,39,0,0,0.0896668537075714133476580181364055496168425388921970053236772
10,2026-08-30,"[2,4)",>=2,3,0,0,3,0,0,0.561497031755045466784538763394810946683797969450889274137888
10,2026-08-30,"[4,8)",<-2,6,0,0,6,0,0,0.390334287902165324898707055142237608185625673736798285240772
10,2026-08-30,"[4,8)","[-2,0)",29,0,0,29,0,0,0.116969798499740742321570618566042766673886847202390383923475
10,2026-08-30,"[4,8)","[0,2)",26,0,0,26,0,0,0.128728921859215295149407654933370962769244819176962274963284
10,2026-08-30,"[4,8)",>=2,7,0,0,7,0,0,0.354330435066687400786206839933794738607089448605187126348296
10,2026-08-30,"[8,infinity)",<-2,7,0,0,7,0,0,0.354330435066687400786206839933794738607089448605187126348296
10,2026-08-30,"[8,infinity)","[-2,0)",11,0,0,11,0,0,0.258832966968031690622885270690496860752291234813264358589584
10,2026-08-30,"[8,infinity)","[0,2)",19,0,0,19,0,0,0.168179224052616251649710921498033188457137988100478093057389
10,2026-08-30,"[8,infinity)",>=2,16,0,0,16,0,0,0.193607680534436484397123030315166534447518308110879063675717
10,2026-08-31,"[0,1)",<-2,5,0,4,5,0.8,0.375534629762525314372013921647583449989903515711330528044035,0.963775891367569828977116355437082786924683344958530986278769
10,2026-08-31,"[0,1)","[-2,0)",5,0,2,5,0.4,0.117620774232647912731540971445135881574723095506224918639884,0.769275718723987039485415602859975372787081284270487909919182
10,2026-08-31,"[0,1)","[0,2)",7,0,0,7,0,0,0.354330435066687400786206839933794738607089448605187126348296
10,2026-08-31,"[0,1)",>=2,1,0,0,1,0,0,0.793450685622762572644686990659235135454905747938657255997644
10,2026-08-31,"[1,2)",<-2,3,0,0,3,0,0,0.561497031755045466784538763394810946683797969450889274137888
10,2026-08-31,"[1,2)","[-2,0)",5,0,0,5,0,0,0.434482464783174761084782871525556271809021898883564142795326
10,2026-08-31,"[1,2)","[0,2)",11,0,0,11,0,0,0.258832966968031690622885270690496860752291234813264358589584
10,2026-08-31,"[1,2)",>=2,2,0,0,2,0,0,0.657619772493346908066213171022805867761678469589830388837810
10,2026-08-31,"[2,4)",<-2,11,0,0,11,0,0,0.258832966968031690622885270690496860752291234813264358589584
10,2026-08-31,"[2,4)","[-2,0)",19,0,0,19,0,0,0.168179224052616251649710921498033188457137988100478093057389
10,2026-08-31,"[2,4)","[0,2)",19,0,0,19,0,0,0.168179224052616251649710921498033188457137988100478093057389
10,2026-08-31,"[2,4)",>=2,9,0,0,9,0,0,0.299145048419544047401396624497912492455149790579105641605840
10,2026-08-31,"[4,8)",<-2,3,0,0,3,0,0,0.561497031755045466784538763394810946683797969450889274137888
10,2026-08-31,"[4,8)","[-2,0)",27,0,0,27,0,1E-61,0.124555029741867063560897531223174706536906133650947916372170
10,2026-08-31,"[4,8)","[0,2)",31,0,0,31,0,0,0.110255395460435947523151756013484623904252359343767063579533
10,2026-08-31,"[4,8)",>=2,10,0,0,10,0,0,0.277532799862889204526030927043294338473666863904268179277910
10,2026-08-31,"[8,infinity)",<-2,18,0,0,18,0,0,0.175879223646657630299759265673340687198492408383498668745102
10,2026-08-31,"[8,infinity)","[-2,0)",22,0,0,22,0,0,0.148654874608620875261529651123205956231015521669584153863614
10,2026-08-31,"[8,infinity)","[0,2)",45,0,0,45,0,0,0.0786515987328883595248244515862390432601662136200408413169198
10,2026-08-31,"[8,infinity)",>=2,23,0,0,23,0,0,0.143116618450426838883472276642405084339263420435897481157223
10,2026-09-01,"[0,1)",<-2,3,0,3,3,1,0.438502968244954533215461236605189053316202030549110725862112,1
10,2026-09-01,"[0,1)","[-2,0)",7,0,2,7,0.285714285714285714285714285714285714285714285714285714285714,0.082218924004056765947248749487853093510976457849667296896903,0.641065548167380691532554181912344651606347591552555757252367
10,2026-09-01,"[0,1)","[0,2)",8,0,1,8,0.125,0.022417491450056672799680864765156704300662439077102905272333,0.470888182212853486868029343093234641378134238715551447740093
10,2026-09-01,"[0,1)",>=2,2,0,0,2,0,0,0.657619772493346908066213171022805867761678469589830388837810
10,2026-09-01,"[1,2)",<-2,4,0,2,4,0.5,0.150038989152149514156900362816506811250894777823785469987184,0.849961010847850485843099637183493188749105222176214530012816
10,2026-09-01,"[1,2)","[-2,0)",10,0,0,10,0,0,0.277532799862889204526030927043294338473666863904268179277910
10,2026-09-01,"[1,2)","[0,2)",10,0,0,10,0,0,0.277532799862889204526030927043294338473666863904268179277910
10,2026-09-01,"[1,2)",>=2,4,0,0,4,0,0,0.489890836454597301712536589852471046460117866669254129450196
10,2026-09-01,"[2,4)",<-2,2,0,0,2,0,0,0.657619772493346908066213171022805867761678469589830388837810
10,2026-09-01,"[2,4)","[-2,0)",12,0,0,12,0,0,0.242494006655240850743536740887323444981368621780736059953412
10,2026-09-01,"[2,4)","[0,2)",22,0,0,22,0,0,0.148654874608620875261529651123205956231015521669584153863614
10,2026-09-01,"[2,4)",>=2,7,0,0,7,0,0,0.354330435066687400786206839933794738607089448605187126348296
10,2026-09-01,"[4,8)",<-2,10,0,0,10,0,0,0.277532799862889204526030927043294338473666863904268179277910
10,2026-09-01,"[4,8)","[-2,0)",31,0,0,31,0,0,0.110255395460435947523151756013484623904252359343767063579533
10,2026-09-01,"[4,8)","[0,2)",22,0,0,22,0,0,0.148654874608620875261529651123205956231015521669584153863614
10,2026-09-01,"[4,8)",>=2,12,0,0,12,0,0,0.242494006655240850743536740887323444981368621780736059953412
10,2026-09-01,"[8,infinity)",<-2,16,0,0,16,0,0,0.193607680534436484397123030315166534447518308110879063675717
10,2026-09-01,"[8,infinity)","[-2,0)",31,0,0,31,0,0,0.110255395460435947523151756013484623904252359343767063579533
10,2026-09-01,"[8,infinity)","[0,2)",30,0,0,30,0,0,0.113513393173968749941088969242882139187892157115904711864309
10,2026-09-01,"[8,infinity)",>=2,25,0,0,25,0,0,0.133192250939048476302451276015897355794721028940851862306375
10,2026-09-02,"[0,1)",<-2,2,0,2,2,1,0.342380227506653091933786828977194132238321530410169611162190,1
10,2026-09-02,"[0,1)","[-2,0)",3,0,1,3,0.333333333333333333333333333333333333333333333333333333333333,0.061491944720396241873444442939187390780210775328990142673567,0.792340399197952247054735144859082924781055214487972948705729
10,2026-09-02,"[0,1)","[0,2)",11,0,0,11,0,0,0.258832966968031690622885270690496860752291234813264358589584
10,2026-09-02,"[0,1)",>=2,4,0,0,4,0,0,0.489890836454597301712536589852471046460117866669254129450196
10,2026-09-02,"[1,2)",<-2,1,0,1,1,1,0.206549314377237427355313009340764864545094252061342744002356,1
10,2026-09-02,"[1,2)","[-2,0)",8,0,0,8,0,0,0.324407564883880212890280277144521794238395570390205804016566
10,2026-09-02,"[1,2)","[0,2)",10,0,0,10,0,0,0.277532799862889204526030927043294338473666863904268179277910
10,2026-09-02,"[1,2)",>=2,3,0,0,3,0,0,0.561497031755045466784538763394810946683797969450889274137888
10,2026-09-02,"[2,4)",<-2,12,0,0,12,0,0,0.242494006655240850743536740887323444981368621780736059953412
10,2026-09-02,"[2,4)","[-2,0)",11,0,0,11,0,0,0.258832966968031690622885270690496860752291234813264358589584
10,2026-09-02,"[2,4)","[0,2)",13,0,0,13,0,1E-60,0.228095372354198371443420042369827223554730318588668470106495
10,2026-09-02,"[2,4)",>=2,11,0,0,11,0,0,0.258832966968031690622885270690496860752291234813264358589584
10,2026-09-02,"[4,8)",<-2,7,0,0,7,0,0,0.354330435066687400786206839933794738607089448605187126348296
10,2026-09-02,"[4,8)","[-2,0)",17,0,0,17,0,0,0.184318135008851803742656742183482675848991885361038668946270
10,2026-09-02,"[4,8)","[0,2)",31,0,0,31,0,0,0.110255395460435947523151756013484623904252359343767063579533
10,2026-09-02,"[4,8)",>=2,19,0,0,19,0,0,0.168179224052616251649710921498033188457137988100478093057389
10,2026-09-02,"[8,infinity)",<-2,21,0,0,21,0,0,0.154639018924846951507636945003626730599908470059449552977985
10,2026-09-02,"[8,infinity)","[-2,0)",24,0,0,24,0,0,0.137976204674980184720288987191152453368712544577434277225593
10,2026-09-02,"[8,infinity)","[0,2)",30,0,0,30,0,0,0.113513393173968749941088969242882139187892157115904711864309
10,2026-09-02,"[8,infinity)",>=2,32,0,0,32,0,0,0.107179198255070614069630916316154767610741869081416234881527
10,2026-09-03,"[0,1)",<-2,5,0,5,5,1,0.565517535216825238915217128474443728190978101116435857204674,1
10,2026-09-03,"[0,1)","[-2,0)",2,0,1,2,0.5,0.094531205734230729793326600900495328768115141516490687279156,0.905468794265769270206673399099504671231884858483509312720844
10,2026-09-03,"[0,1)","[0,2)",9,0,0,9,0,0,0.299145048419544047401396624497912492455149790579105641605840
10,2026-09-03,"[0,1)",>=2,3,0,0,3,0,0,0.561497031755045466784538763394810946683797969450889274137888
10,2026-09-03,"[1,2)",<-2,5,0,1,5,0.2,0.036224108632430171022883644562917213075316655041469013721231,0.624465370237474685627986078352416550010096484288669471955965
10,2026-09-03,"[1,2)","[-2,0)",8,0,0,8,0,0,0.324407564883880212890280277144521794238395570390205804016566
10,2026-09-03,"[1,2)","[0,2)",12,0,0,12,0,0,0.242494006655240850743536740887323444981368621780736059953412
10,2026-09-03,"[1,2)",>=2,0,0,0,0,,,
10,2026-09-03,"[2,4)",<-2,10,0,0,10,0,0,0.277532799862889204526030927043294338473666863904268179277910
10,2026-09-03,"[2,4)","[-2,0)",12,0,0,12,0,0,0.242494006655240850743536740887323444981368621780736059953412
10,2026-09-03,"[2,4)","[0,2)",14,0,0,14,0,1E-60,0.215310802737635801499416731029276965760554953382265415776069
10,2026-09-03,"[2,4)",>=2,9,0,0,9,0,0,0.299145048419544047401396624497912492455149790579105641605840
10,2026-09-03,"[4,8)",<-2,9,0,0,9,0,0,0.299145048419544047401396624497912492455149790579105641605840
10,2026-09-03,"[4,8)","[-2,0)",19,0,0,19,0,0,0.168179224052616251649710921498033188457137988100478093057389
10,2026-09-03,"[4,8)","[0,2)",23,0,0,23,0,0,0.143116618450426838883472276642405084339263420435897481157223
10,2026-09-03,"[4,8)",>=2,14,0,0,14,0,1E-60,0.215310802737635801499416731029276965760554953382265415776069
10,2026-09-03,"[8,infinity)",<-2,19,0,0,19,0,0,0.168179224052616251649710921498033188457137988100478093057389
10,2026-09-03,"[8,infinity)","[-2,0)",28,0,0,28,0,0,0.120643304765845633983553520438697530858973767234507701423027
10,2026-09-03,"[8,infinity)","[0,2)",37,0,0,37,0,0,0.0940578258372024807966737008331431353361241242445789105818134
10,2026-09-03,"[8,infinity)",>=2,31,0,0,31,0,0,0.110255395460435947523151756013484623904252359343767063579533
10,2026-09-04,"[0,1)",<-2,1,0,1,1,1,0.206549314377237427355313009340764864545094252061342744002356,1
10,2026-09-04,"[0,1)","[-2,0)",10,0,1,10,0.1,0.017876213095072907017716328005121013219916667655301041770911,0.404150026795238456603108413629514457559016823468113501651417
10,2026-09-04,"[0,1)","[0,2)",10,0,0,10,0,0,0.277532799862889204526030927043294338473666863904268179277910
10,2026-09-04,"[0,1)",>=2,2,0,0,2,0,0,0.657619772493346908066213171022805867761678469589830388837810
10,2026-09-04,"[1,2)",<-2,4,0,0,4,0,0,0.489890836454597301712536589852471046460117866669254129450196
10,2026-09-04,"[1,2)","[-2,0)",7,0,0,7,0,0,0.354330435066687400786206839933794738607089448605187126348296
10,2026-09-04,"[1,2)","[0,2)",10,0,0,10,0,0,0.277532799862889204526030927043294338473666863904268179277910
10,2026-09-04,"[1,2)",>=2,4,0,0,4,0,0,0.489890836454597301712536589852471046460117866669254129450196
10,2026-09-04,"[2,4)",<-2,5,0,0,5,0,0,0.434482464783174761084782871525556271809021898883564142795326
10,2026-09-04,"[2,4)","[-2,0)",21,0,0,21,0,0,0.154639018924846951507636945003626730599908470059449552977985
10,2026-09-04,"[2,4)","[0,2)",17,0,0,17,0,0,0.184318135008851803742656742183482675848991885361038668946270
10,2026-09-04,"[2,4)",>=2,12,0,0,12,0,0,0.242494006655240850743536740887323444981368621780736059953412
10,2026-09-04,"[4,8)",<-2,9,0,0,9,0,0,0.299145048419544047401396624497912492455149790579105641605840
10,2026-09-04,"[4,8)","[-2,0)",28,0,0,28,0,0,0.120643304765845633983553520438697530858973767234507701423027
10,2026-09-04,"[4,8)","[0,2)",22,0,0,22,0,0,0.148654874608620875261529651123205956231015521669584153863614
10,2026-09-04,"[4,8)",>=2,13,0,0,13,0,1E-60,0.228095372354198371443420042369827223554730318588668470106495
10,2026-09-04,"[8,infinity)",<-2,13,0,0,13,0,1E-60,0.228095372354198371443420042369827223554730318588668470106495
10,2026-09-04,"[8,infinity)","[-2,0)",25,0,0,25,0,0,0.133192250939048476302451276015897355794721028940851862306375
10,2026-09-04,"[8,infinity)","[0,2)",32,0,0,32,0,0,0.107179198255070614069630916316154767610741869081416234881527
10,2026-09-04,"[8,infinity)",>=2,26,0,0,26,0,0,0.128728921859215295149407654933370962769244819176962274963284
10,2026-09-05,"[0,1)",<-2,4,0,4,4,1,0.510109163545402698287463410147528953539882133330745870549804,1
10,2026-09-05,"[0,1)","[-2,0)",24,0,1,24,0.0416666666666666666666666666666666666666666666666666666666667,0.0073934561655057863804228563948425017522169721780705972927653,0.202418064786559382946508715197047247169102860351244156830695
10,2026-09-05,"[0,1)","[0,2)",36,0,0,36,0,0,0.0964186285944636615382445947927992309228324969090787481472514
10,2026-09-05,"[0,1)",>=2,2,0,0,2,0,0,0.657619772493346908066213171022805867761678469589830388837810
10,2026-09-05,"[1,2)",<-2,4,0,1,4,0.25,0.045587260809700566421210903550181973719959137374694927176083,0.699358157417598084435057391376053549510099795959932137549015
10,2026-09-05,"[1,2)","[-2,0)",29,0,0,29,0,0,0.116969798499740742321570618566042766673886847202390383923475
10,2026-09-05,"[1,2)","[0,2)",26,0,0,26,0,0,0.128728921859215295149407654933370962769244819176962274963284
10,2026-09-05,"[1,2)",>=2,1,0,0,1,0,0,0.793450685622762572644686990659235135454905747938657255997644
10,2026-09-05,"[2,4)",<-2,7,0,0,7,0,0,0.354330435066687400786206839933794738607089448605187126348296
10,2026-09-05,"[2,4)","[-2,0)",43,0,0,43,0,0,0.0820098032257911641526771184451815481418608757099502151814816
10,2026-09-05,"[2,4)","[0,2)",26,0,0,26,0,0,0.128728921859215295149407654933370962769244819176962274963284
10,2026-09-05,"[2,4)",>=2,3,0,0,3,0,0,0.561497031755045466784538763394810946683797969450889274137888
10,2026-09-05,"[4,8)",<-2,3,0,0,3,0,0,0.561497031755045466784538763394810946683797969450889274137888
10,2026-09-05,"[4,8)","[-2,0)",23,0,0,23,0,0,0.143116618450426838883472276642405084339263420435897481157223
10,2026-09-05,"[4,8)","[0,2)",25,0,0,25,0,0,0.133192250939048476302451276015897355794721028940851862306375
10,2026-09-05,"[4,8)",>=2,2,0,0,2,0,0,0.657619772493346908066213171022805867761678469589830388837810
10,2026-09-05,"[8,infinity)",<-2,1,0,0,1,0,0,0.793450685622762572644686990659235135454905747938657255997644
10,2026-09-05,"[8,infinity)","[-2,0)",8,0,0,8,0,0,0.324407564883880212890280277144521794238395570390205804016566
10,2026-09-05,"[8,infinity)","[0,2)",7,0,0,7,0,0,0.354330435066687400786206839933794738607089448605187126348296
10,2026-09-05,"[8,infinity)",>=2,3,0,0,3,0,0,0.561497031755045466784538763394810946683797969450889274137888
10,2026-09-06,"[0,1)",<-2,2,0,2,2,1,0.342380227506653091933786828977194132238321530410169611162190,1
10,2026-09-06,"[0,1)","[-2,0)",25,0,4,25,0.16,0.064034514566764395140854100598757675913518437423819251002634,0.346536216071788568744812767092052526026891862255960015365702
10,2026-09-06,"[0,1)","[0,2)",25,0,0,25,0,0,0.133192250939048476302451276015897355794721028940851862306375
10,2026-09-06,"[0,1)",>=2,0,0,0,0,,,
10,2026-09-06,"[1,2)",<-2,1,0,0,1,0,0,0.793450685622762572644686990659235135454905747938657255997644
10,2026-09-06,"[1,2)","[-2,0)",18,0,1,18,0.0555555555555555555555555555555555555555555555555555555555556,0.009875190978303082313508634846031297156082580064912900004554,0.257573007818725922397388490196938202575910671831530361102204
10,2026-09-06,"[1,2)","[0,2)",26,0,0,26,0,0,0.128728921859215295149407654933370962769244819176962274963284
10,2026-09-06,"[1,2)",>=2,6,0,0,6,0,0,0.390334287902165324898707055142237608185625673736798285240772
10,2026-09-06,"[2,4)",<-2,5,0,0,5,0,0,0.434482464783174761084782871525556271809021898883564142795326
10,2026-09-06,"[2,4)","[-2,0)",20,0,0,20,0,0,0.161125158052819354664367409458698834644472493370427941636724
10,2026-09-06,"[2,4)","[0,2)",34,0,0,34,0,0,0.101514554153323765588772493480518861287464008360250122371569
10,2026-09-06,"[2,4)",>=2,4,0,0,4,0,0,0.489890836454597301712536589852471046460117866669254129450196
10,2026-09-06,"[4,8)",<-2,7,0,0,7,0,0,0.354330435066687400786206839933794738607089448605187126348296
10,2026-09-06,"[4,8)","[-2,0)",29,0,0,29,0,0,0.116969798499740742321570618566042766673886847202390383923475
10,2026-09-06,"[4,8)","[0,2)",35,0,0,35,0,0,0.0989009923244040343269259218648434359116695776673122585987557
10,2026-09-06,"[4,8)",>=2,8,0,0,8,0,0,0.324407564883880212890280277144521794238395570390205804016566
10,2026-09-06,"[8,infinity)",<-2,4,0,0,4,0,0,0.489890836454597301712536589852471046460117866669254129450196
10,2026-09-06,"[8,infinity)","[-2,0)",6,0,0,6,0,0,0.390334287902165324898707055142237608185625673736798285240772
10,2026-09-06,"[8,infinity)","[0,2)",13,0,0,13,0,1E-60,0.228095372354198371443420042369827223554730318588668470106495
10,2026-09-06,"[8,infinity)",>=2,6,0,0,6,0,0,0.390334287902165324898707055142237608185625673736798285240772
10,2026-09-07,"[0,1)",<-2,6,0,4,6,0.666666666666666666666666666666666666666666666666666666666667,0.299993315138392039723859213822815746224455598651117838038035,0.903228588894219518643238434463105051047002510103282733548375
10,2026-09-07,"[0,1)","[-2,0)",19,0,5,19,0.263157894736842105263157894736842105263157894736842105263158,0.118064123467825079571574309424165595222785285617756813881775,0.487915508978151039630920337601218546677964287692995967040147
10,2026-09-07,"[0,1)","[0,2)",24,0,0,24,0,0,0.137976204674980184720288987191152453368712544577434277225593
10,2026-09-07,"[0,1)",>=2,4,0,0,4,0,0,0.489890836454597301712536589852471046460117866669254129450196
10,2026-09-07,"[1,2)",<-2,1,0,0,1,0,0,0.793450685622762572644686990659235135454905747938657255997644
10,2026-09-07,"[1,2)","[-2,0)",16,0,0,16,0,0,0.193607680534436484397123030315166534447518308110879063675717
10,2026-09-07,"[1,2)","[0,2)",16,0,0,16,0,0,0.193607680534436484397123030315166534447518308110879063675717
10,2026-09-07,"[1,2)",>=2,5,0,0,5,0,0,0.434482464783174761084782871525556271809021898883564142795326
10,2026-09-07,"[2,4)",<-2,4,0,0,4,0,0,0.489890836454597301712536589852471046460117866669254129450196
10,2026-09-07,"[2,4)","[-2,0)",22,0,0,22,0,0,0.148654874608620875261529651123205956231015521669584153863614
10,2026-09-07,"[2,4)","[0,2)",37,0,0,37,0,0,0.0940578258372024807966737008331431353361241242445789105818134
10,2026-09-07,"[2,4)",>=2,5,0,0,5,0,0,0.434482464783174761084782871525556271809021898883564142795326
10,2026-09-07,"[4,8)",<-2,7,0,0,7,0,0,0.354330435066687400786206839933794738607089448605187126348296
10,2026-09-07,"[4,8)","[-2,0)",15,0,0,15,0,0,0.203883301035848588906113525033002846962414143120117784623588
10,2026-09-07,"[4,8)","[0,2)",37,0,0,37,0,0,0.0940578258372024807966737008331431353361241242445789105818134
10,2026-09-07,"[4,8)",>=2,11,0,0,11,0,0,0.258832966968031690622885270690496860752291234813264358589584
10,2026-09-07,"[8,infinity)",<-2,2,0,0,2,0,0,0.657619772493346908066213171022805867761678469589830388837810
10,2026-09-07,"[8,infinity)","[-2,0)",9,0,0,9,0,0,0.299145048419544047401396624497912492455149790579105641605840
10,2026-09-07,"[8,infinity)","[0,2)",19,0,0,19,0,0,0.168179224052616251649710921498033188457137988100478093057389
10,2026-09-07,"[8,infinity)",>=2,14,0,0,14,0,1E-60,0.215310802737635801499416731029276965760554953382265415776069
10,2026-09-08,"[0,1)",<-2,1,0,1,1,1,0.206549314377237427355313009340764864545094252061342744002356,1
10,2026-09-08,"[0,1)","[-2,0)",14,0,6,14,0.428571428571428571428571428571428571428571428571428571428571,0.213807989044741190254942869439946525041849886337426832959876,0.674093554203492495673545234992807327209657964145753940722418
10,2026-09-08,"[0,1)","[0,2)",15,0,1,15,0.0666666666666666666666666666666666666666666666666666666666667,0.011866895493268551900400658175721432353582667454859885236678,0.298165298737800225151564396852881035013842923249242194770432
10,2026-09-08,"[0,1)",>=2,5,0,0,5,0,0,0.434482464783174761084782871525556271809021898883564142795326
10,2026-09-08,"[1,2)",<-2,2,0,0,2,0,0,0.657619772493346908066213171022805867761678469589830388837810
10,2026-09-08,"[1,2)","[-2,0)",11,0,0,11,0,0,0.258832966968031690622885270690496860752291234813264358589584
10,2026-09-08,"[1,2)","[0,2)",14,0,0,14,0,1E-60,0.215310802737635801499416731029276965760554953382265415776069
10,2026-09-08,"[1,2)",>=2,3,0,0,3,0,0,0.561497031755045466784538763394810946683797969450889274137888
10,2026-09-08,"[2,4)",<-2,3,0,0,3,0,0,0.561497031755045466784538763394810946683797969450889274137888
10,2026-09-08,"[2,4)","[-2,0)",15,0,0,15,0,0,0.203883301035848588906113525033002846962414143120117784623588
10,2026-09-08,"[2,4)","[0,2)",16,0,0,16,0,0,0.193607680534436484397123030315166534447518308110879063675717
10,2026-09-08,"[2,4)",>=2,5,0,0,5,0,0,0.434482464783174761084782871525556271809021898883564142795326
10,2026-09-08,"[4,8)",<-2,7,0,0,7,0,0,0.354330435066687400786206839933794738607089448605187126348296
10,2026-09-08,"[4,8)","[-2,0)",32,0,0,32,0,0,0.107179198255070614069630916316154767610741869081416234881527
10,2026-09-08,"[4,8)","[0,2)",37,0,0,37,0,0,0.0940578258372024807966737008331431353361241242445789105818134
10,2026-09-08,"[4,8)",>=2,11,0,0,11,0,0,0.258832966968031690622885270690496860752291234813264358589584
10,2026-09-08,"[8,infinity)",<-2,14,0,0,14,0,1E-60,0.215310802737635801499416731029276965760554953382265415776069
10,2026-09-08,"[8,infinity)","[-2,0)",15,0,0,15,0,0,0.203883301035848588906113525033002846962414143120117784623588
10,2026-09-08,"[8,infinity)","[0,2)",32,0,0,32,0,0,0.107179198255070614069630916316154767610741869081416234881527
10,2026-09-08,"[8,infinity)",>=2,14,0,0,14,0,1E-60,0.215310802737635801499416731029276965760554953382265415776069
10,2026-09-09,"[0,1)",<-2,7,0,6,7,0.857142857142857142857142857142857142857142857142857142857143,0.486872170725681131474124029217012562390124409416087828555966,0.974320375655256439392871085115991195747668841580207081195256
10,2026-09-09,"[0,1)","[-2,0)",7,0,5,7,0.714285714285714285714285714285714285714285714285714285714286,0.358934451832619308467445818087655348393652408447444242747635,0.917781075995943234052751250512146906489023542150332703103099
10,2026-09-09,"[0,1)","[0,2)",9,0,0,9,0,0,0.299145048419544047401396624497912492455149790579105641605840
10,2026-09-09,"[0,1)",>=2,6,0,0,6,0,0,0.390334287902165324898707055142237608185625673736798285240772
10,2026-09-09,"[1,2)",<-2,2,0,0,2,0,0,0.657619772493346908066213171022805867761678469589830388837810
10,2026-09-09,"[1,2)","[-2,0)",7,0,0,7,0,0,0.354330435066687400786206839933794738607089448605187126348296
10,2026-09-09,"[1,2)","[0,2)",7,0,1,7,0.142857142857142857142857142857142857142857142857142857142857,0.025679624344743560607128914884008804252331158419792918804746,0.513127829274318868525875970782987437609875590583912171444036
10,2026-09-09,"[1,2)",>=2,1,0,0,1,0,0,0.793450685622762572644686990659235135454905747938657255997644
10,2026-09-09,"[2,4)",<-2,3,0,0,3,0,0,0.561497031755045466784538763394810946683797969450889274137888
10,2026-09-09,"[2,4)","[-2,0)",20,0,0,20,0,0,0.161125158052819354664367409458698834644472493370427941636724
10,2026-09-09,"[2,4)","[0,2)",22,0,0,22,0,0,0.148654874608620875261529651123205956231015521669584153863614
10,2026-09-09,"[2,4)",>=2,5,0,0,5,0,0,0.434482464783174761084782871525556271809021898883564142795326
10,2026-09-09,"[4,8)",<-2,2,0,0,2,0,0,0.657619772493346908066213171022805867761678469589830388837810
10,2026-09-09,"[4,8)","[-2,0)",32,0,0,32,0,0,0.107179198255070614069630916316154767610741869081416234881527
10,2026-09-09,"[4,8)","[0,2)",30,0,0,30,0,0,0.113513393173968749941088969242882139187892157115904711864309
10,2026-09-09,"[4,8)",>=2,11,0,0,11,0,0,0.258832966968031690622885270690496860752291234813264358589584
10,2026-09-09,"[8,infinity)",<-2,10,0,0,10,0,0,0.277532799862889204526030927043294338473666863904268179277910
10,2026-09-09,"[8,infinity)","[-2,0)",17,0,0,17,0,0,0.184318135008851803742656742183482675848991885361038668946270
10,2026-09-09,"[8,infinity)","[0,2)",26,0,0,26,0,0,0.128728921859215295149407654933370962769244819176962274963284
10,2026-09-09,"[8,infinity)",>=2,21,0,0,21,0,0,0.154639018924846951507636945003626730599908470059449552977985
10,2026-09-10,"[0,1)",<-2,2,0,2,2,1,0.342380227506653091933786828977194132238321530410169611162190,1
10,2026-09-10,"[0,1)","[-2,0)",13,0,2,13,0.153846153846153846153846153846153846153846153846153846153846,0.043258178358081204655316136859050533509986792180188296408137,0.422346310194825360190128507858522159720211120688889875204053
10,2026-09-10,"[0,1)","[0,2)",18,0,1,18,0.0555555555555555555555555555555555555555555555555555555555556,0.009875190978303082313508634846031297156082580064912900004554,0.257573007818725922397388490196938202575910671831530361102204
10,2026-09-10,"[0,1)",>=2,0,0,0,0,,,
10,2026-09-10,"[1,2)",<-2,1,0,0,1,0,0,0.793450685622762572644686990659235135454905747938657255997644
10,2026-09-10,"[1,2)","[-2,0)",4,0,0,4,0,0,0.489890836454597301712536589852471046460117866669254129450196
10,2026-09-10,"[1,2)","[0,2)",13,0,0,13,0,1E-60,0.228095372354198371443420042369827223554730318588668470106495
10,2026-09-10,"[1,2)",>=2,3,0,0,3,0,0,0.561497031755045466784538763394810946683797969450889274137888
10,2026-09-10,"[2,4)",<-2,10,0,0,10,0,0,0.277532799862889204526030927043294338473666863904268179277910
10,2026-09-10,"[2,4)","[-2,0)",9,0,0,9,0,0,0.299145048419544047401396624497912492455149790579105641605840
10,2026-09-10,"[2,4)","[0,2)",18,0,0,18,0,0,0.175879223646657630299759265673340687198492408383498668745102
10,2026-09-10,"[2,4)",>=2,7,0,0,7,0,0,0.354330435066687400786206839933794738607089448605187126348296
10,2026-09-10,"[4,8)",<-2,6,0,0,6,0,0,0.390334287902165324898707055142237608185625673736798285240772
10,2026-09-10,"[4,8)","[-2,0)",20,0,0,20,0,0,0.161125158052819354664367409458698834644472493370427941636724
10,2026-09-10,"[4,8)","[0,2)",35,0,0,35,0,0,0.0989009923244040343269259218648434359116695776673122585987557
10,2026-09-10,"[4,8)",>=2,11,0,0,11,0,0,0.258832966968031690622885270690496860752291234813264358589584
10,2026-09-10,"[8,infinity)",<-2,21,0,0,21,0,0,0.154639018924846951507636945003626730599908470059449552977985
10,2026-09-10,"[8,infinity)","[-2,0)",27,0,0,27,0,1E-61,0.124555029741867063560897531223174706536906133650947916372170
10,2026-09-10,"[8,infinity)","[0,2)",27,0,0,27,0,1E-61,0.124555029741867063560897531223174706536906133650947916372170
10,2026-09-10,"[8,infinity)",>=2,22,0,0,22,0,0,0.148654874608620875261529651123205956231015521669584153863614
10,2026-09-11,"[0,1)",<-2,0,0,0,0,,,
10,2026-09-11,"[0,1)","[-2,0)",11,0,3,11,0.272727272727272727272727272727272727272727272727272727272727,0.097460592900248919005850618788623962973850320004186318086270,0.565645301176129122186369958797965519186282059456388390363538
10,2026-09-11,"[0,1)","[0,2)",20,0,1,20,0.05,0.008881448800795391602879473430907108230127032845046417582298,0.236131193446742027595051195081921842949898211188338729890754
10,2026-09-11,"[0,1)",>=2,2,0,0,2,0,0,0.657619772493346908066213171022805867761678469589830388837810
10,2026-09-11,"[1,2)",<-2,3,0,0,3,0,0,0.561497031755045466784538763394810946683797969450889274137888
10,2026-09-11,"[1,2)","[-2,0)",11,0,0,11,0,0,0.258832966968031690622885270690496860752291234813264358589584
10,2026-09-11,"[1,2)","[0,2)",10,0,0,10,0,0,0.277532799862889204526030927043294338473666863904268179277910
10,2026-09-11,"[1,2)",>=2,4,0,0,4,0,0,0.489890836454597301712536589852471046460117866669254129450196
10,2026-09-11,"[2,4)",<-2,3,0,0,3,0,0,0.561497031755045466784538763394810946683797969450889274137888
10,2026-09-11,"[2,4)","[-2,0)",18,0,0,18,0,0,0.175879223646657630299759265673340687198492408383498668745102
10,2026-09-11,"[2,4)","[0,2)",23,0,0,23,0,0,0.143116618450426838883472276642405084339263420435897481157223
10,2026-09-11,"[2,4)",>=2,13,0,0,13,0,1E-60,0.228095372354198371443420042369827223554730318588668470106495
10,2026-09-11,"[4,8)",<-2,6,0,0,6,0,0,0.390334287902165324898707055142237608185625673736798285240772
10,2026-09-11,"[4,8)","[-2,0)",20,0,0,20,0,0,0.161125158052819354664367409458698834644472493370427941636724
10,2026-09-11,"[4,8)","[0,2)",34,0,0,34,0,0,0.101514554153323765588772493480518861287464008360250122371569
10,2026-09-11,"[4,8)",>=2,10,0,0,10,0,0,0.277532799862889204526030927043294338473666863904268179277910
10,2026-09-11,"[8,infinity)",<-2,14,0,0,14,0,1E-60,0.215310802737635801499416731029276965760554953382265415776069
10,2026-09-11,"[8,infinity)","[-2,0)",18,0,0,18,0,0,0.175879223646657630299759265673340687198492408383498668745102
10,2026-09-11,"[8,infinity)","[0,2)",36,0,0,36,0,0,0.0964186285944636615382445947927992309228324969090787481472514
10,2026-09-11,"[8,infinity)",>=2,24,0,0,24,0,0,0.137976204674980184720288987191152453368712544577434277225593
10,2026-09-12,"[0,1)",<-2,1,0,1,1,1,0.206549314377237427355313009340764864545094252061342744002356,1
10,2026-09-12,"[0,1)","[-2,0)",38,0,8,38,0.210526315789473684210526315789473684210526315789473684210526,0.110747918429958811721060382973132523473879152286313011101465,0.363457794753274004103681906150558660226243064332176022168599
10,2026-09-12,"[0,1)","[0,2)",41,0,0,41,0,0,0.0856675701844318594351844311280687423499582709533817091149619
10,2026-09-12,"[0,1)",>=2,0,0,0,0,,,
10,2026-09-12,"[1,2)",<-2,2,0,1,2,0.5,0.094531205734230729793326600900495328768115141516490687279156,0.905468794265769270206673399099504671231884858483509312720844
10,2026-09-12,"[1,2)","[-2,0)",22,0,0,22,0,0,0.148654874608620875261529651123205956231015521669584153863614
10,2026-09-12,"[1,2)","[0,2)",34,0,0,34,0,0,0.101514554153323765588772493480518861287464008360250122371569
10,2026-09-12,"[1,2)",>=2,1,0,0,1,0,0,0.793450685622762572644686990659235135454905747938657255997644
10,2026-09-12,"[2,4)",<-2,1,0,0,1,0,0,0.793450685622762572644686990659235135454905747938657255997644
10,2026-09-12,"[2,4)","[-2,0)",31,0,0,31,0,0,0.110255395460435947523151756013484623904252359343767063579533
10,2026-09-12,"[2,4)","[0,2)",32,0,0,32,0,0,0.107179198255070614069630916316154767610741869081416234881527
10,2026-09-12,"[2,4)",>=2,1,0,0,1,0,0,0.793450685622762572644686990659235135454905747938657255997644
10,2026-09-12,"[4,8)",<-2,4,0,0,4,0,0,0.489890836454597301712536589852471046460117866669254129450196
10,2026-09-12,"[4,8)","[-2,0)",17,0,0,17,0,0,0.184318135008851803742656742183482675848991885361038668946270
10,2026-09-12,"[4,8)","[0,2)",18,0,0,18,0,0,0.175879223646657630299759265673340687198492408383498668745102
10,2026-09-12,"[4,8)",>=2,0,0,0,0,,,
10,2026-09-12,"[8,infinity)",<-2,0,0,0,0,,,
10,2026-09-12,"[8,infinity)","[-2,0)",2,0,0,2,0,0,0.657619772493346908066213171022805867761678469589830388837810
10,2026-09-12,"[8,infinity)","[0,2)",3,0,0,3,0,0,0.561497031755045466784538763394810946683797969450889274137888
10,2026-09-12,"[8,infinity)",>=2,0,0,0,0,,,
5,2026-08-16,"[0,1)",<-2,1,0,0,1,0,0,0.793450685622762572644686990659235135454905747938657255997644
5,2026-08-16,"[0,1)","[-2,0)",67,0,5,67,0.0746268656716417910447761194029850746268656716417910447761194,0.0322960491663226641675654394554710188186708967103641682141004,0.163090367927769899742373325337022437760418513275078501473318
5,2026-08-16,"[0,1)","[0,2)",64,0,1,64,0.015625,0.0027635419233375083296778723103551377311351588103324322798294,0.0833410160009426598223515723196714629976361464431787908837144
5,2026-08-16,"[0,1)",>=2,1,0,0,1,0,0,0.793450685622762572644686990659235135454905747938657255997644
5,2026-08-16,"[1,2)",<-2,0,0,0,0,,,
5,2026-08-16,"[1,2)","[-2,0)",17,0,0,17,0,0,0.184318135008851803742656742183482675848991885361038668946270
5,2026-08-16,"[1,2)","[0,2)",31,0,0,31,0,0,0.110255395460435947523151756013484623904252359343767063579533
5,2026-08-16,"[1,2)",>=2,2,0,0,2,0,0,0.657619772493346908066213171022805867761678469589830388837810
5,2026-08-16,"[2,4)",<-2,0,0,0,0,,,
5,2026-08-16,"[2,4)","[-2,0)",16,0,0,16,0,0,0.193607680534436484397123030315166534447518308110879063675717
5,2026-08-16,"[2,4)","[0,2)",23,0,0,23,0,0,0.143116618450426838883472276642405084339263420435897481157223
5,2026-08-16,"[2,4)",>=2,0,0,0,0,,,
5,2026-08-16,"[4,8)",<-2,0,0,0,0,,,
5,2026-08-16,"[4,8)","[-2,0)",9,0,0,9,0,0,0.299145048419544047401396624497912492455149790579105641605840
5,2026-08-16,"[4,8)","[0,2)",11,0,0,11,0,0,0.258832966968031690622885270690496860752291234813264358589584
5,2026-08-16,"[4,8)",>=2,3,0,0,3,0,0,0.561497031755045466784538763394810946683797969450889274137888
5,2026-08-16,"[8,infinity)",<-2,2,0,0,2,0,0,0.657619772493346908066213171022805867761678469589830388837810
5,2026-08-16,"[8,infinity)","[-2,0)",3,0,0,3,0,0,0.561497031755045466784538763394810946683797969450889274137888
5,2026-08-16,"[8,infinity)","[0,2)",5,0,0,5,0,0,0.434482464783174761084782871525556271809021898883564142795326
5,2026-08-16,"[8,infinity)",>=2,0,0,0,0,,,
5,2026-08-17,"[0,1)",<-2,2,0,1,2,0.5,0.094531205734230729793326600900495328768115141516490687279156,0.905468794265769270206673399099504671231884858483509312720844
5,2026-08-17,"[0,1)","[-2,0)",16,0,2,16,0.125,0.034977487743240464595820130995911566783344997213098451135723,0.360228272657586898702022141740463334052293733870060846621065
5,2026-08-17,"[0,1)","[0,2)",20,0,0,20,0,0,0.161125158052819354664367409458698834644472493370427941636724
5,2026-08-17,"[0,1)",>=2,2,0,0,2,0,0,0.657619772493346908066213171022805867761678469589830388837810
5,2026-08-17,"[1,2)",<-2,3,0,0,3,0,0,0.561497031755045466784538763394810946683797969450889274137888
5,2026-08-17,"[1,2)","[-2,0)",12,0,0,12,0,0,0.242494006655240850743536740887323444981368621780736059953412
5,2026-08-17,"[1,2)","[0,2)",20,0,0,20,0,0,0.161125158052819354664367409458698834644472493370427941636724
5,2026-08-17,"[1,2)",>=2,3,0,0,3,0,0,0.561497031755045466784538763394810946683797969450889274137888
5,2026-08-17,"[2,4)",<-2,3,0,0,3,0,0,0.561497031755045466784538763394810946683797969450889274137888
5,2026-08-17,"[2,4)","[-2,0)",26,0,0,26,0,0,0.128728921859215295149407654933370962769244819176962274963284
5,2026-08-17,"[2,4)","[0,2)",27,0,0,27,0,1E-61,0.124555029741867063560897531223174706536906133650947916372170
5,2026-08-17,"[2,4)",>=2,6,0,0,6,0,0,0.390334287902165324898707055142237608185625673736798285240772
5,2026-08-17,"[4,8)",<-2,4,0,0,4,0,0,0.489890836454597301712536589852471046460117866669254129450196
5,2026-08-17,"[4,8)","[-2,0)",31,0,0,31,0,0,0.110255395460435947523151756013484623904252359343767063579533
5,2026-08-17,"[4,8)","[0,2)",32,1,0,31,0,0,0.110255395460435947523151756013484623904252359343767063579533
5,2026-08-17,"[4,8)",>=2,6,0,0,6,0,0,0.390334287902165324898707055142237608185625673736798285240772
5,2026-08-17,"[8,infinity)",<-2,7,0,0,7,0,0,0.354330435066687400786206839933794738607089448605187126348296
5,2026-08-17,"[8,infinity)","[-2,0)",18,0,0,18,0,0,0.175879223646657630299759265673340687198492408383498668745102
5,2026-08-17,"[8,infinity)","[0,2)",24,0,0,24,0,0,0.137976204674980184720288987191152453368712544577434277225593
5,2026-08-17,"[8,infinity)",>=2,9,0,0,9,0,0,0.299145048419544047401396624497912492455149790579105641605840
5,2026-08-18,"[0,1)",<-2,2,0,1,2,0.5,0.094531205734230729793326600900495328768115141516490687279156,0.905468794265769270206673399099504671231884858483509312720844
5,2026-08-18,"[0,1)","[-2,0)",20,0,2,20,0.1,0.027866481213768216190008568038508467101765983679755710140331,0.301033645228487267541485359528450600613812011016586643169049
5,2026-08-18,"[0,1)","[0,2)",15,0,0,15,0,0,0.203883301035848588906113525033002846962414143120117784623588
5,2026-08-18,"[0,1)",>=2,3,0,0,3,0,0,0.561497031755045466784538763394810946683797969450889274137888
5,2026-08-18,"[1,2)",<-2,1,0,0,1,0,0,0.793450685622762572644686990659235135454905747938657255997644
5,2026-08-18,"[1,2)","[-2,0)",25,0,0,25,0,0,0.133192250939048476302451276015897355794721028940851862306375
5,2026-08-18,"[1,2)","[0,2)",20,0,0,20,0,0,0.161125158052819354664367409458698834644472493370427941636724
5,2026-08-18,"[1,2)",>=2,2,0,0,2,0,0,0.657619772493346908066213171022805867761678469589830388837810
5,2026-08-18,"[2,4)",<-2,4,0,0,4,0,0,0.489890836454597301712536589852471046460117866669254129450196
5,2026-08-18,"[2,4)","[-2,0)",28,0,0,28,0,0,0.120643304765845633983553520438697530858973767234507701423027
5,2026-08-18,"[2,4)","[0,2)",32,0,0,32,0,0,0.107179198255070614069630916316154767610741869081416234881527
5,2026-08-18,"[2,4)",>=2,3,0,0,3,0,0,0.561497031755045466784538763394810946683797969450889274137888
5,2026-08-18,"[4,8)",<-2,3,0,0,3,0,0,0.561497031755045466784538763394810946683797969450889274137888
5,2026-08-18,"[4,8)","[-2,0)",32,0,0,32,0,0,0.107179198255070614069630916316154767610741869081416234881527
5,2026-08-18,"[4,8)","[0,2)",38,0,0,38,0,1E-61,0.0918098682255839546063730448500120445729383741592083301937471
5,2026-08-18,"[4,8)",>=2,4,0,0,4,0,0,0.489890836454597301712536589852471046460117866669254129450196
5,2026-08-18,"[8,infinity)",<-2,2,0,0,2,0,0,0.657619772493346908066213171022805867761678469589830388837810
5,2026-08-18,"[8,infinity)","[-2,0)",11,0,0,11,0,0,0.258832966968031690622885270690496860752291234813264358589584
5,2026-08-18,"[8,infinity)","[0,2)",6,0,0,6,0,0,0.390334287902165324898707055142237608185625673736798285240772
5,2026-08-18,"[8,infinity)",>=2,8,0,0,8,0,0,0.324407564883880212890280277144521794238395570390205804016566
5,2026-08-19,"[0,1)",<-2,2,0,0,2,0,0,0.657619772493346908066213171022805867761678469589830388837810
5,2026-08-19,"[0,1)","[-2,0)",14,0,1,14,0.0714285714285714285714285714285714285714285714285714285714286,0.012722215247890934509444161201882906109675297161938508881200,0.314687044241511181061484465394640207399371805737146133212574
5,2026-08-19,"[0,1)","[0,2)",12,0,0,12,0,0,0.242494006655240850743536740887323444981368621780736059953412
5,2026-08-19,"[0,1)",>=2,3,0,0,3,0,0,0.561497031755045466784538763394810946683797969450889274137888
5,2026-08-19,"[1,2)",<-2,4,0,0,4,0,0,0.489890836454597301712536589852471046460117866669254129450196
5,2026-08-19,"[1,2)","[-2,0)",18,0,0,18,0,0,0.175879223646657630299759265673340687198492408383498668745102
5,2026-08-19,"[1,2)","[0,2)",13,0,0,13,0,1E-60,0.228095372354198371443420042369827223554730318588668470106495
5,2026-08-19,"[1,2)",>=2,1,0,0,1,0,0,0.793450685622762572644686990659235135454905747938657255997644
5,2026-08-19,"[2,4)",<-2,4,0,0,4,0,0,0.489890836454597301712536589852471046460117866669254129450196
5,2026-08-19,"[2,4)","[-2,0)",21,0,0,21,0,0,0.154639018924846951507636945003626730599908470059449552977985
5,2026-08-19,"[2,4)","[0,2)",27,0,0,27,0,1E-61,0.124555029741867063560897531223174706536906133650947916372170
5,2026-08-19,"[2,4)",>=2,3,0,0,3,0,0,0.561497031755045466784538763394810946683797969450889274137888
5,2026-08-19,"[4,8)",<-2,5,0,0,5,0,0,0.434482464783174761084782871525556271809021898883564142795326
5,2026-08-19,"[4,8)","[-2,0)",14,0,0,14,0,1E-60,0.215310802737635801499416731029276965760554953382265415776069
5,2026-08-19,"[4,8)","[0,2)",23,0,0,23,0,0,0.143116618450426838883472276642405084339263420435897481157223
5,2026-08-19,"[4,8)",>=2,9,0,0,9,0,0,0.299145048419544047401396624497912492455149790579105641605840
5,2026-08-19,"[8,infinity)",<-2,14,0,0,14,0,1E-60,0.215310802737635801499416731029276965760554953382265415776069
5,2026-08-19,"[8,infinity)","[-2,0)",14,0,0,14,0,1E-60,0.215310802737635801499416731029276965760554953382265415776069
5,2026-08-19,"[8,infinity)","[0,2)",26,0,0,26,0,0,0.128728921859215295149407654933370962769244819176962274963284
5,2026-08-19,"[8,infinity)",>=2,29,0,0,29,0,0,0.116969798499740742321570618566042766673886847202390383923475
5,2026-08-20,"[0,1)",<-2,6,0,3,6,0.5,0.187616306482650520497838086822922679765759317889977245350468,0.812383693517349479502161913177077320234240682110022754649532
5,2026-08-20,"[0,1)","[-2,0)",7,0,2,7,0.285714285714285714285714285714285714285714285714285714285714,0.082218924004056765947248749487853093510976457849667296896903,0.641065548167380691532554181912344651606347591552555757252367
5,2026-08-20,"[0,1)","[0,2)",9,1,0,8,0,0,0.324407564883880212890280277144521794238395570390205804016566
5,2026-08-20,"[0,1)",>=2,3,0,0,3,0,0,0.561497031755045466784538763394810946683797969450889274137888
5,2026-08-20,"[1,2)",<-2,2,1,0,1,0,0,0.793450685622762572644686990659235135454905747938657255997644
5,2026-08-20,"[1,2)","[-2,0)",5,0,0,5,0,0,0.434482464783174761084782871525556271809021898883564142795326
5,2026-08-20,"[1,2)","[0,2)",3,0,0,3,0,0,0.561497031755045466784538763394810946683797969450889274137888
5,2026-08-20,"[1,2)",>=2,9,0,0,9,0,0,0.299145048419544047401396624497912492455149790579105641605840
5,2026-08-20,"[2,4)",<-2,5,0,0,5,0,0,0.434482464783174761084782871525556271809021898883564142795326
5,2026-08-20,"[2,4)","[-2,0)",9,0,0,9,0,0,0.299145048419544047401396624497912492455149790579105641605840
5,2026-08-20,"[2,4)","[0,2)",9,0,0,9,0,0,0.299145048419544047401396624497912492455149790579105641605840
5,2026-08-20,"[2,4)",>=2,2,0,0,2,0,0,0.657619772493346908066213171022805867761678469589830388837810
5,2026-08-20,"[4,8)",<-2,9,0,0,9,0,0,0.299145048419544047401396624497912492455149790579105641605840
5,2026-08-20,"[4,8)","[-2,0)",18,0,0,18,0,0,0.175879223646657630299759265673340687198492408383498668745102
5,2026-08-20,"[4,8)","[0,2)",19,1,0,18,0,0,0.175879223646657630299759265673340687198492408383498668745102
5,2026-08-20,"[4,8)",>=2,14,1,0,13,0,1E-60,0.228095372354198371443420042369827223554730318588668470106495
5,2026-08-20,"[8,infinity)",<-2,30,0,0,30,0,0,0.113513393173968749941088969242882139187892157115904711864309
5,2026-08-20,"[8,infinity)","[-2,0)",26,0,0,26,0,0,0.128728921859215295149407654933370962769244819176962274963284
5,2026-08-20,"[8,infinity)","[0,2)",29,0,0,29,0,0,0.116969798499740742321570618566042766673886847202390383923475
5,2026-08-20,"[8,infinity)",>=2,55,0,0,55,0,0,0.0652849011170863617082752164831945160186431362702498605244216
5,2026-08-21,"[0,1)",<-2,6,0,6,6,1,0.609665712097834675101292944857762391814374326263201714759228,1
5,2026-08-21,"[0,1)","[-2,0)",4,0,1,4,0.25,0.045587260809700566421210903550181973719959137374694927176083,0.699358157417598084435057391376053549510099795959932137549015
5,2026-08-21,"[0,1)","[0,2)",5,0,0,5,0,0,0.434482464783174761084782871525556271809021898883564142795326
5,2026-08-21,"[0,1)",>=2,3,0,0,3,0,0,0.561497031755045466784538763394810946683797969450889274137888
5,2026-08-21,"[1,2)",<-2,3,0,0,3,0,0,0.561497031755045466784538763394810946683797969450889274137888
5,2026-08-21,"[1,2)","[-2,0)",3,1,0,2,0,0,0.657619772493346908066213171022805867761678469589830388837810
5,2026-08-21,"[1,2)","[0,2)",0,0,0,0,,,
5,2026-08-21,"[1,2)",>=2,0,0,0,0,,,
5,2026-08-21,"[2,4)",<-2,5,2,1,3,0.333333333333333333333333333333333333333333333333333333333333,0.061491944720396241873444442939187390780210775328990142673567,0.792340399197952247054735144859082924781055214487972948705729
5,2026-08-21,"[2,4)","[-2,0)",11,0,0,11,0,0,0.258832966968031690622885270690496860752291234813264358589584
5,2026-08-21,"[2,4)","[0,2)",5,0,0,5,0,0,0.434482464783174761084782871525556271809021898883564142795326
5,2026-08-21,"[2,4)",>=2,6,1,0,5,0,0,0.434482464783174761084782871525556271809021898883564142795326
5,2026-08-21,"[4,8)",<-2,9,0,0,9,0,0,0.299145048419544047401396624497912492455149790579105641605840
5,2026-08-21,"[4,8)","[-2,0)",8,0,0,8,0,0,0.324407564883880212890280277144521794238395570390205804016566
5,2026-08-21,"[4,8)","[0,2)",7,2,0,5,0,0,0.434482464783174761084782871525556271809021898883564142795326
5,2026-08-21,"[4,8)",>=2,14,2,0,12,0,0,0.242494006655240850743536740887323444981368621780736059953412
5,2026-08-21,"[8,infinity)",<-2,48,2,0,46,0,0,0.0770735630855803739782707173457028486860107581201611900926340
5,2026-08-21,"[8,infinity)","[-2,0)",32,2,0,30,0,0,0.113513393173968749941088969242882139187892157115904711864309
5,2026-08-21,"[8,infinity)","[0,2)",31,5,0,26,0,0,0.128728921859215295149407654933370962769244819176962274963284
5,2026-08-21,"[8,infinity)",>=2,59,5,0,54,0,0,0.0664135880908963855375278976388973577065364193631704384352427
5,2026-08-22,"[0,1)",<-2,3,0,3,3,1,0.438502968244954533215461236605189053316202030549110725862112,1
5,2026-08-22,"[0,1)","[-2,0)",7,0,1,7,0.142857142857142857142857142857142857142857142857142857142857,0.025679624344743560607128914884008804252331158419792918804746,0.513127829274318868525875970782987437609875590583912171444036
5,2026-08-22,"[0,1)","[0,2)",4,0,1,4,0.25,0.045587260809700566421210903550181973719959137374694927176083,0.699358157417598084435057391376053549510099795959932137549015
5,2026-08-22,"[0,1)",>=2,5,0,0,5,0,0,0.434482464783174761084782871525556271809021898883564142795326
5,2026-08-22,"[1,2)",<-2,6,0,1,6,0.166666666666666666666666666666666666666666666666666666666667,0.030053369748306669995961946390895487521438424174221601471187,0.563502822186470213269842757037262917935645358316977255355995
5,2026-08-22,"[1,2)","[-2,0)",7,0,0,7,0,0,0.354330435066687400786206839933794738607089448605187126348296
5,2026-08-22,"[1,2)","[0,2)",9,0,0,9,0,0,0.299145048419544047401396624497912492455149790579105641605840
5,2026-08-22,"[1,2)",>=2,5,0,0,5,0,0,0.434482464783174761084782871525556271809021898883564142795326
5,2026-08-22,"[2,4)",<-2,3,0,0,3,0,0,0.561497031755045466784538763394810946683797969450889274137888
5,2026-08-22,"[2,4)","[-2,0)",19,0,0,19,0,0,0.168179224052616251649710921498033188457137988100478093057389
5,2026-08-22,"[2,4)","[0,2)",16,0,0,16,0,0,0.193607680534436484397123030315166534447518308110879063675717
5,2026-08-22,"[2,4)",>=2,8,0,0,8,0,0,0.324407564883880212890280277144521794238395570390205804016566
5,2026-08-22,"[4,8)",<-2,13,0,0,13,0,1E-60,0.228095372354198371443420042369827223554730318588668470106495
5,2026-08-22,"[4,8)","[-2,0)",21,0,0,21,0,0,0.154639018924846951507636945003626730599908470059449552977985
5,2026-08-22,"[4,8)","[0,2)",25,0,0,25,0,0,0.133192250939048476302451276015897355794721028940851862306375
5,2026-08-22,"[4,8)",>=2,14,0,0,14,0,1E-60,0.215310802737635801499416731029276965760554953382265415776069
5,2026-08-22,"[8,infinity)",<-2,24,0,0,24,0,0,0.137976204674980184720288987191152453368712544577434277225593
5,2026-08-22,"[8,infinity)","[-2,0)",21,0,0,21,0,0,0.154639018924846951507636945003626730599908470059449552977985
5,2026-08-22,"[8,infinity)","[0,2)",37,0,0,37,0,0,0.0940578258372024807966737008331431353361241242445789105818134
5,2026-08-22,"[8,infinity)",>=2,25,0,0,25,0,0,0.133192250939048476302451276015897355794721028940851862306375
5,2026-08-23,"[0,1)",<-2,1,0,0,1,0,0,0.793450685622762572644686990659235135454905747938657255997644
5,2026-08-23,"[0,1)","[-2,0)",11,0,1,11,0.0909090909090909090909090909090909090909090909090909090909091,0.016232172885884845686826985683594359775015595838264491904934,0.377358436451595628459170053972266708113222687190769983304724
5,2026-08-23,"[0,1)","[0,2)",8,0,1,8,0.125,0.022417491450056672799680864765156704300662439077102905272333,0.470888182212853486868029343093234641378134238715551447740093
5,2026-08-23,"[0,1)",>=2,4,0,0,4,0,0,0.489890836454597301712536589852471046460117866669254129450196
5,2026-08-23,"[1,2)",<-2,0,0,0,0,,,
5,2026-08-23,"[1,2)","[-2,0)",10,0,0,10,0,0,0.277532799862889204526030927043294338473666863904268179277910
5,2026-08-23,"[1,2)","[0,2)",13,0,0,13,0,1E-60,0.228095372354198371443420042369827223554730318588668470106495
5,2026-08-23,"[1,2)",>=2,3,0,0,3,0,0,0.561497031755045466784538763394810946683797969450889274137888
5,2026-08-23,"[2,4)",<-2,8,0,0,8,0,0,0.324407564883880212890280277144521794238395570390205804016566
5,2026-08-23,"[2,4)","[-2,0)",20,0,0,20,0,0,0.161125158052819354664367409458698834644472493370427941636724
5,2026-08-23,"[2,4)","[0,2)",20,0,0,20,0,0,0.161125158052819354664367409458698834644472493370427941636724
5,2026-08-23,"[2,4)",>=2,11,0,0,11,0,0,0.258832966968031690622885270690496860752291234813264358589584
5,2026-08-23,"[4,8)",<-2,13,0,0,13,0,1E-60,0.228095372354198371443420042369827223554730318588668470106495
5,2026-08-23,"[4,8)","[-2,0)",19,0,0,19,0,0,0.168179224052616251649710921498033188457137988100478093057389
5,2026-08-23,"[4,8)","[0,2)",27,0,0,27,0,1E-61,0.124555029741867063560897531223174706536906133650947916372170
5,2026-08-23,"[4,8)",>=2,9,0,0,9,0,0,0.299145048419544047401396624497912492455149790579105641605840
5,2026-08-23,"[8,infinity)",<-2,17,0,0,17,0,0,0.184318135008851803742656742183482675848991885361038668946270
5,2026-08-23,"[8,infinity)","[-2,0)",32,0,0,32,0,0,0.107179198255070614069630916316154767610741869081416234881527
5,2026-08-23,"[8,infinity)","[0,2)",19,0,0,19,0,0,0.168179224052616251649710921498033188457137988100478093057389
5,2026-08-23,"[8,infinity)",>=2,26,0,0,26,0,0,0.128728921859215295149407654933370962769244819176962274963284
5,2026-08-24,"[0,1)",<-2,3,0,2,3,0.666666666666666666666666666666666666666666666666666666666667,0.207659600802047752945264855140917075218944785512027051294273,0.938508055279603758126555557060812609219789224671009857326435
5,2026-08-24,"[0,1)","[-2,0)",3,0,1,3,0.333333333333333333333333333333333333333333333333333333333333,0.061491944720396241873444442939187390780210775328990142673567,0.792340399197952247054735144859082924781055214487972948705729
5,2026-08-24,"[0,1)","[0,2)",9,0,0,9,0,0,0.299145048419544047401396624497912492455149790579105641605840
5,2026-08-24,"[0,1)",>=2,9,0,0,9,0,0,0.299145048419544047401396624497912492455149790579105641605840
5,2026-08-24,"[1,2)",<-2,4,0,0,4,0,0,0.489890836454597301712536589852471046460117866669254129450196
5,2026-08-24,"[1,2)","[-2,0)",3,0,0,3,0,0,0.561497031755045466784538763394810946683797969450889274137888
5,2026-08-24,"[1,2)","[0,2)",2,0,0,2,0,0,0.657619772493346908066213171022805867761678469589830388837810
5,2026-08-24,"[1,2)",>=2,7,0,0,7,0,0,0.354330435066687400786206839933794738607089448605187126348296
5,2026-08-24,"[2,4)",<-2,4,0,0,4,0,0,0.489890836454597301712536589852471046460117866669254129450196
5,2026-08-24,"[2,4)","[-2,0)",10,0,0,10,0,0,0.277532799862889204526030927043294338473666863904268179277910
5,2026-08-24,"[2,4)","[0,2)",13,0,0,13,0,1E-60,0.228095372354198371443420042369827223554730318588668470106495
5,2026-08-24,"[2,4)",>=2,8,0,0,8,0,0,0.324407564883880212890280277144521794238395570390205804016566
5,2026-08-24,"[4,8)",<-2,13,0,0,13,0,1E-60,0.228095372354198371443420042369827223554730318588668470106495
5,2026-08-24,"[4,8)","[-2,0)",20,0,0,20,0,0,0.161125158052819354664367409458698834644472493370427941636724
5,2026-08-24,"[4,8)","[0,2)",14,0,0,14,0,1E-60,0.215310802737635801499416731029276965760554953382265415776069
5,2026-08-24,"[4,8)",>=2,8,0,0,8,0,0,0.324407564883880212890280277144521794238395570390205804016566
5,2026-08-24,"[8,infinity)",<-2,26,0,0,26,0,0,0.128728921859215295149407654933370962769244819176962274963284
5,2026-08-24,"[8,infinity)","[-2,0)",34,0,0,34,0,0,0.101514554153323765588772493480518861287464008360250122371569
5,2026-08-24,"[8,infinity)","[0,2)",27,0,0,27,0,1E-61,0.124555029741867063560897531223174706536906133650947916372170
5,2026-08-24,"[8,infinity)",>=2,52,0,0,52,0,0,0.0687922361238623282407710254090026846061803033122784201188158
5,2026-08-25,"[0,1)",<-2,7,0,2,7,0.285714285714285714285714285714285714285714285714285714285714,0.082218924004056765947248749487853093510976457849667296896903,0.641065548167380691532554181912344651606347591552555757252367
5,2026-08-25,"[0,1)","[-2,0)",4,0,2,4,0.5,0.150038989152149514156900362816506811250894777823785469987184,0.849961010847850485843099637183493188749105222176214530012816
5,2026-08-25,"[0,1)","[0,2)",5,0,0,5,0,0,0.434482464783174761084782871525556271809021898883564142795326
5,2026-08-25,"[0,1)",>=2,2,0,0,2,0,0,0.657619772493346908066213171022805867761678469589830388837810
5,2026-08-25,"[1,2)",<-2,5,0,1,5,0.2,0.036224108632430171022883644562917213075316655041469013721231,0.624465370237474685627986078352416550010096484288669471955965
5,2026-08-25,"[1,2)","[-2,0)",4,0,0,4,0,0,0.489890836454597301712536589852471046460117866669254129450196
5,2026-08-25,"[1,2)","[0,2)",5,0,0,5,0,0,0.434482464783174761084782871525556271809021898883564142795326
5,2026-08-25,"[1,2)",>=2,3,0,0,3,0,0,0.561497031755045466784538763394810946683797969450889274137888
5,2026-08-25,"[2,4)",<-2,9,0,0,9,0,0,0.299145048419544047401396624497912492455149790579105641605840
5,2026-08-25,"[2,4)","[-2,0)",14,0,0,14,0,1E-60,0.215310802737635801499416731029276965760554953382265415776069
5,2026-08-25,"[2,4)","[0,2)",10,0,0,10,0,0,0.277532799862889204526030927043294338473666863904268179277910
5,2026-08-25,"[2,4)",>=2,7,0,0,7,0,0,0.354330435066687400786206839933794738607089448605187126348296
5,2026-08-25,"[4,8)",<-2,8,0,0,8,0,0,0.324407564883880212890280277144521794238395570390205804016566
5,2026-08-25,"[4,8)","[-2,0)",25,0,0,25,0,0,0.133192250939048476302451276015897355794721028940851862306375
5,2026-08-25,"[4,8)","[0,2)",10,0,0,10,0,0,0.277532799862889204526030927043294338473666863904268179277910
5,2026-08-25,"[4,8)",>=2,16,0,0,16,0,0,0.193607680534436484397123030315166534447518308110879063675717
5,2026-08-25,"[8,infinity)",<-2,32,0,0,32,0,0,0.107179198255070614069630916316154767610741869081416234881527
5,2026-08-25,"[8,infinity)","[-2,0)",32,0,0,32,0,0,0.107179198255070614069630916316154767610741869081416234881527
5,2026-08-25,"[8,infinity)","[0,2)",35,0,0,35,0,0,0.0989009923244040343269259218648434359116695776673122585987557
5,2026-08-25,"[8,infinity)",>=2,39,0,0,39,0,0,0.0896668537075714133476580181364055496168425388921970053236772
5,2026-08-26,"[0,1)",<-2,4,0,2,4,0.5,0.150038989152149514156900362816506811250894777823785469987184,0.849961010847850485843099637183493188749105222176214530012816
5,2026-08-26,"[0,1)","[-2,0)",7,0,1,7,0.142857142857142857142857142857142857142857142857142857142857,0.025679624344743560607128914884008804252331158419792918804746,0.513127829274318868525875970782987437609875590583912171444036
5,2026-08-26,"[0,1)","[0,2)",5,0,0,5,0,0,0.434482464783174761084782871525556271809021898883564142795326
5,2026-08-26,"[0,1)",>=2,3,0,0,3,0,0,0.561497031755045466784538763394810946683797969450889274137888
5,2026-08-26,"[1,2)",<-2,5,0,0,5,0,0,0.434482464783174761084782871525556271809021898883564142795326
5,2026-08-26,"[1,2)","[-2,0)",5,0,0,5,0,0,0.434482464783174761084782871525556271809021898883564142795326
5,2026-08-26,"[1,2)","[0,2)",9,0,0,9,0,0,0.299145048419544047401396624497912492455149790579105641605840
5,2026-08-26,"[1,2)",>=2,5,0,0,5,0,0,0.434482464783174761084782871525556271809021898883564142795326
5,2026-08-26,"[2,4)",<-2,5,0,0,5,0,0,0.434482464783174761084782871525556271809021898883564142795326
5,2026-08-26,"[2,4)","[-2,0)",13,0,0,13,0,1E-60,0.228095372354198371443420042369827223554730318588668470106495
5,2026-08-26,"[2,4)","[0,2)",26,0,0,26,0,0,0.128728921859215295149407654933370962769244819176962274963284
5,2026-08-26,"[2,4)",>=2,5,0,0,5,0,0,0.434482464783174761084782871525556271809021898883564142795326
5,2026-08-26,"[4,8)",<-2,14,0,0,14,0,1E-60,0.215310802737635801499416731029276965760554953382265415776069
5,2026-08-26,"[4,8)","[-2,0)",29,0,0,29,0,0,0.116969798499740742321570618566042766673886847202390383923475
5,2026-08-26,"[4,8)","[0,2)",25,0,0,25,0,0,0.133192250939048476302451276015897355794721028940851862306375
5,2026-08-26,"[4,8)",>=2,13,0,0,13,0,1E-60,0.228095372354198371443420042369827223554730318588668470106495
5,2026-08-26,"[8,infinity)",<-2,13,0,0,13,0,1E-60,0.228095372354198371443420042369827223554730318588668470106495
5,2026-08-26,"[8,infinity)","[-2,0)",30,0,0,30,0,0,0.113513393173968749941088969242882139187892157115904711864309
5,2026-08-26,"[8,infinity)","[0,2)",25,0,0,25,0,0,0.133192250939048476302451276015897355794721028940851862306375
5,2026-08-26,"[8,infinity)",>=2,35,0,0,35,0,0,0.0989009923244040343269259218648434359116695776673122585987557
5,2026-08-27,"[0,1)",<-2,4,0,2,4,0.5,0.150038989152149514156900362816506811250894777823785469987184,0.849961010847850485843099637183493188749105222176214530012816
5,2026-08-27,"[0,1)","[-2,0)",13,0,3,13,0.230769230769230769230769230769230769230769230769230769230769,0.081795287184985631736579088284239642563328711695549236007848,0.502563759467275029809877857607205785504602998313733786357190
5,2026-08-27,"[0,1)","[0,2)",9,0,0,9,0,0,0.299145048419544047401396624497912492455149790579105641605840
5,2026-08-27,"[0,1)",>=2,2,0,0,2,0,0,0.657619772493346908066213171022805867761678469589830388837810
5,2026-08-27,"[1,2)",<-2,5,0,0,5,0,0,0.434482464783174761084782871525556271809021898883564142795326
5,2026-08-27,"[1,2)","[-2,0)",7,0,0,7,0,0,0.354330435066687400786206839933794738607089448605187126348296
5,2026-08-27,"[1,2)","[0,2)",7,0,0,7,0,0,0.354330435066687400786206839933794738607089448605187126348296
5,2026-08-27,"[1,2)",>=2,2,0,0,2,0,0,0.657619772493346908066213171022805867761678469589830388837810
5,2026-08-27,"[2,4)",<-2,5,0,0,5,0,0,0.434482464783174761084782871525556271809021898883564142795326
5,2026-08-27,"[2,4)","[-2,0)",13,0,0,13,0,1E-60,0.228095372354198371443420042369827223554730318588668470106495
5,2026-08-27,"[2,4)","[0,2)",23,0,0,23,0,0,0.143116618450426838883472276642405084339263420435897481157223
5,2026-08-27,"[2,4)",>=2,8,0,0,8,0,0,0.324407564883880212890280277144521794238395570390205804016566
5,2026-08-27,"[4,8)",<-2,18,0,0,18,0,0,0.175879223646657630299759265673340687198492408383498668745102
5,2026-08-27,"[4,8)","[-2,0)",15,0,0,15,0,0,0.203883301035848588906113525033002846962414143120117784623588
5,2026-08-27,"[4,8)","[0,2)",22,0,0,22,0,0,0.148654874608620875261529651123205956231015521669584153863614
5,2026-08-27,"[4,8)",>=2,18,0,0,18,0,0,0.175879223646657630299759265673340687198492408383498668745102
5,2026-08-27,"[8,infinity)",<-2,16,0,0,16,0,0,0.193607680534436484397123030315166534447518308110879063675717
5,2026-08-27,"[8,infinity)","[-2,0)",28,0,0,28,0,0,0.120643304765845633983553520438697530858973767234507701423027
5,2026-08-27,"[8,infinity)","[0,2)",32,0,0,32,0,0,0.107179198255070614069630916316154767610741869081416234881527
5,2026-08-27,"[8,infinity)",>=2,28,0,0,28,0,0,0.120643304765845633983553520438697530858973767234507701423027
5,2026-08-28,"[0,1)",<-2,5,0,3,5,0.6,0.230724281276012960514584397140024627212918715729512090080818,0.882379225767352087268459028554864118425276904493775081360116
5,2026-08-28,"[0,1)","[-2,0)",5,0,0,5,0,0,0.434482464783174761084782871525556271809021898883564142795326
5,2026-08-28,"[0,1)","[0,2)",13,0,0,13,0,1E-60,0.228095372354198371443420042369827223554730318588668470106495
5,2026-08-28,"[0,1)",>=2,0,0,0,0,,,
5,2026-08-28,"[1,2)",<-2,2,0,0,2,0,0,0.657619772493346908066213171022805867761678469589830388837810
5,2026-08-28,"[1,2)","[-2,0)",10,0,0,10,0,0,0.277532799862889204526030927043294338473666863904268179277910
5,2026-08-28,"[1,2)","[0,2)",10,0,0,10,0,0,0.277532799862889204526030927043294338473666863904268179277910
5,2026-08-28,"[1,2)",>=2,3,0,0,3,0,0,0.561497031755045466784538763394810946683797969450889274137888
5,2026-08-28,"[2,4)",<-2,7,0,0,7,0,0,0.354330435066687400786206839933794738607089448605187126348296
5,2026-08-28,"[2,4)","[-2,0)",16,0,0,16,0,0,0.193607680534436484397123030315166534447518308110879063675717
5,2026-08-28,"[2,4)","[0,2)",17,0,0,17,0,0,0.184318135008851803742656742183482675848991885361038668946270
5,2026-08-28,"[2,4)",>=2,4,0,0,4,0,0,0.489890836454597301712536589852471046460117866669254129450196
5,2026-08-28,"[4,8)",<-2,6,0,0,6,0,0,0.390334287902165324898707055142237608185625673736798285240772
5,2026-08-28,"[4,8)","[-2,0)",20,0,0,20,0,0,0.161125158052819354664367409458698834644472493370427941636724
5,2026-08-28,"[4,8)","[0,2)",24,0,0,24,0,0,0.137976204674980184720288987191152453368712544577434277225593
5,2026-08-28,"[4,8)",>=2,5,0,0,5,0,0,0.434482464783174761084782871525556271809021898883564142795326
5,2026-08-28,"[8,infinity)",<-2,24,0,0,24,0,0,0.137976204674980184720288987191152453368712544577434277225593
5,2026-08-28,"[8,infinity)","[-2,0)",23,0,0,23,0,0,0.143116618450426838883472276642405084339263420435897481157223
5,2026-08-28,"[8,infinity)","[0,2)",40,0,0,40,0,0,0.0876216011972866346356086872023508038951983377213078295861324
5,2026-08-28,"[8,infinity)",>=2,36,0,0,36,0,0,0.0964186285944636615382445947927992309228324969090787481472514
5,2026-08-29,"[0,1)",<-2,2,0,0,2,0,0,0.657619772493346908066213171022805867761678469589830388837810
5,2026-08-29,"[0,1)","[-2,0)",19,0,4,19,0.210526315789473684210526315789473684210526315789473684210526,0.085076766329162492394245251408520388737694231196638160466287,0.433342784438141653297692650511393562474333025072059682882727
5,2026-08-29,"[0,1)","[0,2)",19,0,0,19,0,0,0.168179224052616251649710921498033188457137988100478093057389
5,2026-08-29,"[0,1)",>=2,6,0,0,6,0,0,0.390334287902165324898707055142237608185625673736798285240772
5,2026-08-29,"[1,2)",<-2,0,0,0,0,,,
5,2026-08-29,"[1,2)","[-2,0)",24,0,0,24,0,0,0.137976204674980184720288987191152453368712544577434277225593
5,2026-08-29,"[1,2)","[0,2)",23,0,0,23,0,0,0.143116618450426838883472276642405084339263420435897481157223
5,2026-08-29,"[1,2)",>=2,4,0,0,4,0,0,0.489890836454597301712536589852471046460117866669254129450196
5,2026-08-29,"[2,4)",<-2,0,0,0,0,,,
5,2026-08-29,"[2,4)","[-2,0)",30,0,0,30,0,0,0.113513393173968749941088969242882139187892157115904711864309
5,2026-08-29,"[2,4)","[0,2)",35,0,0,35,0,0,0.0989009923244040343269259218648434359116695776673122585987557
5,2026-08-29,"[2,4)",>=2,4,0,0,4,0,0,0.489890836454597301712536589852471046460117866669254129450196
5,2026-08-29,"[4,8)",<-2,3,0,0,3,0,0,0.561497031755045466784538763394810946683797969450889274137888
5,2026-08-29,"[4,8)","[-2,0)",25,0,0,25,0,0,0.133192250939048476302451276015897355794721028940851862306375
5,2026-08-29,"[4,8)","[0,2)",43,0,0,43,0,0,0.0820098032257911641526771184451815481418608757099502151814816
5,2026-08-29,"[4,8)",>=2,5,0,0,5,0,0,0.434482464783174761084782871525556271809021898883564142795326
5,2026-08-29,"[8,infinity)",<-2,2,0,0,2,0,0,0.657619772493346908066213171022805867761678469589830388837810
5,2026-08-29,"[8,infinity)","[-2,0)",6,0,0,6,0,0,0.390334287902165324898707055142237608185625673736798285240772
5,2026-08-29,"[8,infinity)","[0,2)",14,0,0,14,0,1E-60,0.215310802737635801499416731029276965760554953382265415776069
5,2026-08-29,"[8,infinity)",>=2,1,0,0,1,0,0,0.793450685622762572644686990659235135454905747938657255997644
5,2026-08-30,"[0,1)",<-2,1,0,1,1,1,0.206549314377237427355313009340764864545094252061342744002356,1
5,2026-08-30,"[0,1)","[-2,0)",24,0,1,24,0.0416666666666666666666666666666666666666666666666666666666667,0.0073934561655057863804228563948425017522169721780705972927653,0.202418064786559382946508715197047247169102860351244156830695
5,2026-08-30,"[0,1)","[0,2)",20,0,1,20,0.05,0.008881448800795391602879473430907108230127032845046417582298,0.236131193446742027595051195081921842949898211188338729890754
5,2026-08-30,"[0,1)",>=2,0,0,0,0,,,
5,2026-08-30,"[1,2)",<-2,2,0,0,2,0,0,0.657619772493346908066213171022805867761678469589830388837810
5,2026-08-30,"[1,2)","[-2,0)",16,0,0,16,0,0,0.193607680534436484397123030315166534447518308110879063675717
5,2026-08-30,"[1,2)","[0,2)",18,0,0,18,0,0,0.175879223646657630299759265673340687198492408383498668745102
5,2026-08-30,"[1,2)",>=2,2,0,0,2,0,0,0.657619772493346908066213171022805867761678469589830388837810
5,2026-08-30,"[2,4)",<-2,6,0,0,6,0,0,0.390334287902165324898707055142237608185625673736798285240772
5,2026-08-30,"[2,4)","[-2,0)",32,0,0,32,0,0,0.107179198255070614069630916316154767610741869081416234881527
5,2026-08-30,"[2,4)","[0,2)",29,0,0,29,0,0,0.116969798499740742321570618566042766673886847202390383923475
5,2026-08-30,"[2,4)",>=2,5,0,0,5,0,0,0.434482464783174761084782871525556271809021898883564142795326
5,2026-08-30,"[4,8)",<-2,6,0,0,6,0,0,0.390334287902165324898707055142237608185625673736798285240772
5,2026-08-30,"[4,8)","[-2,0)",27,0,0,27,0,1E-61,0.124555029741867063560897531223174706536906133650947916372170
5,2026-08-30,"[4,8)","[0,2)",27,0,0,27,0,1E-61,0.124555029741867063560897531223174706536906133650947916372170
5,2026-08-30,"[4,8)",>=2,10,0,0,10,0,0,0.277532799862889204526030927043294338473666863904268179277910
5,2026-08-30,"[8,infinity)",<-2,5,0,0,5,0,0,0.434482464783174761084782871525556271809021898883564142795326
5,2026-08-30,"[8,infinity)","[-2,0)",14,0,0,14,0,1E-60,0.215310802737635801499416731029276965760554953382265415776069
5,2026-08-30,"[8,infinity)","[0,2)",17,0,0,17,0,0,0.184318135008851803742656742183482675848991885361038668946270
5,2026-08-30,"[8,infinity)",>=2,16,0,0,16,0,0,0.193607680534436484397123030315166534447518308110879063675717
5,2026-08-31,"[0,1)",<-2,2,0,1,2,0.5,0.094531205734230729793326600900495328768115141516490687279156,0.905468794265769270206673399099504671231884858483509312720844
5,2026-08-31,"[0,1)","[-2,0)",7,0,2,7,0.285714285714285714285714285714285714285714285714285714285714,0.082218924004056765947248749487853093510976457849667296896903,0.641065548167380691532554181912344651606347591552555757252367
5,2026-08-31,"[0,1)","[0,2)",6,0,0,6,0,0,0.390334287902165324898707055142237608185625673736798285240772
5,2026-08-31,"[0,1)",>=2,2,0,0,2,0,0,0.657619772493346908066213171022805867761678469589830388837810
5,2026-08-31,"[1,2)",<-2,4,0,0,4,0,0,0.489890836454597301712536589852471046460117866669254129450196
5,2026-08-31,"[1,2)","[-2,0)",5,0,0,5,0,0,0.434482464783174761084782871525556271809021898883564142795326
5,2026-08-31,"[1,2)","[0,2)",13,0,0,13,0,1E-60,0.228095372354198371443420042369827223554730318588668470106495
5,2026-08-31,"[1,2)",>=2,0,0,0,0,,,
5,2026-08-31,"[2,4)",<-2,11,0,0,11,0,0,0.258832966968031690622885270690496860752291234813264358589584
5,2026-08-31,"[2,4)","[-2,0)",21,0,0,21,0,0,0.154639018924846951507636945003626730599908470059449552977985
5,2026-08-31,"[2,4)","[0,2)",14,0,0,14,0,1E-60,0.215310802737635801499416731029276965760554953382265415776069
5,2026-08-31,"[2,4)",>=2,9,0,0,9,0,0,0.299145048419544047401396624497912492455149790579105641605840
5,2026-08-31,"[4,8)",<-2,4,0,0,4,0,0,0.489890836454597301712536589852471046460117866669254129450196
5,2026-08-31,"[4,8)","[-2,0)",23,0,0,23,0,0,0.143116618450426838883472276642405084339263420435897481157223
5,2026-08-31,"[4,8)","[0,2)",31,0,0,31,0,0,0.110255395460435947523151756013484623904252359343767063579533
5,2026-08-31,"[4,8)",>=2,13,0,0,13,0,1E-60,0.228095372354198371443420042369827223554730318588668470106495
5,2026-08-31,"[8,infinity)",<-2,18,0,0,18,0,0,0.175879223646657630299759265673340687198492408383498668745102
5,2026-08-31,"[8,infinity)","[-2,0)",27,0,0,27,0,1E-61,0.124555029741867063560897531223174706536906133650947916372170
5,2026-08-31,"[8,infinity)","[0,2)",34,0,0,34,0,0,0.101514554153323765588772493480518861287464008360250122371569
5,2026-08-31,"[8,infinity)",>=2,30,0,0,30,0,0,0.113513393173968749941088969242882139187892157115904711864309
5,2026-09-01,"[0,1)",<-2,4,0,4,4,1,0.510109163545402698287463410147528953539882133330745870549804,1
5,2026-09-01,"[0,1)","[-2,0)",8,0,1,8,0.125,0.022417491450056672799680864765156704300662439077102905272333,0.470888182212853486868029343093234641378134238715551447740093
5,2026-09-01,"[0,1)","[0,2)",6,0,0,6,0,0,0.390334287902165324898707055142237608185625673736798285240772
5,2026-09-01,"[0,1)",>=2,3,0,0,3,0,0,0.561497031755045466784538763394810946683797969450889274137888
5,2026-09-01,"[1,2)",<-2,3,0,0,3,0,0,0.561497031755045466784538763394810946683797969450889274137888
5,2026-09-01,"[1,2)","[-2,0)",9,0,0,9,0,0,0.299145048419544047401396624497912492455149790579105641605840
5,2026-09-01,"[1,2)","[0,2)",6,0,0,6,0,0,0.390334287902165324898707055142237608185625673736798285240772
5,2026-09-01,"[1,2)",>=2,5,0,0,5,0,0,0.434482464783174761084782871525556271809021898883564142795326
5,2026-09-01,"[2,4)",<-2,3,0,0,3,0,0,0.561497031755045466784538763394810946683797969450889274137888
5,2026-09-01,"[2,4)","[-2,0)",14,0,0,14,0,1E-60,0.215310802737635801499416731029276965760554953382265415776069
5,2026-09-01,"[2,4)","[0,2)",28,0,0,28,0,0,0.120643304765845633983553520438697530858973767234507701423027
5,2026-09-01,"[2,4)",>=2,3,0,0,3,0,0,0.561497031755045466784538763394810946683797969450889274137888
5,2026-09-01,"[4,8)",<-2,10,0,0,10,0,0,0.277532799862889204526030927043294338473666863904268179277910
5,2026-09-01,"[4,8)","[-2,0)",27,0,0,27,0,1E-61,0.124555029741867063560897531223174706536906133650947916372170
5,2026-09-01,"[4,8)","[0,2)",22,0,0,22,0,0,0.148654874608620875261529651123205956231015521669584153863614
5,2026-09-01,"[4,8)",>=2,13,0,0,13,0,1E-60,0.228095372354198371443420042369827223554730318588668470106495
5,2026-09-01,"[8,infinity)",<-2,14,0,0,14,0,1E-60,0.215310802737635801499416731029276965760554953382265415776069
5,2026-09-01,"[8,infinity)","[-2,0)",33,0,0,33,0,0,0.104269997542452055904110156546589646564609266108543906361983
5,2026-09-01,"[8,infinity)","[0,2)",28,0,0,28,0,0,0.120643304765845633983553520438697530858973767234507701423027
5,2026-09-01,"[8,infinity)",>=2,31,0,0,31,0,0,0.110255395460435947523151756013484623904252359343767063579533
5,2026-09-02,"[0,1)",<-2,2,0,1,2,0.5,0.094531205734230729793326600900495328768115141516490687279156,0.905468794265769270206673399099504671231884858483509312720844
5,2026-09-02,"[0,1)","[-2,0)",4,0,0,4,0,0,0.489890836454597301712536589852471046460117866669254129450196
5,2026-09-02,"[0,1)","[0,2)",9,0,0,9,0,0,0.299145048419544047401396624497912492455149790579105641605840
5,2026-09-02,"[0,1)",>=2,5,0,0,5,0,0,0.434482464783174761084782871525556271809021898883564142795326
5,2026-09-02,"[1,2)",<-2,2,0,0,2,0,0,0.657619772493346908066213171022805867761678469589830388837810
5,2026-09-02,"[1,2)","[-2,0)",12,0,0,12,0,0,0.242494006655240850743536740887323444981368621780736059953412
5,2026-09-02,"[1,2)","[0,2)",7,0,0,7,0,0,0.354330435066687400786206839933794738607089448605187126348296
5,2026-09-02,"[1,2)",>=2,2,0,0,2,0,0,0.657619772493346908066213171022805867761678469589830388837810
5,2026-09-02,"[2,4)",<-2,11,0,0,11,0,0,0.258832966968031690622885270690496860752291234813264358589584
5,2026-09-02,"[2,4)","[-2,0)",11,0,0,11,0,0,0.258832966968031690622885270690496860752291234813264358589584
5,2026-09-02,"[2,4)","[0,2)",16,0,0,16,0,0,0.193607680534436484397123030315166534447518308110879063675717
5,2026-09-02,"[2,4)",>=2,7,0,0,7,0,0,0.354330435066687400786206839933794738607089448605187126348296
5,2026-09-02,"[4,8)",<-2,9,0,0,9,0,0,0.299145048419544047401396624497912492455149790579105641605840
5,2026-09-02,"[4,8)","[-2,0)",15,0,0,15,0,0,0.203883301035848588906113525033002846962414143120117784623588
5,2026-09-02,"[4,8)","[0,2)",32,0,0,32,0,0,0.107179198255070614069630916316154767610741869081416234881527
5,2026-09-02,"[4,8)",>=2,17,0,0,17,0,0,0.184318135008851803742656742183482675848991885361038668946270
5,2026-09-02,"[8,infinity)",<-2,19,0,0,19,0,0,0.168179224052616251649710921498033188457137988100478093057389
5,2026-09-02,"[8,infinity)","[-2,0)",27,0,0,27,0,1E-61,0.124555029741867063560897531223174706536906133650947916372170
5,2026-09-02,"[8,infinity)","[0,2)",34,0,0,34,0,0,0.101514554153323765588772493480518861287464008360250122371569
5,2026-09-02,"[8,infinity)",>=2,26,0,0,26,0,0,0.128728921859215295149407654933370962769244819176962274963284
5,2026-09-03,"[0,1)",<-2,4,0,4,4,1,0.510109163545402698287463410147528953539882133330745870549804,1
5,2026-09-03,"[0,1)","[-2,0)",4,0,0,4,0,0,0.489890836454597301712536589852471046460117866669254129450196
5,2026-09-03,"[0,1)","[0,2)",6,0,0,6,0,0,0.390334287902165324898707055142237608185625673736798285240772
5,2026-09-03,"[0,1)",>=2,5,0,0,5,0,0,0.434482464783174761084782871525556271809021898883564142795326
5,2026-09-03,"[1,2)",<-2,6,0,0,6,0,0,0.390334287902165324898707055142237608185625673736798285240772
5,2026-09-03,"[1,2)","[-2,0)",6,0,0,6,0,0,0.390334287902165324898707055142237608185625673736798285240772
5,2026-09-03,"[1,2)","[0,2)",12,0,0,12,0,0,0.242494006655240850743536740887323444981368621780736059953412
5,2026-09-03,"[1,2)",>=2,0,0,0,0,,,
5,2026-09-03,"[2,4)",<-2,13,0,0,13,0,1E-60,0.228095372354198371443420042369827223554730318588668470106495
5,2026-09-03,"[2,4)","[-2,0)",9,0,0,9,0,0,0.299145048419544047401396624497912492455149790579105641605840
5,2026-09-03,"[2,4)","[0,2)",18,0,0,18,0,0,0.175879223646657630299759265673340687198492408383498668745102
5,2026-09-03,"[2,4)",>=2,6,0,0,6,0,0,0.390334287902165324898707055142237608185625673736798285240772
5,2026-09-03,"[4,8)",<-2,9,0,0,9,0,0,0.299145048419544047401396624497912492455149790579105641605840
5,2026-09-03,"[4,8)","[-2,0)",24,0,0,24,0,0,0.137976204674980184720288987191152453368712544577434277225593
5,2026-09-03,"[4,8)","[0,2)",20,0,0,20,0,0,0.161125158052819354664367409458698834644472493370427941636724
5,2026-09-03,"[4,8)",>=2,13,0,0,13,0,1E-60,0.228095372354198371443420042369827223554730318588668470106495
5,2026-09-03,"[8,infinity)",<-2,18,0,0,18,0,0,0.175879223646657630299759265673340687198492408383498668745102
5,2026-09-03,"[8,infinity)","[-2,0)",31,0,0,31,0,0,0.110255395460435947523151756013484623904252359343767063579533
5,2026-09-03,"[8,infinity)","[0,2)",39,0,0,39,0,0,0.0896668537075714133476580181364055496168425388921970053236772
5,2026-09-03,"[8,infinity)",>=2,31,0,0,31,0,0,0.110255395460435947523151756013484623904252359343767063579533
5,2026-09-04,"[0,1)",<-2,1,0,0,1,0,0,0.793450685622762572644686990659235135454905747938657255997644
5,2026-09-04,"[0,1)","[-2,0)",9,0,0,9,0,0,0.299145048419544047401396624497912492455149790579105641605840
5,2026-09-04,"[0,1)","[0,2)",12,0,0,12,0,0,0.242494006655240850743536740887323444981368621780736059953412
5,2026-09-04,"[0,1)",>=2,1,0,0,1,0,0,0.793450685622762572644686990659235135454905747938657255997644
5,2026-09-04,"[1,2)",<-2,7,0,0,7,0,0,0.354330435066687400786206839933794738607089448605187126348296
5,2026-09-04,"[1,2)","[-2,0)",7,0,0,7,0,0,0.354330435066687400786206839933794738607089448605187126348296
5,2026-09-04,"[1,2)","[0,2)",9,0,0,9,0,0,0.299145048419544047401396624497912492455149790579105641605840
5,2026-09-04,"[1,2)",>=2,5,0,0,5,0,0,0.434482464783174761084782871525556271809021898883564142795326
5,2026-09-04,"[2,4)",<-2,5,0,0,5,0,0,0.434482464783174761084782871525556271809021898883564142795326
5,2026-09-04,"[2,4)","[-2,0)",25,0,0,25,0,0,0.133192250939048476302451276015897355794721028940851862306375
5,2026-09-04,"[2,4)","[0,2)",11,0,0,11,0,0,0.258832966968031690622885270690496860752291234813264358589584
5,2026-09-04,"[2,4)",>=2,11,0,0,11,0,0,0.258832966968031690622885270690496860752291234813264358589584
5,2026-09-04,"[4,8)",<-2,5,0,0,5,0,0,0.434482464783174761084782871525556271809021898883564142795326
5,2026-09-04,"[4,8)","[-2,0)",30,0,0,30,0,0,0.113513393173968749941088969242882139187892157115904711864309
5,2026-09-04,"[4,8)","[0,2)",16,0,0,16,0,0,0.193607680534436484397123030315166534447518308110879063675717
5,2026-09-04,"[4,8)",>=2,17,0,0,17,0,0,0.184318135008851803742656742183482675848991885361038668946270
5,2026-09-04,"[8,infinity)",<-2,19,0,0,19,0,0,0.168179224052616251649710921498033188457137988100478093057389
5,2026-09-04,"[8,infinity)","[-2,0)",22,0,0,22,0,0,0.148654874608620875261529651123205956231015521669584153863614
5,2026-09-04,"[8,infinity)","[0,2)",33,0,0,33,0,0,0.104269997542452055904110156546589646564609266108543906361983
5,2026-09-04,"[8,infinity)",>=2,23,0,0,23,0,0,0.143116618450426838883472276642405084339263420435897481157223
5,2026-09-05,"[0,1)",<-2,1,0,1,1,1,0.206549314377237427355313009340764864545094252061342744002356,1
5,2026-09-05,"[0,1)","[-2,0)",25,0,1,25,0.04,0.0070962335019872584745440387132685775454577814223994890371650,0.195440637361937339723711135221356989785685565203184224284701
5,2026-09-05,"[0,1)","[0,2)",35,0,0,35,0,0,0.0989009923244040343269259218648434359116695776673122585987557
5,2026-09-05,"[0,1)",>=2,6,0,0,6,0,0,0.390334287902165324898707055142237608185625673736798285240772
5,2026-09-05,"[1,2)",<-2,5,0,0,5,0,0,0.434482464783174761084782871525556271809021898883564142795326
5,2026-09-05,"[1,2)","[-2,0)",27,0,0,27,0,1E-61,0.124555029741867063560897531223174706536906133650947916372170
5,2026-09-05,"[1,2)","[0,2)",24,0,0,24,0,0,0.137976204674980184720288987191152453368712544577434277225593
5,2026-09-05,"[1,2)",>=2,1,0,0,1,0,0,0.793450685622762572644686990659235135454905747938657255997644
5,2026-09-05,"[2,4)",<-2,8,0,0,8,0,0,0.324407564883880212890280277144521794238395570390205804016566
5,2026-09-05,"[2,4)","[-2,0)",42,0,0,42,0,1E-61,0.0837987908657039155820891979759801121544070253800093089929563
5,2026-09-05,"[2,4)","[0,2)",26,0,0,26,0,0,0.128728921859215295149407654933370962769244819176962274963284
5,2026-09-05,"[2,4)",>=2,3,0,0,3,0,0,0.561497031755045466784538763394810946683797969450889274137888
5,2026-09-05,"[4,8)",<-2,2,0,0,2,0,0,0.657619772493346908066213171022805867761678469589830388837810
5,2026-09-05,"[4,8)","[-2,0)",23,0,0,23,0,0,0.143116618450426838883472276642405084339263420435897481157223
5,2026-09-05,"[4,8)","[0,2)",28,0,0,28,0,0,0.120643304765845633983553520438697530858973767234507701423027
5,2026-09-05,"[4,8)",>=2,4,0,0,4,0,0,0.489890836454597301712536589852471046460117866669254129450196
5,2026-09-05,"[8,infinity)",<-2,0,0,0,0,,,
5,2026-09-05,"[8,infinity)","[-2,0)",7,0,0,7,0,0,0.354330435066687400786206839933794738607089448605187126348296
5,2026-09-05,"[8,infinity)","[0,2)",9,0,0,9,0,0,0.299145048419544047401396624497912492455149790579105641605840
5,2026-09-05,"[8,infinity)",>=2,3,0,0,3,0,0,0.561497031755045466784538763394810946683797969450889274137888
5,2026-09-06,"[0,1)",<-2,0,0,0,0,,,
5,2026-09-06,"[0,1)","[-2,0)",28,0,3,28,0.107142857142857142857142857142857142857142857142857142857143,0.037118366829300001262786171955497541377300487391947206585936,0.271958515486721568295720165532050518583321758292308844532156
5,2026-09-06,"[0,1)","[0,2)",26,0,1,26,0.0384615384615384615384615384615384615384615384615384615384615,0.0068219849935434809817954443958269886508791889728623281663195,0.188927789030347560694580852465746207751500644113564387184404
5,2026-09-06,"[0,1)",>=2,1,0,0,1,0,0,0.793450685622762572644686990659235135454905747938657255997644
5,2026-09-06,"[1,2)",<-2,4,0,0,4,0,0,0.489890836454597301712536589852471046460117866669254129450196
5,2026-09-06,"[1,2)","[-2,0)",20,0,0,20,0,0,0.161125158052819354664367409458698834644472493370427941636724
5,2026-09-06,"[1,2)","[0,2)",26,0,0,26,0,0,0.128728921859215295149407654933370962769244819176962274963284
5,2026-09-06,"[1,2)",>=2,3,0,0,3,0,0,0.561497031755045466784538763394810946683797969450889274137888
5,2026-09-06,"[2,4)",<-2,3,0,0,3,0,0,0.561497031755045466784538763394810946683797969450889274137888
5,2026-09-06,"[2,4)","[-2,0)",21,0,0,21,0,0,0.154639018924846951507636945003626730599908470059449552977985
5,2026-09-06,"[2,4)","[0,2)",31,0,0,31,0,0,0.110255395460435947523151756013484623904252359343767063579533
5,2026-09-06,"[2,4)",>=2,3,0,0,3,0,0,0.561497031755045466784538763394810946683797969450889274137888
5,2026-09-06,"[4,8)",<-2,10,0,0,10,0,0,0.277532799862889204526030927043294338473666863904268179277910
5,2026-09-06,"[4,8)","[-2,0)",29,0,0,29,0,0,0.116969798499740742321570618566042766673886847202390383923475
5,2026-09-06,"[4,8)","[0,2)",36,0,0,36,0,0,0.0964186285944636615382445947927992309228324969090787481472514
5,2026-09-06,"[4,8)",>=2,5,0,0,5,0,0,0.434482464783174761084782871525556271809021898883564142795326
5,2026-09-06,"[8,infinity)",<-2,4,0,0,4,0,0,0.489890836454597301712536589852471046460117866669254129450196
5,2026-09-06,"[8,infinity)","[-2,0)",8,0,0,8,0,0,0.324407564883880212890280277144521794238395570390205804016566
5,2026-09-06,"[8,infinity)","[0,2)",12,0,0,12,0,0,0.242494006655240850743536740887323444981368621780736059953412
5,2026-09-06,"[8,infinity)",>=2,6,0,0,6,0,0,0.390334287902165324898707055142237608185625673736798285240772
5,2026-09-07,"[0,1)",<-2,4,0,2,4,0.5,0.150038989152149514156900362816506811250894777823785469987184,0.849961010847850485843099637183493188749105222176214530012816
5,2026-09-07,"[0,1)","[-2,0)",20,0,4,20,0.2,0.080657662579798049939120321766488120248982155602954004412897,0.416017432251893562859500123908731180537701340419302760569137
5,2026-09-07,"[0,1)","[0,2)",23,0,0,23,0,0,0.143116618450426838883472276642405084339263420435897481157223
5,2026-09-07,"[0,1)",>=2,5,0,0,5,0,0,0.434482464783174761084782871525556271809021898883564142795326
5,2026-09-07,"[1,2)",<-2,2,0,0,2,0,0,0.657619772493346908066213171022805867761678469589830388837810
5,2026-09-07,"[1,2)","[-2,0)",21,0,0,21,0,0,0.154639018924846951507636945003626730599908470059449552977985
5,2026-09-07,"[1,2)","[0,2)",14,0,0,14,0,1E-60,0.215310802737635801499416731029276965760554953382265415776069
5,2026-09-07,"[1,2)",>=2,5,0,0,5,0,0,0.434482464783174761084782871525556271809021898883564142795326
5,2026-09-07,"[2,4)",<-2,2,0,0,2,0,0,0.657619772493346908066213171022805867761678469589830388837810
5,2026-09-07,"[2,4)","[-2,0)",17,0,0,17,0,0,0.184318135008851803742656742183482675848991885361038668946270
5,2026-09-07,"[2,4)","[0,2)",41,0,0,41,0,0,0.0856675701844318594351844311280687423499582709533817091149619
5,2026-09-07,"[2,4)",>=2,3,0,0,3,0,0,0.561497031755045466784538763394810946683797969450889274137888
5,2026-09-07,"[4,8)",<-2,6,0,0,6,0,0,0.390334287902165324898707055142237608185625673736798285240772
5,2026-09-07,"[4,8)","[-2,0)",17,0,0,17,0,0,0.184318135008851803742656742183482675848991885361038668946270
5,2026-09-07,"[4,8)","[0,2)",39,0,0,39,0,0,0.0896668537075714133476580181364055496168425388921970053236772
5,2026-09-07,"[4,8)",>=2,10,0,0,10,0,0,0.277532799862889204526030927043294338473666863904268179277910
5,2026-09-07,"[8,infinity)",<-2,1,0,0,1,0,0,0.793450685622762572644686990659235135454905747938657255997644
5,2026-09-07,"[8,infinity)","[-2,0)",10,0,0,10,0,0,0.277532799862889204526030927043294338473666863904268179277910
5,2026-09-07,"[8,infinity)","[0,2)",19,0,0,19,0,0,0.168179224052616251649710921498033188457137988100478093057389
5,2026-09-07,"[8,infinity)",>=2,14,0,0,14,0,1E-60,0.215310802737635801499416731029276965760554953382265415776069
5,2026-09-08,"[0,1)",<-2,5,0,4,5,0.8,0.375534629762525314372013921647583449989903515711330528044035,0.963775891367569828977116355437082786924683344958530986278769
5,2026-09-08,"[0,1)","[-2,0)",11,0,2,11,0.181818181818181818181818181818181818181818181818181818181818,0.051367689746085094133963649924377303658571388552538605220008,0.476980561960844163535145158696847971365613942692265986609726
5,2026-09-08,"[0,1)","[0,2)",17,0,0,17,0,0,0.184318135008851803742656742183482675848991885361038668946270
5,2026-09-08,"[0,1)",>=2,2,0,0,2,0,0,0.657619772493346908066213171022805867761678469589830388837810
5,2026-09-08,"[1,2)",<-2,1,0,0,1,0,0,0.793450685622762572644686990659235135454905747938657255997644
5,2026-09-08,"[1,2)","[-2,0)",13,0,0,13,0,1E-60,0.228095372354198371443420042369827223554730318588668470106495
5,2026-09-08,"[1,2)","[0,2)",10,0,0,10,0,0,0.277532799862889204526030927043294338473666863904268179277910
5,2026-09-08,"[1,2)",>=2,6,0,0,6,0,0,0.390334287902165324898707055142237608185625673736798285240772
5,2026-09-08,"[2,4)",<-2,4,0,0,4,0,0,0.489890836454597301712536589852471046460117866669254129450196
5,2026-09-08,"[2,4)","[-2,0)",18,0,0,18,0,0,0.175879223646657630299759265673340687198492408383498668745102
5,2026-09-08,"[2,4)","[0,2)",15,0,0,15,0,0,0.203883301035848588906113525033002846962414143120117784623588
5,2026-09-08,"[2,4)",>=2,5,0,0,5,0,0,0.434482464783174761084782871525556271809021898883564142795326
5,2026-09-08,"[4,8)",<-2,11,0,0,11,0,0,0.258832966968031690622885270690496860752291234813264358589584
5,2026-09-08,"[4,8)","[-2,0)",26,0,0,26,0,0,0.128728921859215295149407654933370962769244819176962274963284
5,2026-09-08,"[4,8)","[0,2)",31,0,0,31,0,0,0.110255395460435947523151756013484623904252359343767063579533
5,2026-09-08,"[4,8)",>=2,13,0,0,13,0,1E-60,0.228095372354198371443420042369827223554730318588668470106495
5,2026-09-08,"[8,infinity)",<-2,14,0,0,14,0,1E-60,0.215310802737635801499416731029276965760554953382265415776069
5,2026-09-08,"[8,infinity)","[-2,0)",17,0,0,17,0,0,0.184318135008851803742656742183482675848991885361038668946270
5,2026-09-08,"[8,infinity)","[0,2)",32,0,0,32,0,0,0.107179198255070614069630916316154767610741869081416234881527
5,2026-09-08,"[8,infinity)",>=2,13,0,0,13,0,1E-60,0.228095372354198371443420042369827223554730318588668470106495
5,2026-09-09,"[0,1)",<-2,5,0,3,5,0.6,0.230724281276012960514584397140024627212918715729512090080818,0.882379225767352087268459028554864118425276904493775081360116
5,2026-09-09,"[0,1)","[-2,0)",8,0,4,8,0.5,0.215216062213877565705923948256803315914944444494181065997357,0.784783937786122434294076051743196684085055555505818934002643
5,2026-09-09,"[0,1)","[0,2)",10,0,0,10,0,0,0.277532799862889204526030927043294338473666863904268179277910
5,2026-09-09,"[0,1)",>=2,4,0,0,4,0,0,0.489890836454597301712536589852471046460117866669254129450196
5,2026-09-09,"[1,2)",<-2,1,0,0,1,0,0,0.793450685622762572644686990659235135454905747938657255997644
5,2026-09-09,"[1,2)","[-2,0)",11,0,0,11,0,0,0.258832966968031690622885270690496860752291234813264358589584
5,2026-09-09,"[1,2)","[0,2)",6,0,0,6,0,0,0.390334287902165324898707055142237608185625673736798285240772
5,2026-09-09,"[1,2)",>=2,4,0,0,4,0,0,0.489890836454597301712536589852471046460117866669254129450196
5,2026-09-09,"[2,4)",<-2,5,0,0,5,0,0,0.434482464783174761084782871525556271809021898883564142795326
5,2026-09-09,"[2,4)","[-2,0)",16,0,0,16,0,0,0.193607680534436484397123030315166534447518308110879063675717
5,2026-09-09,"[2,4)","[0,2)",20,0,0,20,0,0,0.161125158052819354664367409458698834644472493370427941636724
5,2026-09-09,"[2,4)",>=2,7,0,0,7,0,0,0.354330435066687400786206839933794738607089448605187126348296
5,2026-09-09,"[4,8)",<-2,4,0,0,4,0,0,0.489890836454597301712536589852471046460117866669254129450196
5,2026-09-09,"[4,8)","[-2,0)",25,0,0,25,0,0,0.133192250939048476302451276015897355794721028940851862306375
5,2026-09-09,"[4,8)","[0,2)",36,0,0,36,0,0,0.0964186285944636615382445947927992309228324969090787481472514
5,2026-09-09,"[4,8)",>=2,11,0,0,11,0,0,0.258832966968031690622885270690496860752291234813264358589584
5,2026-09-09,"[8,infinity)",<-2,8,0,0,8,0,0,0.324407564883880212890280277144521794238395570390205804016566
5,2026-09-09,"[8,infinity)","[-2,0)",15,0,0,15,0,0,0.203883301035848588906113525033002846962414143120117784623588
5,2026-09-09,"[8,infinity)","[0,2)",25,0,0,25,0,0,0.133192250939048476302451276015897355794721028940851862306375
5,2026-09-09,"[8,infinity)",>=2,20,0,0,20,0,0,0.161125158052819354664367409458698834644472493370427941636724
5,2026-09-10,"[0,1)",<-2,2,0,0,2,0,0,0.657619772493346908066213171022805867761678469589830388837810
5,2026-09-10,"[0,1)","[-2,0)",14,0,2,14,0.142857142857142857142857142857142857142857142857142857142857,0.040093921271464938853036912695479508861184094884878533434050,0.399413794969703490789403609468289752396355157531025334977428
5,2026-09-10,"[0,1)","[0,2)",14,0,0,14,0,1E-60,0.215310802737635801499416731029276965760554953382265415776069
5,2026-09-10,"[0,1)",>=2,1,0,0,1,0,0,0.793450685622762572644686990659235135454905747938657255997644
5,2026-09-10,"[1,2)",<-2,1,0,0,1,0,0,0.793450685622762572644686990659235135454905747938657255997644
5,2026-09-10,"[1,2)","[-2,0)",8,0,0,8,0,0,0.324407564883880212890280277144521794238395570390205804016566
5,2026-09-10,"[1,2)","[0,2)",9,0,0,9,0,0,0.299145048419544047401396624497912492455149790579105641605840
5,2026-09-10,"[1,2)",>=2,3,0,0,3,0,0,0.561497031755045466784538763394810946683797969450889274137888
5,2026-09-10,"[2,4)",<-2,5,0,0,5,0,0,0.434482464783174761084782871525556271809021898883564142795326
5,2026-09-10,"[2,4)","[-2,0)",11,0,0,11,0,0,0.258832966968031690622885270690496860752291234813264358589584
5,2026-09-10,"[2,4)","[0,2)",23,0,0,23,0,0,0.143116618450426838883472276642405084339263420435897481157223
5,2026-09-10,"[2,4)",>=2,7,0,0,7,0,0,0.354330435066687400786206839933794738607089448605187126348296
5,2026-09-10,"[4,8)",<-2,8,0,0,8,0,0,0.324407564883880212890280277144521794238395570390205804016566
5,2026-09-10,"[4,8)","[-2,0)",20,0,0,20,0,0,0.161125158052819354664367409458698834644472493370427941636724
5,2026-09-10,"[4,8)","[0,2)",35,0,0,35,0,0,0.0989009923244040343269259218648434359116695776673122585987557
5,2026-09-10,"[4,8)",>=2,11,0,0,11,0,0,0.258832966968031690622885270690496860752291234813264358589584
5,2026-09-10,"[8,infinity)",<-2,24,0,0,24,0,0,0.137976204674980184720288987191152453368712544577434277225593
5,2026-09-10,"[8,infinity)","[-2,0)",24,0,0,24,0,0,0.137976204674980184720288987191152453368712544577434277225593
5,2026-09-10,"[8,infinity)","[0,2)",24,0,0,24,0,0,0.137976204674980184720288987191152453368712544577434277225593
5,2026-09-10,"[8,infinity)",>=2,22,0,0,22,0,0,0.148654874608620875261529651123205956231015521669584153863614
5,2026-09-11,"[0,1)",<-2,2,0,1,2,0.5,0.094531205734230729793326600900495328768115141516490687279156,0.905468794265769270206673399099504671231884858483509312720844
5,2026-09-11,"[0,1)","[-2,0)",13,0,2,13,0.153846153846153846153846153846153846153846153846153846153846,0.043258178358081204655316136859050533509986792180188296408137,0.422346310194825360190128507858522159720211120688889875204053
5,2026-09-11,"[0,1)","[0,2)",16,0,1,16,0.0625,0.011119344764642533342375492137967463627461582798491024199936,0.283287375702989390505107159387803254014116936798528156516316
5,2026-09-11,"[0,1)",>=2,1,0,0,1,0,0,0.793450685622762572644686990659235135454905747938657255997644
5,2026-09-11,"[1,2)",<-2,1,0,0,1,0,0,0.793450685622762572644686990659235135454905747938657255997644
5,2026-09-11,"[1,2)","[-2,0)",8,0,0,8,0,0,0.324407564883880212890280277144521794238395570390205804016566
5,2026-09-11,"[1,2)","[0,2)",13,0,0,13,0,1E-60,0.228095372354198371443420042369827223554730318588668470106495
5,2026-09-11,"[1,2)",>=2,4,0,0,4,0,0,0.489890836454597301712536589852471046460117866669254129450196
5,2026-09-11,"[2,4)",<-2,5,0,0,5,0,0,0.434482464783174761084782871525556271809021898883564142795326
5,2026-09-11,"[2,4)","[-2,0)",20,0,0,20,0,0,0.161125158052819354664367409458698834644472493370427941636724
5,2026-09-11,"[2,4)","[0,2)",20,0,0,20,0,0,0.161125158052819354664367409458698834644472493370427941636724
5,2026-09-11,"[2,4)",>=2,11,0,0,11,0,0,0.258832966968031690622885270690496860752291234813264358589584
5,2026-09-11,"[4,8)",<-2,9,0,0,9,0,0,0.299145048419544047401396624497912492455149790579105641605840
5,2026-09-11,"[4,8)","[-2,0)",20,0,0,20,0,0,0.161125158052819354664367409458698834644472493370427941636724
5,2026-09-11,"[4,8)","[0,2)",33,0,0,33,0,0,0.104269997542452055904110156546589646564609266108543906361983
5,2026-09-11,"[4,8)",>=2,11,0,0,11,0,0,0.258832966968031690622885270690496860752291234813264358589584
5,2026-09-11,"[8,infinity)",<-2,14,0,0,14,0,1E-60,0.215310802737635801499416731029276965760554953382265415776069
5,2026-09-11,"[8,infinity)","[-2,0)",20,0,0,20,0,0,0.161125158052819354664367409458698834644472493370427941636724
5,2026-09-11,"[8,infinity)","[0,2)",31,0,0,31,0,0,0.110255395460435947523151756013484623904252359343767063579533
5,2026-09-11,"[8,infinity)",>=2,25,0,0,25,0,0,0.133192250939048476302451276015897355794721028940851862306375
5,2026-09-12,"[0,1)",<-2,1,0,1,1,1,0.206549314377237427355313009340764864545094252061342744002356,1
5,2026-09-12,"[0,1)","[-2,0)",40,0,5,40,0.125,0.054595002509454018494157039440137469677421403461704906657933,0.261121198388510957482549475961625633243977349829275965531667
5,2026-09-12,"[0,1)","[0,2)",39,0,0,39,0,0,0.0896668537075714133476580181364055496168425388921970053236772
5,2026-09-12,"[0,1)",>=2,1,0,0,1,0,0,0.793450685622762572644686990659235135454905747938657255997644
5,2026-09-12,"[1,2)",<-2,2,0,0,2,0,0,0.657619772493346908066213171022805867761678469589830388837810
5,2026-09-12,"[1,2)","[-2,0)",24,0,0,24,0,0,0.137976204674980184720288987191152453368712544577434277225593
5,2026-09-12,"[1,2)","[0,2)",26,0,0,26,0,0,0.128728921859215295149407654933370962769244819176962274963284
5,2026-09-12,"[1,2)",>=2,1,0,0,1,0,0,0.793450685622762572644686990659235135454905747938657255997644
5,2026-09-12,"[2,4)",<-2,1,0,0,1,0,0,0.793450685622762572644686990659235135454905747938657255997644
5,2026-09-12,"[2,4)","[-2,0)",32,0,0,32,0,0,0.107179198255070614069630916316154767610741869081416234881527
5,2026-09-12,"[2,4)","[0,2)",37,0,0,37,0,0,0.0940578258372024807966737008331431353361241242445789105818134
5,2026-09-12,"[2,4)",>=2,0,0,0,0,,,
5,2026-09-12,"[4,8)",<-2,4,0,0,4,0,0,0.489890836454597301712536589852471046460117866669254129450196
5,2026-09-12,"[4,8)","[-2,0)",18,0,0,18,0,0,0.175879223646657630299759265673340687198492408383498668745102
5,2026-09-12,"[4,8)","[0,2)",17,0,0,17,0,0,0.184318135008851803742656742183482675848991885361038668946270
5,2026-09-12,"[4,8)",>=2,0,0,0,0,,,
5,2026-09-12,"[8,infinity)",<-2,0,0,0,0,,,
5,2026-09-12,"[8,infinity)","[-2,0)",2,0,0,2,0,0,0.657619772493346908066213171022805867761678469589830388837810
5,2026-09-12,"[8,infinity)","[0,2)",3,0,0,3,0,0,0.561497031755045466784538763394810946683797969450889274137888
5,2026-09-12,"[8,infinity)",>=2,0,0,0,0,,,
3,2026-08-16,"[0,1)",<-2,1,0,0,1,0,0,0.793450685622762572644686990659235135454905747938657255997644
3,2026-08-16,"[0,1)","[-2,0)",64,0,6,64,0.09375,0.0436782525851983709411215686168647021800279807630991161297231,0.189828795996455963637999901072835027463457630094684490394539
3,2026-08-16,"[0,1)","[0,2)",68,0,0,68,0,0,0.0534713365200705321894230405777957976274872468956858285156169
3,2026-08-16,"[0,1)",>=2,1,0,0,1,0,0,0.793450685622762572644686990659235135454905747938657255997644
3,2026-08-16,"[1,2)",<-2,0,0,0,0,,,
3,2026-08-16,"[1,2)","[-2,0)",18,0,0,18,0,0,0.175879223646657630299759265673340687198492408383498668745102
3,2026-08-16,"[1,2)","[0,2)",29,0,0,29,0,0,0.116969798499740742321570618566042766673886847202390383923475
3,2026-08-16,"[1,2)",>=2,1,0,0,1,0,0,0.793450685622762572644686990659235135454905747938657255997644
3,2026-08-16,"[2,4)",<-2,0,0,0,0,,,
3,2026-08-16,"[2,4)","[-2,0)",19,0,0,19,0,0,0.168179224052616251649710921498033188457137988100478093057389
3,2026-08-16,"[2,4)","[0,2)",22,0,0,22,0,0,0.148654874608620875261529651123205956231015521669584153863614
3,2026-08-16,"[2,4)",>=2,1,0,0,1,0,0,0.793450685622762572644686990659235135454905747938657255997644
3,2026-08-16,"[4,8)",<-2,0,0,0,0,,,
3,2026-08-16,"[4,8)","[-2,0)",8,0,0,8,0,0,0.324407564883880212890280277144521794238395570390205804016566
3,2026-08-16,"[4,8)","[0,2)",12,0,0,12,0,0,0.242494006655240850743536740887323444981368621780736059953412
3,2026-08-16,"[4,8)",>=2,3,0,0,3,0,0,0.561497031755045466784538763394810946683797969450889274137888
3,2026-08-16,"[8,infinity)",<-2,2,0,0,2,0,0,0.657619772493346908066213171022805867761678469589830388837810
3,2026-08-16,"[8,infinity)","[-2,0)",2,0,0,2,0,0,0.657619772493346908066213171022805867761678469589830388837810
3,2026-08-16,"[8,infinity)","[0,2)",6,0,0,6,0,0,0.390334287902165324898707055142237608185625673736798285240772
3,2026-08-16,"[8,infinity)",>=2,0,0,0,0,,,
3,2026-08-17,"[0,1)",<-2,2,0,1,2,0.5,0.094531205734230729793326600900495328768115141516490687279156,0.905468794265769270206673399099504671231884858483509312720844
3,2026-08-17,"[0,1)","[-2,0)",16,0,2,16,0.125,0.034977487743240464595820130995911566783344997213098451135723,0.360228272657586898702022141740463334052293733870060846621065
3,2026-08-17,"[0,1)","[0,2)",20,0,0,20,0,0,0.161125158052819354664367409458698834644472493370427941636724
3,2026-08-17,"[0,1)",>=2,1,0,0,1,0,0,0.793450685622762572644686990659235135454905747938657255997644
3,2026-08-17,"[1,2)",<-2,3,0,0,3,0,0,0.561497031755045466784538763394810946683797969450889274137888
3,2026-08-17,"[1,2)","[-2,0)",17,0,0,17,0,0,0.184318135008851803742656742183482675848991885361038668946270
3,2026-08-17,"[1,2)","[0,2)",17,0,0,17,0,0,0.184318135008851803742656742183482675848991885361038668946270
3,2026-08-17,"[1,2)",>=2,3,0,0,3,0,0,0.561497031755045466784538763394810946683797969450889274137888
3,2026-08-17,"[2,4)",<-2,3,0,0,3,0,0,0.561497031755045466784538763394810946683797969450889274137888
3,2026-08-17,"[2,4)","[-2,0)",26,0,0,26,0,0,0.128728921859215295149407654933370962769244819176962274963284
3,2026-08-17,"[2,4)","[0,2)",27,0,0,27,0,1E-61,0.124555029741867063560897531223174706536906133650947916372170
3,2026-08-17,"[2,4)",>=2,3,0,0,3,0,0,0.561497031755045466784538763394810946683797969450889274137888
3,2026-08-17,"[4,8)",<-2,3,0,0,3,0,0,0.561497031755045466784538763394810946683797969450889274137888
3,2026-08-17,"[4,8)","[-2,0)",26,0,0,26,0,0,0.128728921859215295149407654933370962769244819176962274963284
3,2026-08-17,"[4,8)","[0,2)",35,1,0,34,0,0,0.101514554153323765588772493480518861287464008360250122371569
3,2026-08-17,"[4,8)",>=2,8,0,0,8,0,0,0.324407564883880212890280277144521794238395570390205804016566
3,2026-08-17,"[8,infinity)",<-2,7,0,0,7,0,0,0.354330435066687400786206839933794738607089448605187126348296
3,2026-08-17,"[8,infinity)","[-2,0)",19,0,0,19,0,0,0.168179224052616251649710921498033188457137988100478093057389
3,2026-08-17,"[8,infinity)","[0,2)",23,0,0,23,0,0,0.143116618450426838883472276642405084339263420435897481157223
3,2026-08-17,"[8,infinity)",>=2,7,0,0,7,0,0,0.354330435066687400786206839933794738607089448605187126348296
3,2026-08-18,"[0,1)",<-2,2,0,1,2,0.5,0.094531205734230729793326600900495328768115141516490687279156,0.905468794265769270206673399099504671231884858483509312720844
3,2026-08-18,"[0,1)","[-2,0)",15,0,1,15,0.0666666666666666666666666666666666666666666666666666666666667,0.011866895493268551900400658175721432353582667454859885236678,0.298165298737800225151564396852881035013842923249242194770432
3,2026-08-18,"[0,1)","[0,2)",20,0,1,20,0.05,0.008881448800795391602879473430907108230127032845046417582298,0.236131193446742027595051195081921842949898211188338729890754
3,2026-08-18,"[0,1)",>=2,3,0,0,3,0,0,0.561497031755045466784538763394810946683797969450889274137888
3,2026-08-18,"[1,2)",<-2,2,0,0,2,0,0,0.657619772493346908066213171022805867761678469589830388837810
3,2026-08-18,"[1,2)","[-2,0)",22,0,0,22,0,0,0.148654874608620875261529651123205956231015521669584153863614
3,2026-08-18,"[1,2)","[0,2)",20,0,0,20,0,0,0.161125158052819354664367409458698834644472493370427941636724
3,2026-08-18,"[1,2)",>=2,0,0,0,0,,,
3,2026-08-18,"[2,4)",<-2,4,0,0,4,0,0,0.489890836454597301712536589852471046460117866669254129450196
3,2026-08-18,"[2,4)","[-2,0)",32,0,0,32,0,0,0.107179198255070614069630916316154767610741869081416234881527
3,2026-08-18,"[2,4)","[0,2)",30,0,0,30,0,0,0.113513393173968749941088969242882139187892157115904711864309
3,2026-08-18,"[2,4)",>=2,4,0,0,4,0,0,0.489890836454597301712536589852471046460117866669254129450196
3,2026-08-18,"[4,8)",<-2,3,0,0,3,0,0,0.561497031755045466784538763394810946683797969450889274137888
3,2026-08-18,"[4,8)","[-2,0)",28,0,0,28,0,0,0.120643304765845633983553520438697530858973767234507701423027
3,2026-08-18,"[4,8)","[0,2)",41,0,0,41,0,0,0.0856675701844318594351844311280687423499582709533817091149619
3,2026-08-18,"[4,8)",>=2,4,0,0,4,0,0,0.489890836454597301712536589852471046460117866669254129450196
3,2026-08-18,"[8,infinity)",<-2,2,0,0,2,0,0,0.657619772493346908066213171022805867761678469589830388837810
3,2026-08-18,"[8,infinity)","[-2,0)",10,0,0,10,0,0,0.277532799862889204526030927043294338473666863904268179277910
3,2026-08-18,"[8,infinity)","[0,2)",9,0,0,9,0,0,0.299145048419544047401396624497912492455149790579105641605840
3,2026-08-18,"[8,infinity)",>=2,7,0,0,7,0,0,0.354330435066687400786206839933794738607089448605187126348296
3,2026-08-19,"[0,1)",<-2,2,0,0,2,0,0,0.657619772493346908066213171022805867761678469589830388837810
3,2026-08-19,"[0,1)","[-2,0)",13,0,1,13,0.0769230769230769230769230769230769230769230769230769230769231,0.013710421242556579808253714622779269798387965952631085614768,0.333139509210995888336178628920920688594076149776242235244574
3,2026-08-19,"[0,1)","[0,2)",15,0,0,15,0,0,0.203883301035848588906113525033002846962414143120117784623588
3,2026-08-19,"[0,1)",>=2,3,0,0,3,0,0,0.561497031755045466784538763394810946683797969450889274137888
3,2026-08-19,"[1,2)",<-2,6,0,0,6,0,0,0.390334287902165324898707055142237608185625673736798285240772
3,2026-08-19,"[1,2)","[-2,0)",17,0,0,17,0,0,0.184318135008851803742656742183482675848991885361038668946270
3,2026-08-19,"[1,2)","[0,2)",13,0,0,13,0,1E-60,0.228095372354198371443420042369827223554730318588668470106495
3,2026-08-19,"[1,2)",>=2,1,0,0,1,0,0,0.793450685622762572644686990659235135454905747938657255997644
3,2026-08-19,"[2,4)",<-2,3,0,0,3,0,0,0.561497031755045466784538763394810946683797969450889274137888
3,2026-08-19,"[2,4)","[-2,0)",18,0,0,18,0,0,0.175879223646657630299759265673340687198492408383498668745102
3,2026-08-19,"[2,4)","[0,2)",30,0,0,30,0,0,0.113513393173968749941088969242882139187892157115904711864309
3,2026-08-19,"[2,4)",>=2,3,0,0,3,0,0,0.561497031755045466784538763394810946683797969450889274137888
3,2026-08-19,"[4,8)",<-2,5,0,0,5,0,0,0.434482464783174761084782871525556271809021898883564142795326
3,2026-08-19,"[4,8)","[-2,0)",12,0,0,12,0,0,0.242494006655240850743536740887323444981368621780736059953412
3,2026-08-19,"[4,8)","[0,2)",25,0,0,25,0,0,0.133192250939048476302451276015897355794721028940851862306375
3,2026-08-19,"[4,8)",>=2,7,0,0,7,0,0,0.354330435066687400786206839933794738607089448605187126348296
3,2026-08-19,"[8,infinity)",<-2,15,0,0,15,0,0,0.203883301035848588906113525033002846962414143120117784623588
3,2026-08-19,"[8,infinity)","[-2,0)",14,0,0,14,0,1E-60,0.215310802737635801499416731029276965760554953382265415776069
3,2026-08-19,"[8,infinity)","[0,2)",24,0,0,24,0,0,0.137976204674980184720288987191152453368712544577434277225593
3,2026-08-19,"[8,infinity)",>=2,31,0,0,31,0,0,0.110255395460435947523151756013484623904252359343767063579533
3,2026-08-20,"[0,1)",<-2,4,0,3,4,0.75,0.300641842582401915564942608623946450489900204040067862450985,0.954412739190299433578789096449818026280040862625305072823917
3,2026-08-20,"[0,1)","[-2,0)",10,0,2,10,0.2,0.056682151454375262761345565444990352367463172866835521618743,0.509837528463358259954272990780986250716736945475725385948003
3,2026-08-20,"[0,1)","[0,2)",8,0,0,8,0,0,0.324407564883880212890280277144521794238395570390205804016566
3,2026-08-20,"[0,1)",>=2,3,0,0,3,0,0,0.561497031755045466784538763394810946683797969450889274137888
3,2026-08-20,"[1,2)",<-2,3,1,0,2,0,0,0.657619772493346908066213171022805867761678469589830388837810
3,2026-08-20,"[1,2)","[-2,0)",3,0,0,3,0,0,0.561497031755045466784538763394810946683797969450889274137888
3,2026-08-20,"[1,2)","[0,2)",2,0,0,2,0,0,0.657619772493346908066213171022805867761678469589830388837810
3,2026-08-20,"[1,2)",>=2,10,1,0,9,0,0,0.299145048419544047401396624497912492455149790579105641605840
3,2026-08-20,"[2,4)",<-2,4,0,0,4,0,0,0.489890836454597301712536589852471046460117866669254129450196
3,2026-08-20,"[2,4)","[-2,0)",9,0,0,9,0,0,0.299145048419544047401396624497912492455149790579105641605840
3,2026-08-20,"[2,4)","[0,2)",11,0,0,11,0,0,0.258832966968031690622885270690496860752291234813264358589584
3,2026-08-20,"[2,4)",>=2,2,0,0,2,0,0,0.657619772493346908066213171022805867761678469589830388837810
3,2026-08-20,"[4,8)",<-2,10,0,0,10,0,0,0.277532799862889204526030927043294338473666863904268179277910
3,2026-08-20,"[4,8)","[-2,0)",17,0,0,17,0,0,0.184318135008851803742656742183482675848991885361038668946270
3,2026-08-20,"[4,8)","[0,2)",20,1,0,19,0,0,0.168179224052616251649710921498033188457137988100478093057389
3,2026-08-20,"[4,8)",>=2,15,1,0,14,0,1E-60,0.215310802737635801499416731029276965760554953382265415776069
3,2026-08-20,"[8,infinity)",<-2,32,0,0,32,0,0,0.107179198255070614069630916316154767610741869081416234881527
3,2026-08-20,"[8,infinity)","[-2,0)",20,0,0,20,0,0,0.161125158052819354664367409458698834644472493370427941636724
3,2026-08-20,"[8,infinity)","[0,2)",39,0,0,39,0,0,0.0896668537075714133476580181364055496168425388921970053236772
3,2026-08-20,"[8,infinity)",>=2,48,0,0,48,0,0,0.0741001296661174914061744554923246232034589477706585810675096
3,2026-08-21,"[0,1)",<-2,2,0,2,2,1,0.342380227506653091933786828977194132238321530410169611162190,1
3,2026-08-21,"[0,1)","[-2,0)",4,0,1,4,0.25,0.045587260809700566421210903550181973719959137374694927176083,0.699358157417598084435057391376053549510099795959932137549015
3,2026-08-21,"[0,1)","[0,2)",4,0,0,4,0,0,0.489890836454597301712536589852471046460117866669254129450196
3,2026-08-21,"[0,1)",>=2,6,0,0,6,0,0,0.390334287902165324898707055142237608185625673736798285240772
3,2026-08-21,"[1,2)",<-2,5,1,1,4,0.25,0.045587260809700566421210903550181973719959137374694927176083,0.699358157417598084435057391376053549510099795959932137549015
3,2026-08-21,"[1,2)","[-2,0)",4,1,0,3,0,0,0.561497031755045466784538763394810946683797969450889274137888
3,2026-08-21,"[1,2)","[0,2)",0,0,0,0,,,
3,2026-08-21,"[1,2)",>=2,2,0,0,2,0,0,0.657619772493346908066213171022805867761678469589830388837810
3,2026-08-21,"[2,4)",<-2,2,0,0,2,0,0,0.657619772493346908066213171022805867761678469589830388837810
3,2026-08-21,"[2,4)","[-2,0)",10,1,0,9,0,0,0.299145048419544047401396624497912492455149790579105641605840
3,2026-08-21,"[2,4)","[0,2)",7,0,0,7,0,0,0.354330435066687400786206839933794738607089448605187126348296
3,2026-08-21,"[2,4)",>=2,5,1,0,4,0,0,0.489890836454597301712536589852471046460117866669254129450196
3,2026-08-21,"[4,8)",<-2,6,0,0,6,0,0,0.390334287902165324898707055142237608185625673736798285240772
3,2026-08-21,"[4,8)","[-2,0)",12,1,0,11,0,0,0.258832966968031690622885270690496860752291234813264358589584
3,2026-08-21,"[4,8)","[0,2)",6,0,0,6,0,0,0.390334287902165324898707055142237608185625673736798285240772
3,2026-08-21,"[4,8)",>=2,14,3,0,11,0,0,0.258832966968031690622885270690496860752291234813264358589584
3,2026-08-21,"[8,infinity)",<-2,55,2,0,53,0,1E-61,0.0675819885765418623175236146915175279342690912177879901825493
3,2026-08-21,"[8,infinity)","[-2,0)",28,3,0,25,0,0,0.133192250939048476302451276015897355794721028940851862306375
3,2026-08-21,"[8,infinity)","[0,2)",24,4,0,20,0,0,0.161125158052819354664367409458698834644472493370427941636724
3,2026-08-21,"[8,infinity)",>=2,63,4,0,59,0,0,0.0611293705267883787274886475527909389645305107062714506721006
3,2026-08-22,"[0,1)",<-2,3,0,2,3,0.666666666666666666666666666666666666666666666666666666666667,0.207659600802047752945264855140917075218944785512027051294273,0.938508055279603758126555557060812609219789224671009857326435
3,2026-08-22,"[0,1)","[-2,0)",6,0,1,6,0.166666666666666666666666666666666666666666666666666666666667,0.030053369748306669995961946390895487521438424174221601471187,0.563502822186470213269842757037262917935645358316977255355995
3,2026-08-22,"[0,1)","[0,2)",5,0,0,5,0,0,0.434482464783174761084782871525556271809021898883564142795326
3,2026-08-22,"[0,1)",>=2,6,0,0,6,0,0,0.390334287902165324898707055142237608185625673736798285240772
3,2026-08-22,"[1,2)",<-2,6,0,1,6,0.166666666666666666666666666666666666666666666666666666666667,0.030053369748306669995961946390895487521438424174221601471187,0.563502822186470213269842757037262917935645358316977255355995
3,2026-08-22,"[1,2)","[-2,0)",7,0,0,7,0,0,0.354330435066687400786206839933794738607089448605187126348296
3,2026-08-22,"[1,2)","[0,2)",9,0,0,9,0,0,0.299145048419544047401396624497912492455149790579105641605840
3,2026-08-22,"[1,2)",>=2,4,0,0,4,0,0,0.489890836454597301712536589852471046460117866669254129450196
3,2026-08-22,"[2,4)",<-2,3,0,0,3,0,0,0.561497031755045466784538763394810946683797969450889274137888
3,2026-08-22,"[2,4)","[-2,0)",18,0,0,18,0,0,0.175879223646657630299759265673340687198492408383498668745102
3,2026-08-22,"[2,4)","[0,2)",18,0,0,18,0,0,0.175879223646657630299759265673340687198492408383498668745102
3,2026-08-22,"[2,4)",>=2,8,0,0,8,0,0,0.324407564883880212890280277144521794238395570390205804016566
3,2026-08-22,"[4,8)",<-2,14,0,0,14,0,1E-60,0.215310802737635801499416731029276965760554953382265415776069
3,2026-08-22,"[4,8)","[-2,0)",18,0,0,18,0,0,0.175879223646657630299759265673340687198492408383498668745102
3,2026-08-22,"[4,8)","[0,2)",28,0,0,28,0,0,0.120643304765845633983553520438697530858973767234507701423027
3,2026-08-22,"[4,8)",>=2,13,0,0,13,0,1E-60,0.228095372354198371443420042369827223554730318588668470106495
3,2026-08-22,"[8,infinity)",<-2,22,0,0,22,0,0,0.148654874608620875261529651123205956231015521669584153863614
3,2026-08-22,"[8,infinity)","[-2,0)",21,0,0,21,0,0,0.154639018924846951507636945003626730599908470059449552977985
3,2026-08-22,"[8,infinity)","[0,2)",37,0,0,37,0,0,0.0940578258372024807966737008331431353361241242445789105818134
3,2026-08-22,"[8,infinity)",>=2,25,0,0,25,0,0,0.133192250939048476302451276015897355794721028940851862306375
3,2026-08-23,"[0,1)",<-2,1,0,0,1,0,0,0.793450685622762572644686990659235135454905747938657255997644
3,2026-08-23,"[0,1)","[-2,0)",10,0,1,10,0.1,0.017876213095072907017716328005121013219916667655301041770911,0.404150026795238456603108413629514457559016823468113501651417
3,2026-08-23,"[0,1)","[0,2)",9,0,0,9,0,0,0.299145048419544047401396624497912492455149790579105641605840
3,2026-08-23,"[0,1)",>=2,2,0,0,2,0,0,0.657619772493346908066213171022805867761678469589830388837810
3,2026-08-23,"[1,2)",<-2,1,0,0,1,0,0,0.793450685622762572644686990659235135454905747938657255997644
3,2026-08-23,"[1,2)","[-2,0)",10,0,0,10,0,0,0.277532799862889204526030927043294338473666863904268179277910
3,2026-08-23,"[1,2)","[0,2)",13,0,0,13,0,1E-60,0.228095372354198371443420042369827223554730318588668470106495
3,2026-08-23,"[1,2)",>=2,4,0,0,4,0,0,0.489890836454597301712536589852471046460117866669254129450196
3,2026-08-23,"[2,4)",<-2,9,0,0,9,0,0,0.299145048419544047401396624497912492455149790579105641605840
3,2026-08-23,"[2,4)","[-2,0)",16,0,0,16,0,0,0.193607680534436484397123030315166534447518308110879063675717
3,2026-08-23,"[2,4)","[0,2)",21,0,0,21,0,0,0.154639018924846951507636945003626730599908470059449552977985
3,2026-08-23,"[2,4)",>=2,10,0,0,10,0,0,0.277532799862889204526030927043294338473666863904268179277910
3,2026-08-23,"[4,8)",<-2,13,0,0,13,0,1E-60,0.228095372354198371443420042369827223554730318588668470106495
3,2026-08-23,"[4,8)","[-2,0)",18,0,0,18,0,0,0.175879223646657630299759265673340687198492408383498668745102
3,2026-08-23,"[4,8)","[0,2)",28,0,0,28,0,0,0.120643304765845633983553520438697530858973767234507701423027
3,2026-08-23,"[4,8)",>=2,10,0,0,10,0,0,0.277532799862889204526030927043294338473666863904268179277910
3,2026-08-23,"[8,infinity)",<-2,19,0,0,19,0,0,0.168179224052616251649710921498033188457137988100478093057389
3,2026-08-23,"[8,infinity)","[-2,0)",27,0,0,27,0,1E-61,0.124555029741867063560897531223174706536906133650947916372170
3,2026-08-23,"[8,infinity)","[0,2)",23,0,0,23,0,0,0.143116618450426838883472276642405084339263420435897481157223
3,2026-08-23,"[8,infinity)",>=2,25,0,0,25,0,0,0.133192250939048476302451276015897355794721028940851862306375
3,2026-08-24,"[0,1)",<-2,4,0,2,4,0.5,0.150038989152149514156900362816506811250894777823785469987184,0.849961010847850485843099637183493188749105222176214530012816
3,2026-08-24,"[0,1)","[-2,0)",4,0,1,4,0.25,0.045587260809700566421210903550181973719959137374694927176083,0.699358157417598084435057391376053549510099795959932137549015
3,2026-08-24,"[0,1)","[0,2)",10,0,0,10,0,0,0.277532799862889204526030927043294338473666863904268179277910
3,2026-08-24,"[0,1)",>=2,6,0,0,6,0,0,0.390334287902165324898707055142237608185625673736798285240772
3,2026-08-24,"[1,2)",<-2,3,0,0,3,0,0,0.561497031755045466784538763394810946683797969450889274137888
3,2026-08-24,"[1,2)","[-2,0)",1,0,0,1,0,0,0.793450685622762572644686990659235135454905747938657255997644
3,2026-08-24,"[1,2)","[0,2)",1,0,0,1,0,0,0.793450685622762572644686990659235135454905747938657255997644
3,2026-08-24,"[1,2)",>=2,7,0,0,7,0,0,0.354330435066687400786206839933794738607089448605187126348296
3,2026-08-24,"[2,4)",<-2,5,0,0,5,0,0,0.434482464783174761084782871525556271809021898883564142795326
3,2026-08-24,"[2,4)","[-2,0)",8,0,0,8,0,0,0.324407564883880212890280277144521794238395570390205804016566
3,2026-08-24,"[2,4)","[0,2)",15,0,0,15,0,0,0.203883301035848588906113525033002846962414143120117784623588
3,2026-08-24,"[2,4)",>=2,6,0,0,6,0,0,0.390334287902165324898707055142237608185625673736798285240772
3,2026-08-24,"[4,8)",<-2,12,0,0,12,0,0,0.242494006655240850743536740887323444981368621780736059953412
3,2026-08-24,"[4,8)","[-2,0)",24,0,0,24,0,0,0.137976204674980184720288987191152453368712544577434277225593
3,2026-08-24,"[4,8)","[0,2)",15,0,0,15,0,0,0.203883301035848588906113525033002846962414143120117784623588
3,2026-08-24,"[4,8)",>=2,11,0,0,11,0,0,0.258832966968031690622885270690496860752291234813264358589584
3,2026-08-24,"[8,infinity)",<-2,24,0,0,24,0,0,0.137976204674980184720288987191152453368712544577434277225593
3,2026-08-24,"[8,infinity)","[-2,0)",34,0,0,34,0,0,0.101514554153323765588772493480518861287464008360250122371569
3,2026-08-24,"[8,infinity)","[0,2)",30,0,0,30,0,0,0.113513393173968749941088969242882139187892157115904711864309
3,2026-08-24,"[8,infinity)",>=2,48,0,0,48,0,0,0.0741001296661174914061744554923246232034589477706585810675096
3,2026-08-25,"[0,1)",<-2,8,0,2,8,0.25,0.071479212752109018118065833441354725591654990944167339215003,0.590724569689831088327074305130906171527542794250935562793281
3,2026-08-25,"[0,1)","[-2,0)",2,0,1,2,0.5,0.094531205734230729793326600900495328768115141516490687279156,0.905468794265769270206673399099504671231884858483509312720844
3,2026-08-25,"[0,1)","[0,2)",6,0,0,6,0,0,0.390334287902165324898707055142237608185625673736798285240772
3,2026-08-25,"[0,1)",>=2,1,0,0,1,0,0,0.793450685622762572644686990659235135454905747938657255997644
3,2026-08-25,"[1,2)",<-2,5,0,1,5,0.2,0.036224108632430171022883644562917213075316655041469013721231,0.624465370237474685627986078352416550010096484288669471955965
3,2026-08-25,"[1,2)","[-2,0)",4,0,0,4,0,0,0.489890836454597301712536589852471046460117866669254129450196
3,2026-08-25,"[1,2)","[0,2)",5,0,0,5,0,0,0.434482464783174761084782871525556271809021898883564142795326
3,2026-08-25,"[1,2)",>=2,4,0,0,4,0,0,0.489890836454597301712536589852471046460117866669254129450196
3,2026-08-25,"[2,4)",<-2,8,0,0,8,0,0,0.324407564883880212890280277144521794238395570390205804016566
3,2026-08-25,"[2,4)","[-2,0)",15,0,0,15,0,0,0.203883301035848588906113525033002846962414143120117784623588
3,2026-08-25,"[2,4)","[0,2)",9,0,0,9,0,0,0.299145048419544047401396624497912492455149790579105641605840
3,2026-08-25,"[2,4)",>=2,7,0,0,7,0,0,0.354330435066687400786206839933794738607089448605187126348296
3,2026-08-25,"[4,8)",<-2,8,0,0,8,0,0,0.324407564883880212890280277144521794238395570390205804016566
3,2026-08-25,"[4,8)","[-2,0)",26,0,0,26,0,0,0.128728921859215295149407654933370962769244819176962274963284
3,2026-08-25,"[4,8)","[0,2)",10,0,0,10,0,0,0.277532799862889204526030927043294338473666863904268179277910
3,2026-08-25,"[4,8)",>=2,16,0,0,16,0,0,0.193607680534436484397123030315166534447518308110879063675717
3,2026-08-25,"[8,infinity)",<-2,30,0,0,30,0,0,0.113513393173968749941088969242882139187892157115904711864309
3,2026-08-25,"[8,infinity)","[-2,0)",35,0,0,35,0,0,0.0989009923244040343269259218648434359116695776673122585987557
3,2026-08-25,"[8,infinity)","[0,2)",37,0,0,37,0,0,0.0940578258372024807966737008331431353361241242445789105818134
3,2026-08-25,"[8,infinity)",>=2,39,0,0,39,0,0,0.0896668537075714133476580181364055496168425388921970053236772
3,2026-08-26,"[0,1)",<-2,4,0,1,4,0.25,0.045587260809700566421210903550181973719959137374694927176083,0.699358157417598084435057391376053549510099795959932137549015
3,2026-08-26,"[0,1)","[-2,0)",7,0,1,7,0.142857142857142857142857142857142857142857142857142857142857,0.025679624344743560607128914884008804252331158419792918804746,0.513127829274318868525875970782987437609875590583912171444036
3,2026-08-26,"[0,1)","[0,2)",4,0,0,4,0,0,0.489890836454597301712536589852471046460117866669254129450196
3,2026-08-26,"[0,1)",>=2,3,0,0,3,0,0,0.561497031755045466784538763394810946683797969450889274137888
3,2026-08-26,"[1,2)",<-2,4,0,0,4,0,0,0.489890836454597301712536589852471046460117866669254129450196
3,2026-08-26,"[1,2)","[-2,0)",5,0,0,5,0,0,0.434482464783174761084782871525556271809021898883564142795326
3,2026-08-26,"[1,2)","[0,2)",10,0,0,10,0,0,0.277532799862889204526030927043294338473666863904268179277910
3,2026-08-26,"[1,2)",>=2,5,0,0,5,0,0,0.434482464783174761084782871525556271809021898883564142795326
3,2026-08-26,"[2,4)",<-2,6,0,0,6,0,0,0.390334287902165324898707055142237608185625673736798285240772
3,2026-08-26,"[2,4)","[-2,0)",13,0,0,13,0,1E-60,0.228095372354198371443420042369827223554730318588668470106495
3,2026-08-26,"[2,4)","[0,2)",25,0,0,25,0,0,0.133192250939048476302451276015897355794721028940851862306375
3,2026-08-26,"[2,4)",>=2,6,0,0,6,0,0,0.390334287902165324898707055142237608185625673736798285240772
3,2026-08-26,"[4,8)",<-2,12,0,0,12,0,0,0.242494006655240850743536740887323444981368621780736059953412
3,2026-08-26,"[4,8)","[-2,0)",27,0,0,27,0,1E-61,0.124555029741867063560897531223174706536906133650947916372170
3,2026-08-26,"[4,8)","[0,2)",28,0,0,28,0,0,0.120643304765845633983553520438697530858973767234507701423027
3,2026-08-26,"[4,8)",>=2,13,0,0,13,0,1E-60,0.228095372354198371443420042369827223554730318588668470106495
3,2026-08-26,"[8,infinity)",<-2,13,0,0,13,0,1E-60,0.228095372354198371443420042369827223554730318588668470106495
3,2026-08-26,"[8,infinity)","[-2,0)",29,0,0,29,0,0,0.116969798499740742321570618566042766673886847202390383923475
3,2026-08-26,"[8,infinity)","[0,2)",27,0,0,27,0,1E-61,0.124555029741867063560897531223174706536906133650947916372170
3,2026-08-26,"[8,infinity)",>=2,34,0,0,34,0,0,0.101514554153323765588772493480518861287464008360250122371569
3,2026-08-27,"[0,1)",<-2,4,0,2,4,0.5,0.150038989152149514156900362816506811250894777823785469987184,0.849961010847850485843099637183493188749105222176214530012816
3,2026-08-27,"[0,1)","[-2,0)",15,0,3,15,0.2,0.070475493469815601292869981180142450272527228424155432722199,0.451854487151693552050798133839659257904921257447915238051955
3,2026-08-27,"[0,1)","[0,2)",7,0,0,7,0,0,0.354330435066687400786206839933794738607089448605187126348296
3,2026-08-27,"[0,1)",>=2,2,0,0,2,0,0,0.657619772493346908066213171022805867761678469589830388837810
3,2026-08-27,"[1,2)",<-2,5,0,0,5,0,0,0.434482464783174761084782871525556271809021898883564142795326
3,2026-08-27,"[1,2)","[-2,0)",9,0,0,9,0,0,0.299145048419544047401396624497912492455149790579105641605840
3,2026-08-27,"[1,2)","[0,2)",7,0,0,7,0,0,0.354330435066687400786206839933794738607089448605187126348296
3,2026-08-27,"[1,2)",>=2,2,0,0,2,0,0,0.657619772493346908066213171022805867761678469589830388837810
3,2026-08-27,"[2,4)",<-2,3,0,0,3,0,0,0.561497031755045466784538763394810946683797969450889274137888
3,2026-08-27,"[2,4)","[-2,0)",13,0,0,13,0,1E-60,0.228095372354198371443420042369827223554730318588668470106495
3,2026-08-27,"[2,4)","[0,2)",22,0,0,22,0,0,0.148654874608620875261529651123205956231015521669584153863614
3,2026-08-27,"[2,4)",>=2,8,0,0,8,0,0,0.324407564883880212890280277144521794238395570390205804016566
3,2026-08-27,"[4,8)",<-2,16,0,0,16,0,0,0.193607680534436484397123030315166534447518308110879063675717
3,2026-08-27,"[4,8)","[-2,0)",17,0,0,17,0,0,0.184318135008851803742656742183482675848991885361038668946270
3,2026-08-27,"[4,8)","[0,2)",28,0,0,28,0,0,0.120643304765845633983553520438697530858973767234507701423027
3,2026-08-27,"[4,8)",>=2,14,0,0,14,0,1E-60,0.215310802737635801499416731029276965760554953382265415776069
3,2026-08-27,"[8,infinity)",<-2,18,0,0,18,0,0,0.175879223646657630299759265673340687198492408383498668745102
3,2026-08-27,"[8,infinity)","[-2,0)",25,0,0,25,0,0,0.133192250939048476302451276015897355794721028940851862306375
3,2026-08-27,"[8,infinity)","[0,2)",36,0,0,36,0,0,0.0964186285944636615382445947927992309228324969090787481472514
3,2026-08-27,"[8,infinity)",>=2,26,0,0,26,0,0,0.128728921859215295149407654933370962769244819176962274963284
3,2026-08-28,"[0,1)",<-2,4,0,1,4,0.25,0.045587260809700566421210903550181973719959137374694927176083,0.699358157417598084435057391376053549510099795959932137549015
3,2026-08-28,"[0,1)","[-2,0)",6,0,0,6,0,0,0.390334287902165324898707055142237608185625673736798285240772
3,2026-08-28,"[0,1)","[0,2)",12,0,0,12,0,0,0.242494006655240850743536740887323444981368621780736059953412
3,2026-08-28,"[0,1)",>=2,2,0,0,2,0,0,0.657619772493346908066213171022805867761678469589830388837810
3,2026-08-28,"[1,2)",<-2,2,0,0,2,0,0,0.657619772493346908066213171022805867761678469589830388837810
3,2026-08-28,"[1,2)","[-2,0)",10,0,0,10,0,0,0.277532799862889204526030927043294338473666863904268179277910
3,2026-08-28,"[1,2)","[0,2)",11,0,0,11,0,0,0.258832966968031690622885270690496860752291234813264358589584
3,2026-08-28,"[1,2)",>=2,1,0,0,1,0,0,0.793450685622762572644686990659235135454905747938657255997644
3,2026-08-28,"[2,4)",<-2,7,0,0,7,0,0,0.354330435066687400786206839933794738607089448605187126348296
3,2026-08-28,"[2,4)","[-2,0)",16,0,0,16,0,0,0.193607680534436484397123030315166534447518308110879063675717
3,2026-08-28,"[2,4)","[0,2)",16,0,0,16,0,0,0.193607680534436484397123030315166534447518308110879063675717
3,2026-08-28,"[2,4)",>=2,5,0,0,5,0,0,0.434482464783174761084782871525556271809021898883564142795326
3,2026-08-28,"[4,8)",<-2,7,0,0,7,0,0,0.354330435066687400786206839933794738607089448605187126348296
3,2026-08-28,"[4,8)","[-2,0)",19,0,0,19,0,0,0.168179224052616251649710921498033188457137988100478093057389
3,2026-08-28,"[4,8)","[0,2)",23,0,0,23,0,0,0.143116618450426838883472276642405084339263420435897481157223
3,2026-08-28,"[4,8)",>=2,6,0,0,6,0,0,0.390334287902165324898707055142237608185625673736798285240772
3,2026-08-28,"[8,infinity)",<-2,27,0,0,27,0,1E-61,0.124555029741867063560897531223174706536906133650947916372170
3,2026-08-28,"[8,infinity)","[-2,0)",20,0,0,20,0,0,0.161125158052819354664367409458698834644472493370427941636724
3,2026-08-28,"[8,infinity)","[0,2)",41,0,0,41,0,0,0.0856675701844318594351844311280687423499582709533817091149619
3,2026-08-28,"[8,infinity)",>=2,34,0,0,34,0,0,0.101514554153323765588772493480518861287464008360250122371569
3,2026-08-29,"[0,1)",<-2,2,0,0,2,0,0,0.657619772493346908066213171022805867761678469589830388837810
3,2026-08-29,"[0,1)","[-2,0)",17,0,2,17,0.117647058823529411764705882352941176470588235294117647058824,0.032879773763792665310938704743317837134545250753179513892103,0.343363505948858714021681156926404209102919132169967703537399
3,2026-08-29,"[0,1)","[0,2)",21,0,0,21,0,0,0.154639018924846951507636945003626730599908470059449552977985
3,2026-08-29,"[0,1)",>=2,5,0,0,5,0,0,0.434482464783174761084782871525556271809021898883564142795326
3,2026-08-29,"[1,2)",<-2,0,0,0,0,,,
3,2026-08-29,"[1,2)","[-2,0)",21,0,0,21,0,0,0.154639018924846951507636945003626730599908470059449552977985
3,2026-08-29,"[1,2)","[0,2)",27,0,0,27,0,1E-61,0.124555029741867063560897531223174706536906133650947916372170
3,2026-08-29,"[1,2)",>=2,3,0,0,3,0,0,0.561497031755045466784538763394810946683797969450889274137888
3,2026-08-29,"[2,4)",<-2,0,0,0,0,,,
3,2026-08-29,"[2,4)","[-2,0)",31,0,0,31,0,0,0.110255395460435947523151756013484623904252359343767063579533
3,2026-08-29,"[2,4)","[0,2)",36,0,0,36,0,0,0.0964186285944636615382445947927992309228324969090787481472514
3,2026-08-29,"[2,4)",>=2,5,0,0,5,0,0,0.434482464783174761084782871525556271809021898883564142795326
3,2026-08-29,"[4,8)",<-2,5,0,0,5,0,0,0.434482464783174761084782871525556271809021898883564142795326
3,2026-08-29,"[4,8)","[-2,0)",23,0,0,23,0,0,0.143116618450426838883472276642405084339263420435897481157223
3,2026-08-29,"[4,8)","[0,2)",44,0,0,44,0,0,0.0802956037584806626166952308778981439265432201360044951705709
3,2026-08-29,"[4,8)",>=2,5,0,0,5,0,0,0.434482464783174761084782871525556271809021898883564142795326
3,2026-08-29,"[8,infinity)",<-2,2,0,0,2,0,0,0.657619772493346908066213171022805867761678469589830388837810
3,2026-08-29,"[8,infinity)","[-2,0)",6,0,0,6,0,0,0.390334287902165324898707055142237608185625673736798285240772
3,2026-08-29,"[8,infinity)","[0,2)",13,0,0,13,0,1E-60,0.228095372354198371443420042369827223554730318588668470106495
3,2026-08-29,"[8,infinity)",>=2,2,0,0,2,0,0,0.657619772493346908066213171022805867761678469589830388837810
3,2026-08-30,"[0,1)",<-2,0,0,0,0,,,
3,2026-08-30,"[0,1)","[-2,0)",23,0,1,23,0.0434782608695652173913043478260869565217391304347826086956522,0.007716666143453142247303765539798097228280361609254735613374,0.209911550702588754124562226177180458038003630962651660225830
3,2026-08-30,"[0,1)","[0,2)",20,0,1,20,0.05,0.008881448800795391602879473430907108230127032845046417582298,0.236131193446742027595051195081921842949898211188338729890754
3,2026-08-30,"[0,1)",>=2,1,0,0,1,0,0,0.793450685622762572644686990659235135454905747938657255997644
3,2026-08-30,"[1,2)",<-2,3,0,0,3,0,0,0.561497031755045466784538763394810946683797969450889274137888
3,2026-08-30,"[1,2)","[-2,0)",17,0,0,17,0,0,0.184318135008851803742656742183482675848991885361038668946270
3,2026-08-30,"[1,2)","[0,2)",15,0,0,15,0,0,0.203883301035848588906113525033002846962414143120117784623588
3,2026-08-30,"[1,2)",>=2,1,0,0,1,0,0,0.793450685622762572644686990659235135454905747938657255997644
3,2026-08-30,"[2,4)",<-2,3,0,0,3,0,0,0.561497031755045466784538763394810946683797969450889274137888
3,2026-08-30,"[2,4)","[-2,0)",33,0,0,33,0,0,0.104269997542452055904110156546589646564609266108543906361983
3,2026-08-30,"[2,4)","[0,2)",31,0,0,31,0,0,0.110255395460435947523151756013484623904252359343767063579533
3,2026-08-30,"[2,4)",>=2,7,0,0,7,0,0,0.354330435066687400786206839933794738607089448605187126348296
3,2026-08-30,"[4,8)",<-2,6,0,0,6,0,0,0.390334287902165324898707055142237608185625673736798285240772
3,2026-08-30,"[4,8)","[-2,0)",26,0,0,26,0,0,0.128728921859215295149407654933370962769244819176962274963284
3,2026-08-30,"[4,8)","[0,2)",30,0,0,30,0,0,0.113513393173968749941088969242882139187892157115904711864309
3,2026-08-30,"[4,8)",>=2,7,0,0,7,0,0,0.354330435066687400786206839933794738607089448605187126348296
3,2026-08-30,"[8,infinity)",<-2,4,0,0,4,0,0,0.489890836454597301712536589852471046460117866669254129450196
3,2026-08-30,"[8,infinity)","[-2,0)",14,0,0,14,0,1E-60,0.215310802737635801499416731029276965760554953382265415776069
3,2026-08-30,"[8,infinity)","[0,2)",18,0,0,18,0,0,0.175879223646657630299759265673340687198492408383498668745102
3,2026-08-30,"[8,infinity)",>=2,16,0,0,16,0,0,0.193607680534436484397123030315166534447518308110879063675717
3,2026-08-31,"[0,1)",<-2,4,0,1,4,0.25,0.045587260809700566421210903550181973719959137374694927176083,0.699358157417598084435057391376053549510099795959932137549015
3,2026-08-31,"[0,1)","[-2,0)",8,0,2,8,0.25,0.071479212752109018118065833441354725591654990944167339215003,0.590724569689831088327074305130906171527542794250935562793281
3,2026-08-31,"[0,1)","[0,2)",5,0,0,5,0,0,0.434482464783174761084782871525556271809021898883564142795326
3,2026-08-31,"[0,1)",>=2,2,0,0,2,0,0,0.657619772493346908066213171022805867761678469589830388837810
3,2026-08-31,"[1,2)",<-2,3,0,0,3,0,0,0.561497031755045466784538763394810946683797969450889274137888
3,2026-08-31,"[1,2)","[-2,0)",5,0,0,5,0,0,0.434482464783174761084782871525556271809021898883564142795326
3,2026-08-31,"[1,2)","[0,2)",13,0,0,13,0,1E-60,0.228095372354198371443420042369827223554730318588668470106495
3,2026-08-31,"[1,2)",>=2,0,0,0,0,,,
3,2026-08-31,"[2,4)",<-2,10,0,0,10,0,0,0.277532799862889204526030927043294338473666863904268179277910
3,2026-08-31,"[2,4)","[-2,0)",18,0,0,18,0,0,0.175879223646657630299759265673340687198492408383498668745102
3,2026-08-31,"[2,4)","[0,2)",15,0,0,15,0,0,0.203883301035848588906113525033002846962414143120117784623588
3,2026-08-31,"[2,4)",>=2,11,0,0,11,0,0,0.258832966968031690622885270690496860752291234813264358589584
3,2026-08-31,"[4,8)",<-2,6,0,0,6,0,0,0.390334287902165324898707055142237608185625673736798285240772
3,2026-08-31,"[4,8)","[-2,0)",21,0,0,21,0,0,0.154639018924846951507636945003626730599908470059449552977985
3,2026-08-31,"[4,8)","[0,2)",34,0,0,34,0,0,0.101514554153323765588772493480518861287464008360250122371569
3,2026-08-31,"[4,8)",>=2,8,0,0,8,0,0,0.324407564883880212890280277144521794238395570390205804016566
3,2026-08-31,"[8,infinity)",<-2,20,0,0,20,0,0,0.161125158052819354664367409458698834644472493370427941636724
3,2026-08-31,"[8,infinity)","[-2,0)",27,0,0,27,0,1E-61,0.124555029741867063560897531223174706536906133650947916372170
3,2026-08-31,"[8,infinity)","[0,2)",33,0,0,33,0,0,0.104269997542452055904110156546589646564609266108543906361983
3,2026-08-31,"[8,infinity)",>=2,30,0,0,30,0,0,0.113513393173968749941088969242882139187892157115904711864309
3,2026-09-01,"[0,1)",<-2,4,0,3,4,0.75,0.300641842582401915564942608623946450489900204040067862450985,0.954412739190299433578789096449818026280040862625305072823917
3,2026-09-01,"[0,1)","[-2,0)",8,0,1,8,0.125,0.022417491450056672799680864765156704300662439077102905272333,0.470888182212853486868029343093234641378134238715551447740093
3,2026-09-01,"[0,1)","[0,2)",7,0,0,7,0,0,0.354330435066687400786206839933794738607089448605187126348296
3,2026-09-01,"[0,1)",>=2,3,0,0,3,0,0,0.561497031755045466784538763394810946683797969450889274137888
3,2026-09-01,"[1,2)",<-2,5,0,0,5,0,0,0.434482464783174761084782871525556271809021898883564142795326
3,2026-09-01,"[1,2)","[-2,0)",6,0,0,6,0,0,0.390334287902165324898707055142237608185625673736798285240772
3,2026-09-01,"[1,2)","[0,2)",9,0,0,9,0,0,0.299145048419544047401396624497912492455149790579105641605840
3,2026-09-01,"[1,2)",>=2,3,0,0,3,0,0,0.561497031755045466784538763394810946683797969450889274137888
3,2026-09-01,"[2,4)",<-2,2,0,0,2,0,0,0.657619772493346908066213171022805867761678469589830388837810
3,2026-09-01,"[2,4)","[-2,0)",13,0,0,13,0,1E-60,0.228095372354198371443420042369827223554730318588668470106495
3,2026-09-01,"[2,4)","[0,2)",29,0,0,29,0,0,0.116969798499740742321570618566042766673886847202390383923475
3,2026-09-01,"[2,4)",>=2,3,0,0,3,0,0,0.561497031755045466784538763394810946683797969450889274137888
3,2026-09-01,"[4,8)",<-2,10,0,0,10,0,0,0.277532799862889204526030927043294338473666863904268179277910
3,2026-09-01,"[4,8)","[-2,0)",27,0,0,27,0,1E-61,0.124555029741867063560897531223174706536906133650947916372170
3,2026-09-01,"[4,8)","[0,2)",24,0,0,24,0,0,0.137976204674980184720288987191152453368712544577434277225593
3,2026-09-01,"[4,8)",>=2,13,0,0,13,0,1E-60,0.228095372354198371443420042369827223554730318588668470106495
3,2026-09-01,"[8,infinity)",<-2,15,0,0,15,0,0,0.203883301035848588906113525033002846962414143120117784623588
3,2026-09-01,"[8,infinity)","[-2,0)",30,0,0,30,0,0,0.113513393173968749941088969242882139187892157115904711864309
3,2026-09-01,"[8,infinity)","[0,2)",31,0,0,31,0,0,0.110255395460435947523151756013484623904252359343767063579533
3,2026-09-01,"[8,infinity)",>=2,30,0,0,30,0,0,0.113513393173968749941088969242882139187892157115904711864309
3,2026-09-02,"[0,1)",<-2,2,0,1,2,0.5,0.094531205734230729793326600900495328768115141516490687279156,0.905468794265769270206673399099504671231884858483509312720844
3,2026-09-02,"[0,1)","[-2,0)",5,0,0,5,0,0,0.434482464783174761084782871525556271809021898883564142795326
3,2026-09-02,"[0,1)","[0,2)",10,0,0,10,0,0,0.277532799862889204526030927043294338473666863904268179277910
3,2026-09-02,"[0,1)",>=2,2,0,0,2,0,0,0.657619772493346908066213171022805867761678469589830388837810
3,2026-09-02,"[1,2)",<-2,4,0,0,4,0,0,0.489890836454597301712536589852471046460117866669254129450196
3,2026-09-02,"[1,2)","[-2,0)",10,0,0,10,0,0,0.277532799862889204526030927043294338473666863904268179277910
3,2026-09-02,"[1,2)","[0,2)",8,0,0,8,0,0,0.324407564883880212890280277144521794238395570390205804016566
3,2026-09-02,"[1,2)",>=2,2,0,0,2,0,0,0.657619772493346908066213171022805867761678469589830388837810
3,2026-09-02,"[2,4)",<-2,10,0,0,10,0,0,0.277532799862889204526030927043294338473666863904268179277910
3,2026-09-02,"[2,4)","[-2,0)",11,0,0,11,0,0,0.258832966968031690622885270690496860752291234813264358589584
3,2026-09-02,"[2,4)","[0,2)",16,0,0,16,0,0,0.193607680534436484397123030315166534447518308110879063675717
3,2026-09-02,"[2,4)",>=2,7,0,0,7,0,0,0.354330435066687400786206839933794738607089448605187126348296
3,2026-09-02,"[4,8)",<-2,8,0,0,8,0,0,0.324407564883880212890280277144521794238395570390205804016566
3,2026-09-02,"[4,8)","[-2,0)",11,0,0,11,0,0,0.258832966968031690622885270690496860752291234813264358589584
3,2026-09-02,"[4,8)","[0,2)",30,0,0,30,0,0,0.113513393173968749941088969242882139187892157115904711864309
3,2026-09-02,"[4,8)",>=2,23,0,0,23,0,0,0.143116618450426838883472276642405084339263420435897481157223
3,2026-09-02,"[8,infinity)",<-2,20,0,0,20,0,0,0.161125158052819354664367409458698834644472493370427941636724
3,2026-09-02,"[8,infinity)","[-2,0)",25,0,0,25,0,0,0.133192250939048476302451276015897355794721028940851862306375
3,2026-09-02,"[8,infinity)","[0,2)",40,0,0,40,0,0,0.0876216011972866346356086872023508038951983377213078295861324
3,2026-09-02,"[8,infinity)",>=2,23,0,0,23,0,0,0.143116618450426838883472276642405084339263420435897481157223
3,2026-09-03,"[0,1)",<-2,3,0,2,3,0.666666666666666666666666666666666666666666666666666666666667,0.207659600802047752945264855140917075218944785512027051294273,0.938508055279603758126555557060812609219789224671009857326435
3,2026-09-03,"[0,1)","[-2,0)",3,0,0,3,0,0,0.561497031755045466784538763394810946683797969450889274137888
3,2026-09-03,"[0,1)","[0,2)",4,0,0,4,0,0,0.489890836454597301712536589852471046460117866669254129450196
3,2026-09-03,"[0,1)",>=2,7,0,0,7,0,0,0.354330435066687400786206839933794738607089448605187126348296
3,2026-09-03,"[1,2)",<-2,8,0,0,8,0,0,0.324407564883880212890280277144521794238395570390205804016566
3,2026-09-03,"[1,2)","[-2,0)",9,0,0,9,0,0,0.299145048419544047401396624497912492455149790579105641605840
3,2026-09-03,"[1,2)","[0,2)",7,0,0,7,0,0,0.354330435066687400786206839933794738607089448605187126348296
3,2026-09-03,"[1,2)",>=2,4,0,0,4,0,0,0.489890836454597301712536589852471046460117866669254129450196
3,2026-09-03,"[2,4)",<-2,11,0,0,11,0,0,0.258832966968031690622885270690496860752291234813264358589584
3,2026-09-03,"[2,4)","[-2,0)",10,0,0,10,0,0,0.277532799862889204526030927043294338473666863904268179277910
3,2026-09-03,"[2,4)","[0,2)",15,0,0,15,0,0,0.203883301035848588906113525033002846962414143120117784623588
3,2026-09-03,"[2,4)",>=2,5,0,0,5,0,0,0.434482464783174761084782871525556271809021898883564142795326
3,2026-09-03,"[4,8)",<-2,10,0,0,10,0,0,0.277532799862889204526030927043294338473666863904268179277910
3,2026-09-03,"[4,8)","[-2,0)",21,0,0,21,0,0,0.154639018924846951507636945003626730599908470059449552977985
3,2026-09-03,"[4,8)","[0,2)",22,0,0,22,0,0,0.148654874608620875261529651123205956231015521669584153863614
3,2026-09-03,"[4,8)",>=2,13,0,0,13,0,1E-60,0.228095372354198371443420042369827223554730318588668470106495
3,2026-09-03,"[8,infinity)",<-2,21,0,0,21,0,0,0.154639018924846951507636945003626730599908470059449552977985
3,2026-09-03,"[8,infinity)","[-2,0)",37,0,0,37,0,0,0.0940578258372024807966737008331431353361241242445789105818134
3,2026-09-03,"[8,infinity)","[0,2)",33,0,0,33,0,0,0.104269997542452055904110156546589646564609266108543906361983
3,2026-09-03,"[8,infinity)",>=2,32,0,0,32,0,0,0.107179198255070614069630916316154767610741869081416234881527
3,2026-09-04,"[0,1)",<-2,2,0,0,2,0,0,0.657619772493346908066213171022805867761678469589830388837810
3,2026-09-04,"[0,1)","[-2,0)",8,0,0,8,0,0,0.324407564883880212890280277144521794238395570390205804016566
3,2026-09-04,"[0,1)","[0,2)",13,0,0,13,0,1E-60,0.228095372354198371443420042369827223554730318588668470106495
3,2026-09-04,"[0,1)",>=2,1,0,0,1,0,0,0.793450685622762572644686990659235135454905747938657255997644
3,2026-09-04,"[1,2)",<-2,6,0,0,6,0,0,0.390334287902165324898707055142237608185625673736798285240772
3,2026-09-04,"[1,2)","[-2,0)",6,0,0,6,0,0,0.390334287902165324898707055142237608185625673736798285240772
3,2026-09-04,"[1,2)","[0,2)",8,0,0,8,0,0,0.324407564883880212890280277144521794238395570390205804016566
3,2026-09-04,"[1,2)",>=2,2,0,0,2,0,0,0.657619772493346908066213171022805867761678469589830388837810
3,2026-09-04,"[2,4)",<-2,3,0,0,3,0,0,0.561497031755045466784538763394810946683797969450889274137888
3,2026-09-04,"[2,4)","[-2,0)",22,0,0,22,0,0,0.148654874608620875261529651123205956231015521669584153863614
3,2026-09-04,"[2,4)","[0,2)",17,0,0,17,0,0,0.184318135008851803742656742183482675848991885361038668946270
3,2026-09-04,"[2,4)",>=2,12,0,0,12,0,0,0.242494006655240850743536740887323444981368621780736059953412
3,2026-09-04,"[4,8)",<-2,7,0,0,7,0,0,0.354330435066687400786206839933794738607089448605187126348296
3,2026-09-04,"[4,8)","[-2,0)",30,0,0,30,0,0,0.113513393173968749941088969242882139187892157115904711864309
3,2026-09-04,"[4,8)","[0,2)",21,0,0,21,0,0,0.154639018924846951507636945003626730599908470059449552977985
3,2026-09-04,"[4,8)",>=2,14,0,0,14,0,1E-60,0.215310802737635801499416731029276965760554953382265415776069
3,2026-09-04,"[8,infinity)",<-2,17,0,0,17,0,0,0.184318135008851803742656742183482675848991885361038668946270
3,2026-09-04,"[8,infinity)","[-2,0)",23,0,0,23,0,0,0.143116618450426838883472276642405084339263420435897481157223
3,2026-09-04,"[8,infinity)","[0,2)",33,0,0,33,0,0,0.104269997542452055904110156546589646564609266108543906361983
3,2026-09-04,"[8,infinity)",>=2,22,0,0,22,0,0,0.148654874608620875261529651123205956231015521669584153863614
3,2026-09-05,"[0,1)",<-2,1,0,1,1,1,0.206549314377237427355313009340764864545094252061342744002356,1
3,2026-09-05,"[0,1)","[-2,0)",26,0,1,26,0.0384615384615384615384615384615384615384615384615384615384615,0.0068219849935434809817954443958269886508791889728623281663195,0.188927789030347560694580852465746207751500644113564387184404
3,2026-09-05,"[0,1)","[0,2)",34,0,0,34,0,0,0.101514554153323765588772493480518861287464008360250122371569
3,2026-09-05,"[0,1)",>=2,4,0,0,4,0,0,0.489890836454597301712536589852471046460117866669254129450196
3,2026-09-05,"[1,2)",<-2,5,0,0,5,0,0,0.434482464783174761084782871525556271809021898883564142795326
3,2026-09-05,"[1,2)","[-2,0)",27,0,0,27,0,1E-61,0.124555029741867063560897531223174706536906133650947916372170
3,2026-09-05,"[1,2)","[0,2)",27,0,0,27,0,1E-61,0.124555029741867063560897531223174706536906133650947916372170
3,2026-09-05,"[1,2)",>=2,2,0,0,2,0,0,0.657619772493346908066213171022805867761678469589830388837810
3,2026-09-05,"[2,4)",<-2,6,0,0,6,0,0,0.390334287902165324898707055142237608185625673736798285240772
3,2026-09-05,"[2,4)","[-2,0)",43,0,0,43,0,0,0.0820098032257911641526771184451815481418608757099502151814816
3,2026-09-05,"[2,4)","[0,2)",26,0,0,26,0,0,0.128728921859215295149407654933370962769244819176962274963284
3,2026-09-05,"[2,4)",>=2,2,0,0,2,0,0,0.657619772493346908066213171022805867761678469589830388837810
3,2026-09-05,"[4,8)",<-2,2,0,0,2,0,0,0.657619772493346908066213171022805867761678469589830388837810
3,2026-09-05,"[4,8)","[-2,0)",25,0,0,25,0,0,0.133192250939048476302451276015897355794721028940851862306375
3,2026-09-05,"[4,8)","[0,2)",27,0,0,27,0,1E-61,0.124555029741867063560897531223174706536906133650947916372170
3,2026-09-05,"[4,8)",>=2,4,0,0,4,0,0,0.489890836454597301712536589852471046460117866669254129450196
3,2026-09-05,"[8,infinity)",<-2,0,0,0,0,,,
3,2026-09-05,"[8,infinity)","[-2,0)",6,0,0,6,0,0,0.390334287902165324898707055142237608185625673736798285240772
3,2026-09-05,"[8,infinity)","[0,2)",9,0,0,9,0,0,0.299145048419544047401396624497912492455149790579105641605840
3,2026-09-05,"[8,infinity)",>=2,3,0,0,3,0,0,0.561497031755045466784538763394810946683797969450889274137888
3,2026-09-06,"[0,1)",<-2,0,0,0,0,,,
3,2026-09-06,"[0,1)","[-2,0)",25,0,1,25,0.04,0.0070962335019872584745440387132685775454577814223994890371650,0.195440637361937339723711135221356989785685565203184224284701
3,2026-09-06,"[0,1)","[0,2)",27,0,2,27,0.0740740740740740740740740740740740740740740740740740740740741,0.020554654060988633298505495124932680615583322866860916595064,0.233695926830231457882999809250364291619558939132094715870118
3,2026-09-06,"[0,1)",>=2,3,0,0,3,0,0,0.561497031755045466784538763394810946683797969450889274137888
3,2026-09-06,"[1,2)",<-2,6,0,0,6,0,0,0.390334287902165324898707055142237608185625673736798285240772
3,2026-09-06,"[1,2)","[-2,0)",21,0,0,21,0,0,0.154639018924846951507636945003626730599908470059449552977985
3,2026-09-06,"[1,2)","[0,2)",24,0,0,24,0,0,0.137976204674980184720288987191152453368712544577434277225593
3,2026-09-06,"[1,2)",>=2,2,0,0,2,0,0,0.657619772493346908066213171022805867761678469589830388837810
3,2026-09-06,"[2,4)",<-2,3,0,0,3,0,0,0.561497031755045466784538763394810946683797969450889274137888
3,2026-09-06,"[2,4)","[-2,0)",19,0,0,19,0,0,0.168179224052616251649710921498033188457137988100478093057389
3,2026-09-06,"[2,4)","[0,2)",36,0,0,36,0,0,0.0964186285944636615382445947927992309228324969090787481472514
3,2026-09-06,"[2,4)",>=2,1,0,0,1,0,0,0.793450685622762572644686990659235135454905747938657255997644
3,2026-09-06,"[4,8)",<-2,9,0,0,9,0,0,0.299145048419544047401396624497912492455149790579105641605840
3,2026-09-06,"[4,8)","[-2,0)",34,0,0,34,0,0,0.101514554153323765588772493480518861287464008360250122371569
3,2026-09-06,"[4,8)","[0,2)",31,0,0,31,0,0,0.110255395460435947523151756013484623904252359343767063579533
3,2026-09-06,"[4,8)",>=2,5,0,0,5,0,0,0.434482464783174761084782871525556271809021898883564142795326
3,2026-09-06,"[8,infinity)",<-2,4,0,0,4,0,0,0.489890836454597301712536589852471046460117866669254129450196
3,2026-09-06,"[8,infinity)","[-2,0)",5,0,0,5,0,0,0.434482464783174761084782871525556271809021898883564142795326
3,2026-09-06,"[8,infinity)","[0,2)",15,0,0,15,0,0,0.203883301035848588906113525033002846962414143120117784623588
3,2026-09-06,"[8,infinity)",>=2,6,0,0,6,0,0,0.390334287902165324898707055142237608185625673736798285240772
3,2026-09-07,"[0,1)",<-2,1,0,0,1,0,0,0.793450685622762572644686990659235135454905747938657255997644
3,2026-09-07,"[0,1)","[-2,0)",27,0,5,27,0.185185185185185185185185185185185185185185185185185185185185,0.081807071429765311984310354214518800853085437139524872993670,0.366986836185484320628106609888961569929411017381442333611030
3,2026-09-07,"[0,1)","[0,2)",17,0,0,17,0,0,0.184318135008851803742656742183482675848991885361038668946270
3,2026-09-07,"[0,1)",>=2,6,0,0,6,0,0,0.390334287902165324898707055142237608185625673736798285240772
3,2026-09-07,"[1,2)",<-2,2,0,0,2,0,0,0.657619772493346908066213171022805867761678469589830388837810
3,2026-09-07,"[1,2)","[-2,0)",15,0,0,15,0,0,0.203883301035848588906113525033002846962414143120117784623588
3,2026-09-07,"[1,2)","[0,2)",19,0,0,19,0,0,0.168179224052616251649710921498033188457137988100478093057389
3,2026-09-07,"[1,2)",>=2,2,0,0,2,0,0,0.657619772493346908066213171022805867761678469589830388837810
3,2026-09-07,"[2,4)",<-2,3,0,0,3,0,0,0.561497031755045466784538763394810946683797969450889274137888
3,2026-09-07,"[2,4)","[-2,0)",18,0,0,18,0,0,0.175879223646657630299759265673340687198492408383498668745102
3,2026-09-07,"[2,4)","[0,2)",41,0,0,41,0,0,0.0856675701844318594351844311280687423499582709533817091149619
3,2026-09-07,"[2,4)",>=2,5,0,0,5,0,0,0.434482464783174761084782871525556271809021898883564142795326
3,2026-09-07,"[4,8)",<-2,7,0,0,7,0,0,0.354330435066687400786206839933794738607089448605187126348296
3,2026-09-07,"[4,8)","[-2,0)",16,0,0,16,0,0,0.193607680534436484397123030315166534447518308110879063675717
3,2026-09-07,"[4,8)","[0,2)",36,0,0,36,0,0,0.0964186285944636615382445947927992309228324969090787481472514
3,2026-09-07,"[4,8)",>=2,12,0,0,12,0,0,0.242494006655240850743536740887323444981368621780736059953412
3,2026-09-07,"[8,infinity)",<-2,2,0,0,2,0,0,0.657619772493346908066213171022805867761678469589830388837810
3,2026-09-07,"[8,infinity)","[-2,0)",12,0,0,12,0,0,0.242494006655240850743536740887323444981368621780736059953412
3,2026-09-07,"[8,infinity)","[0,2)",20,0,0,20,0,0,0.161125158052819354664367409458698834644472493370427941636724
3,2026-09-07,"[8,infinity)",>=2,13,0,0,13,0,1E-60,0.228095372354198371443420042369827223554730318588668470106495
3,2026-09-08,"[0,1)",<-2,4,0,3,4,0.75,0.300641842582401915564942608623946450489900204040067862450985,0.954412739190299433578789096449818026280040862625305072823917
3,2026-09-08,"[0,1)","[-2,0)",13,0,2,13,0.153846153846153846153846153846153846153846153846153846153846,0.043258178358081204655316136859050533509986792180188296408137,0.422346310194825360190128507858522159720211120688889875204053
3,2026-09-08,"[0,1)","[0,2)",15,0,0,15,0,0,0.203883301035848588906113525033002846962414143120117784623588
3,2026-09-08,"[0,1)",>=2,1,0,0,1,0,0,0.793450685622762572644686990659235135454905747938657255997644
3,2026-09-08,"[1,2)",<-2,1,0,0,1,0,0,0.793450685622762572644686990659235135454905747938657255997644
3,2026-09-08,"[1,2)","[-2,0)",11,0,0,11,0,0,0.258832966968031690622885270690496860752291234813264358589584
3,2026-09-08,"[1,2)","[0,2)",10,0,0,10,0,0,0.277532799862889204526030927043294338473666863904268179277910
3,2026-09-08,"[1,2)",>=2,7,0,0,7,0,0,0.354330435066687400786206839933794738607089448605187126348296
3,2026-09-08,"[2,4)",<-2,3,0,0,3,0,0,0.561497031755045466784538763394810946683797969450889274137888
3,2026-09-08,"[2,4)","[-2,0)",19,0,0,19,0,0,0.168179224052616251649710921498033188457137988100478093057389
3,2026-09-08,"[2,4)","[0,2)",16,0,0,16,0,0,0.193607680534436484397123030315166534447518308110879063675717
3,2026-09-08,"[2,4)",>=2,5,0,0,5,0,0,0.434482464783174761084782871525556271809021898883564142795326
3,2026-09-08,"[4,8)",<-2,10,0,0,10,0,0,0.277532799862889204526030927043294338473666863904268179277910
3,2026-09-08,"[4,8)","[-2,0)",34,0,0,34,0,0,0.101514554153323765588772493480518861287464008360250122371569
3,2026-09-08,"[4,8)","[0,2)",25,0,0,25,0,0,0.133192250939048476302451276015897355794721028940851862306375
3,2026-09-08,"[4,8)",>=2,12,0,0,12,0,0,0.242494006655240850743536740887323444981368621780736059953412
3,2026-09-08,"[8,infinity)",<-2,14,0,0,14,0,1E-60,0.215310802737635801499416731029276965760554953382265415776069
3,2026-09-08,"[8,infinity)","[-2,0)",16,0,0,16,0,0,0.193607680534436484397123030315166534447518308110879063675717
3,2026-09-08,"[8,infinity)","[0,2)",37,0,0,37,0,0,0.0940578258372024807966737008331431353361241242445789105818134
3,2026-09-08,"[8,infinity)",>=2,10,0,0,10,0,0,0.277532799862889204526030927043294338473666863904268179277910
3,2026-09-09,"[0,1)",<-2,4,0,2,4,0.5,0.150038989152149514156900362816506811250894777823785469987184,0.849961010847850485843099637183493188749105222176214530012816
3,2026-09-09,"[0,1)","[-2,0)",6,0,2,6,0.333333333333333333333333333333333333333333333333333333333333,0.096771411105780481356761565536894948952997489896717266451625,0.700006684861607960276140786177184253775544401348882161961965
3,2026-09-09,"[0,1)","[0,2)",12,0,0,12,0,0,0.242494006655240850743536740887323444981368621780736059953412
3,2026-09-09,"[0,1)",>=2,5,0,0,5,0,0,0.434482464783174761084782871525556271809021898883564142795326
3,2026-09-09,"[1,2)",<-2,2,0,0,2,0,0,0.657619772493346908066213171022805867761678469589830388837810
3,2026-09-09,"[1,2)","[-2,0)",11,0,0,11,0,0,0.258832966968031690622885270690496860752291234813264358589584
3,2026-09-09,"[1,2)","[0,2)",4,0,0,4,0,0,0.489890836454597301712536589852471046460117866669254129450196
3,2026-09-09,"[1,2)",>=2,3,0,0,3,0,0,0.561497031755045466784538763394810946683797969450889274137888
3,2026-09-09,"[2,4)",<-2,7,0,0,7,0,0,0.354330435066687400786206839933794738607089448605187126348296
3,2026-09-09,"[2,4)","[-2,0)",15,0,0,15,0,0,0.203883301035848588906113525033002846962414143120117784623588
3,2026-09-09,"[2,4)","[0,2)",17,0,0,17,0,0,0.184318135008851803742656742183482675848991885361038668946270
3,2026-09-09,"[2,4)",>=2,8,0,0,8,0,0,0.324407564883880212890280277144521794238395570390205804016566
3,2026-09-09,"[4,8)",<-2,7,0,0,7,0,0,0.354330435066687400786206839933794738607089448605187126348296
3,2026-09-09,"[4,8)","[-2,0)",22,0,0,22,0,0,0.148654874608620875261529651123205956231015521669584153863614
3,2026-09-09,"[4,8)","[0,2)",37,0,0,37,0,0,0.0940578258372024807966737008331431353361241242445789105818134
3,2026-09-09,"[4,8)",>=2,12,0,0,12,0,0,0.242494006655240850743536740887323444981368621780736059953412
3,2026-09-09,"[8,infinity)",<-2,13,0,0,13,0,1E-60,0.228095372354198371443420042369827223554730318588668470106495
3,2026-09-09,"[8,infinity)","[-2,0)",14,0,0,14,0,1E-60,0.215310802737635801499416731029276965760554953382265415776069
3,2026-09-09,"[8,infinity)","[0,2)",28,0,0,28,0,0,0.120643304765845633983553520438697530858973767234507701423027
3,2026-09-09,"[8,infinity)",>=2,18,0,0,18,0,0,0.175879223646657630299759265673340687198492408383498668745102
3,2026-09-10,"[0,1)",<-2,2,0,0,2,0,0,0.657619772493346908066213171022805867761678469589830388837810
3,2026-09-10,"[0,1)","[-2,0)",13,0,1,13,0.0769230769230769230769230769230769230769230769230769230769231,0.013710421242556579808253714622779269798387965952631085614768,0.333139509210995888336178628920920688594076149776242235244574
3,2026-09-10,"[0,1)","[0,2)",14,0,0,14,0,1E-60,0.215310802737635801499416731029276965760554953382265415776069
3,2026-09-10,"[0,1)",>=2,1,0,0,1,0,0,0.793450685622762572644686990659235135454905747938657255997644
3,2026-09-10,"[1,2)",<-2,1,0,0,1,0,0,0.793450685622762572644686990659235135454905747938657255997644
3,2026-09-10,"[1,2)","[-2,0)",9,0,0,9,0,0,0.299145048419544047401396624497912492455149790579105641605840
3,2026-09-10,"[1,2)","[0,2)",11,0,0,11,0,0,0.258832966968031690622885270690496860752291234813264358589584
3,2026-09-10,"[1,2)",>=2,3,0,0,3,0,0,0.561497031755045466784538763394810946683797969450889274137888
3,2026-09-10,"[2,4)",<-2,4,0,0,4,0,0,0.489890836454597301712536589852471046460117866669254129450196
3,2026-09-10,"[2,4)","[-2,0)",13,0,0,13,0,1E-60,0.228095372354198371443420042369827223554730318588668470106495
3,2026-09-10,"[2,4)","[0,2)",20,0,0,20,0,0,0.161125158052819354664367409458698834644472493370427941636724
3,2026-09-10,"[2,4)",>=2,8,0,0,8,0,0,0.324407564883880212890280277144521794238395570390205804016566
3,2026-09-10,"[4,8)",<-2,7,0,0,7,0,0,0.354330435066687400786206839933794738607089448605187126348296
3,2026-09-10,"[4,8)","[-2,0)",25,0,0,25,0,0,0.133192250939048476302451276015897355794721028940851862306375
3,2026-09-10,"[4,8)","[0,2)",29,0,0,29,0,0,0.116969798499740742321570618566042766673886847202390383923475
3,2026-09-10,"[4,8)",>=2,9,0,0,9,0,0,0.299145048419544047401396624497912492455149790579105641605840
3,2026-09-10,"[8,infinity)",<-2,23,0,0,23,0,0,0.143116618450426838883472276642405084339263420435897481157223
3,2026-09-10,"[8,infinity)","[-2,0)",24,0,0,24,0,0,0.137976204674980184720288987191152453368712544577434277225593
3,2026-09-10,"[8,infinity)","[0,2)",28,0,0,28,0,0,0.120643304765845633983553520438697530858973767234507701423027
3,2026-09-10,"[8,infinity)",>=2,23,0,0,23,0,0,0.143116618450426838883472276642405084339263420435897481157223
3,2026-09-11,"[0,1)",<-2,2,0,1,2,0.5,0.094531205734230729793326600900495328768115141516490687279156,0.905468794265769270206673399099504671231884858483509312720844
3,2026-09-11,"[0,1)","[-2,0)",13,0,1,13,0.0769230769230769230769230769230769230769230769230769230769231,0.013710421242556579808253714622779269798387965952631085614768,0.333139509210995888336178628920920688594076149776242235244574
3,2026-09-11,"[0,1)","[0,2)",17,0,1,17,0.0588235294117647058823529411764705882352941176470588235294118,0.010460400984997586936532462901059298475354490139491428714097,0.269820306375754004601105839025543062567873644002601514473789
3,2026-09-11,"[0,1)",>=2,2,0,0,2,0,0,0.657619772493346908066213171022805867761678469589830388837810
3,2026-09-11,"[1,2)",<-2,1,0,0,1,0,0,0.793450685622762572644686990659235135454905747938657255997644
3,2026-09-11,"[1,2)","[-2,0)",8,0,0,8,0,0,0.324407564883880212890280277144521794238395570390205804016566
3,2026-09-11,"[1,2)","[0,2)",12,0,0,12,0,0,0.242494006655240850743536740887323444981368621780736059953412
3,2026-09-11,"[1,2)",>=2,4,0,0,4,0,0,0.489890836454597301712536589852471046460117866669254129450196
3,2026-09-11,"[2,4)",<-2,6,0,0,6,0,0,0.390334287902165324898707055142237608185625673736798285240772
3,2026-09-11,"[2,4)","[-2,0)",20,0,0,20,0,0,0.161125158052819354664367409458698834644472493370427941636724
3,2026-09-11,"[2,4)","[0,2)",19,0,0,19,0,0,0.168179224052616251649710921498033188457137988100478093057389
3,2026-09-11,"[2,4)",>=2,8,0,0,8,0,0,0.324407564883880212890280277144521794238395570390205804016566
3,2026-09-11,"[4,8)",<-2,8,0,0,8,0,0,0.324407564883880212890280277144521794238395570390205804016566
3,2026-09-11,"[4,8)","[-2,0)",18,0,0,18,0,0,0.175879223646657630299759265673340687198492408383498668745102
3,2026-09-11,"[4,8)","[0,2)",37,0,0,37,0,0,0.0940578258372024807966737008331431353361241242445789105818134
3,2026-09-11,"[4,8)",>=2,10,0,0,10,0,0,0.277532799862889204526030927043294338473666863904268179277910
3,2026-09-11,"[8,infinity)",<-2,14,0,0,14,0,1E-60,0.215310802737635801499416731029276965760554953382265415776069
3,2026-09-11,"[8,infinity)","[-2,0)",19,0,0,19,0,0,0.168179224052616251649710921498033188457137988100478093057389
3,2026-09-11,"[8,infinity)","[0,2)",35,0,0,35,0,0,0.0989009923244040343269259218648434359116695776673122585987557
3,2026-09-11,"[8,infinity)",>=2,24,0,0,24,0,0,0.137976204674980184720288987191152453368712544577434277225593
3,2026-09-12,"[0,1)",<-2,2,0,1,2,0.5,0.094531205734230729793326600900495328768115141516490687279156,0.905468794265769270206673399099504671231884858483509312720844
3,2026-09-12,"[0,1)","[-2,0)",38,0,4,38,0.105263157894736842105263157894736842105263157894736842105263,0.0417025734755352443132921823992559171449252066900498715804336,0.241305217228873140902265484587595696991605088698798810151470
3,2026-09-12,"[0,1)","[0,2)",40,0,0,40,0,0,0.0876216011972866346356086872023508038951983377213078295861324
3,2026-09-12,"[0,1)",>=2,1,0,0,1,0,0,0.793450685622762572644686990659235135454905747938657255997644
3,2026-09-12,"[1,2)",<-2,2,0,0,2,0,0,0.657619772493346908066213171022805867761678469589830388837810
3,2026-09-12,"[1,2)","[-2,0)",19,0,0,19,0,0,0.168179224052616251649710921498033188457137988100478093057389
3,2026-09-12,"[1,2)","[0,2)",30,0,0,30,0,0,0.113513393173968749941088969242882139187892157115904711864309
3,2026-09-12,"[1,2)",>=2,2,0,0,2,0,0,0.657619772493346908066213171022805867761678469589830388837810
3,2026-09-12,"[2,4)",<-2,1,0,0,1,0,0,0.793450685622762572644686990659235135454905747938657255997644
3,2026-09-12,"[2,4)","[-2,0)",33,0,0,33,0,0,0.104269997542452055904110156546589646564609266108543906361983
3,2026-09-12,"[2,4)","[0,2)",33,0,0,33,0,0,0.104269997542452055904110156546589646564609266108543906361983
3,2026-09-12,"[2,4)",>=2,0,0,0,0,,,
3,2026-09-12,"[4,8)",<-2,3,0,0,3,0,0,0.561497031755045466784538763394810946683797969450889274137888
3,2026-09-12,"[4,8)","[-2,0)",18,0,0,18,0,0,0.175879223646657630299759265673340687198492408383498668745102
3,2026-09-12,"[4,8)","[0,2)",21,0,0,21,0,0,0.154639018924846951507636945003626730599908470059449552977985
3,2026-09-12,"[4,8)",>=2,0,0,0,0,,,
3,2026-09-12,"[8,infinity)",<-2,0,0,0,0,,,
3,2026-09-12,"[8,infinity)","[-2,0)",2,0,0,2,0,0,0.657619772493346908066213171022805867761678469589830388837810
3,2026-09-12,"[8,infinity)","[0,2)",3,0,0,3,0,0,0.561497031755045466784538763394810946683797969450889274137888
3,2026-09-12,"[8,infinity)",>=2,0,0,0,0,,,
