t_sec,x_bin,y_bin,ask_band,N,U,L,resolved,loss_rate,wilson_95_low,wilson_95_high,median_bid,median_ask,ask_eq_0_N,ask_eq_1_N
120,"[0,1)",<-2,ask=0,0,0,0,0,,,,,,0,0
120,"[0,1)",<-2,"(0,0.90)",89,0,66,89,0.741573033707865168539325842696629213483146067415730337078652,0.641970587162889689910499050612368873068834550763674086530502,0.821184565138696176247929315225074934449080243519762835708032,0.22000000,0.23000000,0,0
120,"[0,1)",<-2,"[0.90,0.95)",0,0,0,0,,,,,,0,0
120,"[0,1)",<-2,"[0.95,0.98)",0,0,0,0,,,,,,0,0
120,"[0,1)",<-2,"[0.98,1)",0,0,0,0,,,,,,0,0
120,"[0,1)",<-2,ask=1,0,0,0,0,,,,,,0,0
120,"[0,1)","[-2,0)",ask=0,0,0,0,0,,,,,,0,0
120,"[0,1)","[-2,0)","(0,0.90)",407,1,205,406,0.504926108374384236453201970443349753694581280788177339901478,0.456475042174709943479774160106639352126293665860555017269647,0.553284829390040664902337912805142761064587612652947932108293,0.50000000,0.51000000,0,0
120,"[0,1)","[-2,0)","[0.90,0.95)",7,0,0,7,0,0,0.354330435066687400786206839933794738607089448605187126348296,0.92000000,0.93000000,0,0
120,"[0,1)","[-2,0)","[0.95,0.98)",4,0,2,4,0.5,0.150038989152149514156900362816506811250894777823785469987184,0.849961010847850485843099637183493188749105222176214530012816,0.94000000,0.95000000,0,0
120,"[0,1)","[-2,0)","[0.98,1)",1,0,0,1,0,0,0.793450685622762572644686990659235135454905747938657255997644,0.98000000,0.99000000,0,0
120,"[0,1)","[-2,0)",ask=1,0,0,0,0,,,,,,0,0
120,"[0,1)","[0,2)",ask=0,0,0,0,0,,,,,,0,0
120,"[0,1)","[0,2)","(0,0.90)",431,1,135,430,0.313953488372093023255813953488372093023255813953488372093023,0.271898895785184925836365884558157333150693679492401559686680,0.359302786887268688206107503092847977096690730127779342953736,0.67000000,0.68000000,0,0
120,"[0,1)","[0,2)","[0.90,0.95)",36,0,0,36,0,0,0.0964186285944636615382445947927992309228324969090787481472514,0.90500000,0.92000000,0,0
120,"[0,1)","[0,2)","[0.95,0.98)",11,0,0,11,0,0,0.258832966968031690622885270690496860752291234813264358589584,0.94000000,0.95000000,0,0
120,"[0,1)","[0,2)","[0.98,1)",2,0,0,2,0,0,0.657619772493346908066213171022805867761678469589830388837810,0.97000000,0.98000000,0,0
120,"[0,1)","[0,2)",ask=1,0,0,0,0,,,,,,0,0
120,"[0,1)",>=2,ask=0,0,0,0,0,,,,,,0,0
120,"[0,1)",>=2,"(0,0.90)",59,0,9,59,0.152542372881355932203389830508474576271186440677966101694915,0.0823846399859648041037741424716173405453062444939424177011880,0.265179837837735594672955256675237379752079364640924183613322,0.79000000,0.80000000,0,0
120,"[0,1)",>=2,"[0.90,0.95)",4,0,0,4,0,0,0.489890836454597301712536589852471046460117866669254129450196,0.89000000,0.90000000,0,0
120,"[0,1)",>=2,"[0.95,0.98)",5,0,0,5,0,0,0.434482464783174761084782871525556271809021898883564142795326,0.95000000,0.96000000,0,0
120,"[0,1)",>=2,"[0.98,1)",0,0,0,0,,,,,,0,0
120,"[0,1)",>=2,ask=1,1,0,0,1,0,0,0.793450685622762572644686990659235135454905747938657255997644,0.99000000,1.00000000,0,1
120,"[1,2)",<-2,ask=0,0,0,0,0,,,,,,0,0
120,"[1,2)",<-2,"(0,0.90)",73,0,43,73,0.589041095890410958904109589041095890410958904109589041095890,0.474492232441847540953862970531957144878085418240321102447048,0.694687272990693494578883916116019912865941454389174205650052,0.34000000,0.35000000,0,0
120,"[1,2)",<-2,"[0.90,0.95)",0,0,0,0,,,,,,0,0
120,"[1,2)",<-2,"[0.95,0.98)",0,0,0,0,,,,,,0,0
120,"[1,2)",<-2,"[0.98,1)",0,0,0,0,,,,,,0,0
120,"[1,2)",<-2,ask=1,0,0,0,0,,,,,,0,0
120,"[1,2)","[-2,0)",ask=0,0,0,0,0,,,,,,0,0
120,"[1,2)","[-2,0)","(0,0.90)",294,0,101,294,0.343537414965986394557823129251700680272108843537414965986395,0.291585551368796781979371477544376230458352539868313915657433,0.399525282011234295937267601706730602107073471553322835774079,0.64000000,0.65000000,0,0
120,"[1,2)","[-2,0)","[0.90,0.95)",11,0,2,11,0.181818181818181818181818181818181818181818181818181818181818,0.051367689746085094133963649924377303658571388552538605220008,0.476980561960844163535145158696847971365613942692265986609726,0.91000000,0.92000000,0,0
120,"[1,2)","[-2,0)","[0.95,0.98)",4,0,0,4,0,0,0.489890836454597301712536589852471046460117866669254129450196,0.95000000,0.96000000,0,0
120,"[1,2)","[-2,0)","[0.98,1)",0,0,0,0,,,,,,0,0
120,"[1,2)","[-2,0)",ask=1,0,0,0,0,,,,,,0,0
120,"[1,2)","[0,2)",ask=0,0,0,0,0,,,,,,0,0
120,"[1,2)","[0,2)","(0,0.90)",281,2,64,279,0.229390681003584229390681003584229390681003584229390681003584,0.183929995794860724186911483979338420522927999773599220861160,0.282202018127024516974025566004620505567908799608451650392976,0.78000000,0.79000000,0,0
120,"[1,2)","[0,2)","[0.90,0.95)",75,0,7,75,0.0933333333333333333333333333333333333333333333333333333333333,0.0459485233906004111328505663040991384244568171803070000997048,0.180346868495415019882497544623268742300877237088986226560999,0.91000000,0.92000000,0,0
120,"[1,2)","[0,2)","[0.95,0.98)",21,0,0,21,0,0,0.154639018924846951507636945003626730599908470059449552977985,0.95000000,0.96000000,0,0
120,"[1,2)","[0,2)","[0.98,1)",7,0,0,7,0,0,0.354330435066687400786206839933794738607089448605187126348296,0.98000000,0.99000000,0,0
120,"[1,2)","[0,2)",ask=1,0,0,0,0,,,,,,0,0
120,"[1,2)",>=2,ask=0,0,0,0,0,,,,,,0,0
120,"[1,2)",>=2,"(0,0.90)",48,1,7,47,0.148936170212765957446808510638297872340425531914893617021277,0.074067199964317219646648378558558176316349762580697075030675,0.276856224235935504356006859323289965531006387997186095307755,0.81500000,0.82500000,0,0
120,"[1,2)",>=2,"[0.90,0.95)",21,0,4,21,0.190476190476190476190476190476190476190476190476190476190476,0.076675650527617916116719757819186510335372431410581805767678,0.400005646902049244340388827183058608607428050054791727028218,0.90000000,0.91000000,0,0
120,"[1,2)",>=2,"[0.95,0.98)",12,0,0,12,0,0,0.242494006655240850743536740887323444981368621780736059953412,0.96000000,0.97000000,0,0
120,"[1,2)",>=2,"[0.98,1)",10,0,0,10,0,0,0.277532799862889204526030927043294338473666863904268179277910,0.97500000,0.98500000,0,0
120,"[1,2)",>=2,ask=1,0,0,0,0,,,,,,0,0
120,"[2,4)",<-2,ask=0,0,0,0,0,,,,,,0,0
120,"[2,4)",<-2,"(0,0.90)",96,1,57,95,0.6,0.499456028552734729556352173499405092058922348523343724019597,0.692771000739370678146302300584974229228927691698495995703801,0.45000000,0.46000000,0,0
120,"[2,4)",<-2,"[0.90,0.95)",0,0,0,0,,,,,,0,0
120,"[2,4)",<-2,"[0.95,0.98)",0,0,0,0,,,,,,0,0
120,"[2,4)",<-2,"[0.98,1)",0,0,0,0,,,,,,0,0
120,"[2,4)",<-2,ask=1,0,0,0,0,,,,,,0,0
120,"[2,4)","[-2,0)",ask=0,0,0,0,0,,,,,,0,0
120,"[2,4)","[-2,0)","(0,0.90)",332,0,111,332,0.334337349397590361445783132530120481927710843373493975903614,0.285742113179779237044310663956612446736777140466734458157545,0.386722387223879861705673110078210971585164744462875067328587,0.73000000,0.74000000,0,0
120,"[2,4)","[-2,0)","[0.90,0.95)",57,0,7,57,0.122807017543859649122807017543859649122807017543859649122807,0.0607806015899808741972461991533995581813252144814108028028145,0.232464484351740078764336647233367992790178862730369232833804,0.91000000,0.92000000,0,0
120,"[2,4)","[-2,0)","[0.95,0.98)",17,0,1,17,0.0588235294117647058823529411764705882352941176470588235294118,0.010460400984997586936532462901059298475354490139491428714097,0.269820306375754004601105839025543062567873644002601514473789,0.94000000,0.95000000,0,0
120,"[2,4)","[-2,0)","[0.98,1)",4,0,0,4,0,0,0.489890836454597301712536589852471046460117866669254129450196,0.97500000,0.98500000,0,0
120,"[2,4)","[-2,0)",ask=1,0,0,0,0,,,,,,0,0
120,"[2,4)","[0,2)",ask=0,0,0,0,0,,,,,,0,0
120,"[2,4)","[0,2)","(0,0.90)",260,0,55,260,0.211538461538461538461538461538461538461538461538461538461538,0.166280775471232221701693683371934444142439739737243596648727,0.265195988376031235493521318964101771065568010890431596015867,0.81000000,0.82000000,0,0
120,"[2,4)","[0,2)","[0.90,0.95)",171,0,17,171,0.0994152046783625730994152046783625730994152046783625730994152,0.0629995145240758471879692390121035812144167306818331305400427,0.153433470398006224706867321633495250960194624681074942934277,0.91000000,0.92000000,0,0
120,"[2,4)","[0,2)","[0.95,0.98)",88,0,2,88,0.0227272727272727272727272727272727272727272727272727272727273,0.0062549282638121637991775748022237803157946376342496560810702,0.0791254535526758462787402702947625522160157167078901488832658,0.95000000,0.96000000,0,0
120,"[2,4)","[0,2)","[0.98,1)",43,0,3,43,0.0697674418604651162790697674418604651162790697674418604651163,0.0240115895772144940050499165025761472886440758634528530275883,0.186089869012419763521672255182812626693887375328829890268104,0.97000000,0.98000000,0,0
120,"[2,4)","[0,2)",ask=1,2,0,0,2,0,0,0.657619772493346908066213171022805867761678469589830388837810,0.99000000,1.00000000,0,2
120,"[2,4)",>=2,ask=0,0,0,0,0,,,,,,0,0
120,"[2,4)",>=2,"(0,0.90)",58,0,11,58,0.189655172413793103448275862068965517241379310344827586206897,0.109342516611202666622658312149958180875526290234751106926940,0.308523738704992243379212614404903549114605603164387382861234,0.83000000,0.84000000,0,0
120,"[2,4)",>=2,"[0.90,0.95)",51,0,4,51,0.0784313725490196078431372549019607843137254901960784313725490,0.0309221967884891939778646430974016008259684799482203454354530,0.184999463125958873312811935653102348274167107903380556166279,0.91000000,0.92000000,0,0
120,"[2,4)",>=2,"[0.95,0.98)",40,0,1,40,0.025,0.0044268315026814024331593102211685406100739576634491517407483,0.128813689634740900470668942621064723090364463171793286366078,0.95000000,0.96000000,0,0
120,"[2,4)",>=2,"[0.98,1)",15,0,0,15,0,0,0.203883301035848588906113525033002846962414143120117784623588,0.97000000,0.98000000,0,0
120,"[2,4)",>=2,ask=1,1,0,0,1,0,0,0.793450685622762572644686990659235135454905747938657255997644,0.99000000,1.00000000,0,1
120,"[4,8)",<-2,ask=0,0,0,0,0,,,,,,0,0
120,"[4,8)",<-2,"(0,0.90)",151,2,58,149,0.389261744966442953020134228187919463087248322147651006711409,0.314695541678966066242723004258530912552744860448187260385706,0.469394454225130006288968403432331545099479898239957757714718,0.65000000,0.66000000,0,0
120,"[4,8)",<-2,"[0.90,0.95)",7,0,0,7,0,0,0.354330435066687400786206839933794738607089448605187126348296,0.91000000,0.92000000,0,0
120,"[4,8)",<-2,"[0.95,0.98)",1,0,0,1,0,0,0.793450685622762572644686990659235135454905747938657255997644,0.95000000,0.96000000,0,0
120,"[4,8)",<-2,"[0.98,1)",0,0,0,0,,,,,,0,0
120,"[4,8)",<-2,ask=1,0,0,0,0,,,,,,0,0
120,"[4,8)","[-2,0)",ask=0,0,0,0,0,,,,,,0,0
120,"[4,8)","[-2,0)","(0,0.90)",209,0,49,209,0.234449760765550239234449760765550239234449760765550239234450,0.182125439411600192265437196143098876579721239578293725653480,0.296359623531373281261337232959947414902380157112396087687412,0.81000000,0.82000000,0,0
120,"[4,8)","[-2,0)","[0.90,0.95)",95,0,5,95,0.0526315789473684210526315789473684210526315789473684210526316,0.0226881130491495538133208101903197620137509793542676004510981,0.117348861170378885411646016274299063803761998600659969207402,0.91000000,0.92000000,0,0
120,"[4,8)","[-2,0)","[0.95,0.98)",64,0,4,64,0.0625,0.0245712013966180149804994161273043951920152096753521458595959,0.149974850922086653027785243538526082885584678940722507320379,0.95000000,0.96000000,0,0
120,"[4,8)","[-2,0)","[0.98,1)",34,0,1,34,0.0294117647058823529411764705882352941176470588235294117647059,0.0052109062762689467848135449595330974406244776182452421405567,0.149155732926859303181089978316249360241694589073754873032685,0.97000000,0.98000000,0,0
120,"[4,8)","[-2,0)",ask=1,2,0,0,2,0,0,0.657619772493346908066213171022805867761678469589830388837810,0.99000000,1.00000000,0,2
120,"[4,8)","[0,2)",ask=0,0,0,0,0,,,,,,0,0
120,"[4,8)","[0,2)","(0,0.90)",110,1,23,109,0.211009174311926605504587155963302752293577981651376146788991,0.144923575641338250967788800657355125245549100714792353947154,0.296770987169060674192065814823339527377934510609882981235730,0.82500000,0.83500000,0,0
120,"[4,8)","[0,2)","[0.90,0.95)",148,0,11,148,0.0743243243243243243243243243243243243243243243243243243243243,0.0420057031155149807179952620109862856921744813327483537433298,0.128181405342193354558695698324071212146633577608317826560261,0.92000000,0.93000000,0,0
120,"[4,8)","[0,2)","[0.95,0.98)",163,0,3,163,0.0184049079754601226993865030674846625766871165644171779141104,0.0062787506964944158555074994034583322447536994253169616483366,0.0527081395540327088380612147012651128220043785305042361892604,0.95000000,0.96000000,0,0
120,"[4,8)","[0,2)","[0.98,1)",159,0,2,159,0.0125786163522012578616352201257861635220125786163522012578616,0.0034563155197396587073655430825375456514008104314404496004177,0.0446976305176046177422790707652440455406399338800490640621761,0.98000000,0.99000000,0,0
120,"[4,8)","[0,2)",ask=1,21,0,0,21,0,0,0.154639018924846951507636945003626730599908470059449552977985,0.99000000,1.00000000,0,21
120,"[4,8)",>=2,ask=0,0,0,0,0,,,,,,0,0
120,"[4,8)",>=2,"(0,0.90)",42,0,5,42,0.119047619047619047619047619047619047619047619047619047619048,0.0519380332775823751837759156723901944092901262036193278007873,0.250003902620096798593053949452166081517877131228768717146227,0.85000000,0.86000000,0,0
120,"[4,8)",>=2,"[0.90,0.95)",59,3,5,56,0.0892857142857142857142857142857142857142857142857142857142857,0.0387421484495869090527125098955454826148761479213084624202081,0.192560013855111604872794145039509270336140059401757284170676,0.91000000,0.92000000,0,0
120,"[4,8)",>=2,"[0.95,0.98)",79,0,3,79,0.0379746835443037974683544303797468354430379746835443037974684,0.0129980868894358713527061926384522582805548318053558072569342,0.105800627676847087221600200640084569768027073043924511298182,0.95000000,0.97000000,0,0
120,"[4,8)",>=2,"[0.98,1)",64,0,1,64,0.015625,0.0027635419233375083296778723103551377311351588103324322798294,0.0833410160009426598223515723196714629976361464431787908837144,0.97000000,0.98000000,0,0
120,"[4,8)",>=2,ask=1,22,0,0,22,0,0,0.148654874608620875261529651123205956231015521669584153863614,0.99000000,1.00000000,0,22
120,"[8,infinity)",<-2,ask=0,0,0,0,0,,,,,,0,0
120,"[8,infinity)",<-2,"(0,0.90)",101,2,23,99,0.232323232323232323232323232323232323232323232323232323232323,0.160091135991762245561729764261104030067652062586235329379514,0.324552502792024133173047449102117563101039218360573882408128,0.78000000,0.79000000,0,0
120,"[8,infinity)",<-2,"[0.90,0.95)",63,0,4,63,0.0634920634920634920634920634920634920634920634920634920634921,0.0249656180133940808596879662229631470865490116805193202330938,0.152191778453063765535315962199718909387825578686540334363081,0.91000000,0.92000000,0,0
120,"[8,infinity)",<-2,"[0.95,0.98)",45,0,1,45,0.0222222222222222222222222222222222222222222222222222222222222,0.0039335988828334241003541137294427786947992694953359655362102,0.115666817684148786112255917786296751531581779074925282833291,0.95000000,0.96000000,0,0
120,"[8,infinity)",<-2,"[0.98,1)",35,1,1,34,0.0294117647058823529411764705882352941176470588235294117647059,0.0052109062762689467848135449595330974406244776182452421405567,0.149155732926859303181089978316249360241694589073754873032685,0.98000000,0.99000000,0,0
120,"[8,infinity)",<-2,ask=1,16,0,0,16,0,0,0.193607680534436484397123030315166534447518308110879063675717,0.99000000,1.00000000,0,16
120,"[8,infinity)","[-2,0)",ask=0,0,0,0,0,,,,,,0,0
120,"[8,infinity)","[-2,0)","(0,0.90)",31,0,3,31,0.0967741935483870967741935483870967741935483870967741935483871,0.033464644163197389148184255619828959110743648739070539136776,0.248999384433928374983389741165239285973330834602677092782202,0.85000000,0.86000000,0,0
120,"[8,infinity)","[-2,0)","[0.90,0.95)",54,1,2,53,0.0377358490566037735849056603773584905660377358490566037735849,0.0104102872758268455072011597121791470698503602401991254326645,0.127542871974183555503339540662997435359945592017755808887051,0.92000000,0.93000000,0,0
120,"[8,infinity)","[-2,0)","[0.95,0.98)",76,2,2,74,0.0270270270270270270270270270270270270270270270270270270270270,0.0074433526382672142735563823309368671761192605471466322569941,0.0932929251691250067288970974761818481933560868372005771829925,0.95000000,0.96000000,0,0
120,"[8,infinity)","[-2,0)","[0.98,1)",70,0,1,70,0.0142857142857142857142857142857142857142857142857142857142857,0.0025262464578903093719381589301053799264191509893796919163491,0.0765818713120832675138010767071428445531193220594770073852843,0.98000000,0.99000000,0,0
120,"[8,infinity)","[-2,0)",ask=1,44,0,0,44,0,0,0.0802956037584806626166952308778981439265432201360044951705709,0.99000000,1.00000000,0,44
120,"[8,infinity)","[0,2)",ask=0,0,0,0,0,,,,,,0,0
120,"[8,infinity)","[0,2)","(0,0.90)",29,0,4,29,0.137931034482758620689655172413793103448275862068965517241379,0.054974399641119632646680646866173541042522301419074327918151,0.305589937203520215241353249336822945169602656899898019060917,0.86000000,0.87000000,0,0
120,"[8,infinity)","[0,2)","[0.90,0.95)",38,1,1,37,0.0270270270270270270270270270270270270270270270270270270270270,0.0047869744519404384993296166885468603602007934337578545816106,0.138240698637305151443469830045507456849646351121924898671456,0.92000000,0.93000000,0,0
120,"[8,infinity)","[0,2)","[0.95,0.98)",70,1,1,69,0.0144927536231884057971014492753623188405797101449275362318841,0.0025629246445884669875795259082180627087176604343799674346941,0.0776312246114472630839370620856753805435217557197008803006097,0.96000000,0.97000000,0,0
120,"[8,infinity)","[0,2)","[0.98,1)",145,1,2,144,0.0138888888888888888888888888888888888888888888888888888888889,0.0038171346628682660876690291051112359761215834860306272876243,0.0492225125595285677271424130169073707109746701890525195000253,0.98000000,0.99000000,0,0
120,"[8,infinity)","[0,2)",ask=1,147,0,1,147,0.00680272108843537414965986394557823129251700680272108843537415,0.0012018583516737808264839389532453100986072790178955776284708,0.0375239592475705465801126010598266924936458257296285688553908,0.99000000,1.00000000,0,147
120,"[8,infinity)",>=2,ask=0,0,0,0,0,,,,,,0,0
120,"[8,infinity)",>=2,"(0,0.90)",13,0,1,13,0.0769230769230769230769230769230769230769230769230769230769231,0.013710421242556579808253714622779269798387965952631085614768,0.333139509210995888336178628920920688594076149776242235244574,0.86000000,0.87000000,0,0
120,"[8,infinity)",>=2,"[0.90,0.95)",34,1,2,33,0.0606060606060606060606060606060606060606060606060606060606061,0.0167808830871918781743903978907815694008796926141472372517821,0.196062448086478110347403376044100241216504207905482256217840,0.92000000,0.93000000,0,0
120,"[8,infinity)",>=2,"[0.95,0.98)",76,0,6,76,0.0789473684210526315789473684210526315789473684210526315789474,0.0366840052334717595637095560927299993038314813059030524392931,0.161727434821380718735800340982825454741387848624439781450168,0.95150000,0.96000000,0,0
120,"[8,infinity)",>=2,"[0.98,1)",142,1,3,141,0.0212765957446808510638297872340425531914893617021276595744681,0.0072619438765341362326274069083524875525749476809921991981397,0.0606844776855223299621719861962723498927561335147923388305535,0.98000000,0.99000000,0,0
120,"[8,infinity)",>=2,ask=1,260,2,0,258,0,0,0.0146709342286574630396614742311364432649534745658907934732558,0.99000000,1.00000000,0,260
90,"[0,1)",<-2,ask=0,0,0,0,0,,,,,,0,0
90,"[0,1)",<-2,"(0,0.90)",71,0,61,71,0.859154929577464788732394366197183098591549295774647887323944,0.759782507165241986508132943034933818247705910242493935133007,0.921657977876428331635819897615623413499180259220751057125661,0.17000000,0.18000000,0,0
90,"[0,1)",<-2,"[0.90,0.95)",0,0,0,0,,,,,,0,0
90,"[0,1)",<-2,"[0.95,0.98)",0,0,0,0,,,,,,0,0
90,"[0,1)",<-2,"[0.98,1)",0,0,0,0,,,,,,0,0
90,"[0,1)",<-2,ask=1,0,0,0,0,,,,,,0,0
90,"[0,1)","[-2,0)",ask=0,0,0,0,0,,,,,,0,0
90,"[0,1)","[-2,0)","(0,0.90)",390,1,206,389,0.529562982005141388174807197943444730077120822622107969151671,0.479916022965780227652435483304531203864719170295595209249730,0.578631768983281755295469724461010888217971368817881649181768,0.49000000,0.50000000,0,0
90,"[0,1)","[-2,0)","[0.90,0.95)",11,0,2,11,0.181818181818181818181818181818181818181818181818181818181818,0.051367689746085094133963649924377303658571388552538605220008,0.476980561960844163535145158696847971365613942692265986609726,0.92000000,0.93000000,0,0
90,"[0,1)","[-2,0)","[0.95,0.98)",7,0,1,7,0.142857142857142857142857142857142857142857142857142857142857,0.025679624344743560607128914884008804252331158419792918804746,0.513127829274318868525875970782987437609875590583912171444036,0.95000000,0.96000000,0,0
90,"[0,1)","[-2,0)","[0.98,1)",2,0,0,2,0,0,0.657619772493346908066213171022805867761678469589830388837810,0.97000000,0.98000000,0,0
90,"[0,1)","[-2,0)",ask=1,0,0,0,0,,,,,,0,0
90,"[0,1)","[0,2)",ask=0,0,0,0,0,,,,,,0,0
90,"[0,1)","[0,2)","(0,0.90)",337,1,94,336,0.279761904761904761904761904761904761904761904761904761904762,0.234461924473340467750320461070417837075393691044566261851554,0.330040886591606129872588853948299185269379770490300338636122,0.71000000,0.72000000,0,0
90,"[0,1)","[0,2)","[0.90,0.95)",39,0,2,39,0.0512820512820512820512820512820512820512820512820512820512821,0.0141779554152741156211825868628303160488089301413090225634850,0.168856400476136127126715634541636202838101040659380597598789,0.92000000,0.93000000,0,0
90,"[0,1)","[0,2)","[0.95,0.98)",22,0,0,22,0,0,0.148654874608620875261529651123205956231015521669584153863614,0.95500000,0.96500000,0,0
90,"[0,1)","[0,2)","[0.98,1)",9,0,1,9,0.111111111111111111111111111111111111111111111111111111111111,0.019890887638544909123336039549747145430433888416815277180683,0.434999705576656016633305779504184793145793726478044666290525,0.98000000,0.99000000,0,0
90,"[0,1)","[0,2)",ask=1,0,0,0,0,,,,,,0,0
90,"[0,1)",>=2,ask=0,0,0,0,0,,,,,,0,0
90,"[0,1)",>=2,"(0,0.90)",37,1,5,36,0.138888888888888888888888888888888888888888888888888888888889,0.060818150091328379597447917597949445963851973351839610639448,0.286595303893562042624617623085738887480415941082495040800234,0.81000000,0.82000000,0,0
90,"[0,1)",>=2,"[0.90,0.95)",22,1,2,21,0.0952380952380952380952380952380952380952380952380952380952381,0.026518767438074516559365149362529860371980708722242404452705,0.289141390739182539423007615640406064399373767040169138434235,0.91500000,0.92500000,0,0
90,"[0,1)",>=2,"[0.95,0.98)",14,0,1,14,0.0714285714285714285714285714285714285714285714285714285714286,0.012722215247890934509444161201882906109675297161938508881200,0.314687044241511181061484465394640207399371805737146133212574,0.95000000,0.96000000,0,0
90,"[0,1)",>=2,"[0.98,1)",5,0,0,5,0,0,0.434482464783174761084782871525556271809021898883564142795326,0.98000000,0.99000000,0,0
90,"[0,1)",>=2,ask=1,2,0,0,2,0,0,0.657619772493346908066213171022805867761678469589830388837810,0.99000000,1.00000000,0,2
90,"[1,2)",<-2,ask=0,0,0,0,0,,,,,,0,0
90,"[1,2)",<-2,"(0,0.90)",71,1,54,70,0.771428571428571428571428571428571428571428571428571428571429,0.660496684060150909894479755201041020143113455915462678842031,0.854119367774275620669371848413437913235967985616058577430589,0.28000000,0.29000000,0,0
90,"[1,2)",<-2,"[0.90,0.95)",0,0,0,0,,,,,,0,0
90,"[1,2)",<-2,"[0.95,0.98)",0,0,0,0,,,,,,0,0
90,"[1,2)",<-2,"[0.98,1)",0,0,0,0,,,,,,0,0
90,"[1,2)",<-2,ask=1,0,0,0,0,,,,,,0,0
90,"[1,2)","[-2,0)",ask=0,0,0,0,0,,,,,,0,0
90,"[1,2)","[-2,0)","(0,0.90)",223,1,82,222,0.369369369369369369369369369369369369369369369369369369369369,0.308606697641112541189374841727891040648875037470921034596932,0.434575974385245313244890208124032960192635793361724790116608,0.64000000,0.65000000,0,0
90,"[1,2)","[-2,0)","[0.90,0.95)",25,0,2,25,0.08,0.022220401284847591995218228155449298156937398973362571020721,0.249661089503953128098840843697904480710628265336952993316635,0.90000000,0.91000000,0,0
90,"[1,2)","[-2,0)","[0.95,0.98)",9,0,1,9,0.111111111111111111111111111111111111111111111111111111111111,0.019890887638544909123336039549747145430433888416815277180683,0.434999705576656016633305779504184793145793726478044666290525,0.95000000,0.96000000,0,0
90,"[1,2)","[-2,0)","[0.98,1)",5,0,0,5,0,0,0.434482464783174761084782871525556271809021898883564142795326,0.97000000,0.98000000,0,0
90,"[1,2)","[-2,0)",ask=1,0,0,0,0,,,,,,0,0
90,"[1,2)","[0,2)",ask=0,0,0,0,0,,,,,,0,0
90,"[1,2)","[0,2)","(0,0.90)",184,0,32,184,0.173913043478260869565217391304347826086956521739130434782609,0.125969020880045241699838200306724805522151506061847639563080,0.235194373221641561210960985574609834400141542565675178243570,0.80000000,0.81000000,0,0
90,"[1,2)","[0,2)","[0.90,0.95)",93,1,5,92,0.0543478260869565217391304347826086956521739130434782608695652,0.0234350639486323683065054149541770723388770915814702077221803,0.120985304762465253961698886558541429435169379199994014121922,0.92000000,0.93000000,0,0
90,"[1,2)","[0,2)","[0.95,0.98)",67,0,7,67,0.104477611940298507462686567164179104477611940298507462686567,0.0515376976878286146786710758394119099714397256573670453337592,0.200312830487380260535833389669397795268766216960676138761561,0.95000000,0.96000000,0,0
90,"[1,2)","[0,2)","[0.98,1)",27,0,0,27,0,1E-61,0.124555029741867063560897531223174706536906133650947916372170,0.98000000,0.99000000,0,0
90,"[1,2)","[0,2)",ask=1,1,0,0,1,0,0,0.793450685622762572644686990659235135454905747938657255997644,0.99000000,1.00000000,0,1
90,"[1,2)",>=2,ask=0,0,0,0,0,,,,,,0,0
90,"[1,2)",>=2,"(0,0.90)",20,0,1,20,0.05,0.008881448800795391602879473430907108230127032845046417582298,0.236131193446742027595051195081921842949898211188338729890754,0.83500000,0.84500000,0,0
90,"[1,2)",>=2,"[0.90,0.95)",22,0,2,22,0.0909090909090909090909090909090909090909090909090909090909091,0.025295428990995267023842223700597917677176523865640344860014,0.278149468416058176371954763582025137420927084773110326482942,0.92000000,0.93000000,0,0
90,"[1,2)",>=2,"[0.95,0.98)",12,0,0,12,0,0,0.242494006655240850743536740887323444981368621780736059953412,0.96000000,0.97000000,0,0
90,"[1,2)",>=2,"[0.98,1)",14,0,0,14,0,1E-60,0.215310802737635801499416731029276965760554953382265415776069,0.97000000,0.98000000,0,0
90,"[1,2)",>=2,ask=1,7,0,0,7,0,0,0.354330435066687400786206839933794738607089448605187126348296,0.99000000,1.00000000,0,7
90,"[2,4)",<-2,ask=0,0,0,0,0,,,,,,0,0
90,"[2,4)",<-2,"(0,0.90)",128,1,74,127,0.582677165354330708661417322834645669291338582677165354330709,0.495721009826252792119216198499431845289890140446272080183097,0.664778576385014683407116737565743236369624588603935618353217,0.44500000,0.45500000,0,0
90,"[2,4)",<-2,"[0.90,0.95)",0,0,0,0,,,,,,0,0
90,"[2,4)",<-2,"[0.95,0.98)",0,0,0,0,,,,,,0,0
90,"[2,4)",<-2,"[0.98,1)",0,0,0,0,,,,,,0,0
90,"[2,4)",<-2,ask=1,0,0,0,0,,,,,,0,0
90,"[2,4)","[-2,0)",ask=0,0,0,0,0,,,,,,0,0
90,"[2,4)","[-2,0)","(0,0.90)",248,0,69,248,0.278225806451612903225806451612903225806451612903225806451613,0.226159652343773029031876239285026218904346910572374748674090,0.337057617302374829269540823001976344876594038678855523099464,0.77000000,0.78000000,0,0
90,"[2,4)","[-2,0)","[0.90,0.95)",63,0,5,63,0.0793650793650793650793650793650793650793650793650793650793651,0.0343758471768185559716747259722237142469471987630618434482551,0.172703098509040823281692695962360812901086497408832005526241,0.91000000,0.92000000,0,0
90,"[2,4)","[-2,0)","[0.95,0.98)",51,0,3,51,0.0588235294117647058823529411764705882352941176470588235294118,0.0202066394224646723727608571793394777849749158705653082594030,0.159246260488004235257016957792118143366329769090412379463340,0.95000000,0.96000000,0,0
90,"[2,4)","[-2,0)","[0.98,1)",22,0,2,22,0.0909090909090909090909090909090909090909090909090909090909091,0.025295428990995267023842223700597917677176523865640344860014,0.278149468416058176371954763582025137420927084773110326482942,0.97500000,0.98500000,0,0
90,"[2,4)","[-2,0)",ask=1,1,0,0,1,0,0,0.793450685622762572644686990659235135454905747938657255997644,0.99000000,1.00000000,0,1
90,"[2,4)","[0,2)",ask=0,0,0,0,0,,,,,,0,0
90,"[2,4)","[0,2)","(0,0.90)",120,0,22,120,0.183333333333333333333333333333333333333333333333333333333333,0.124303003560142222574483805480755569790998224681991549914654,0.262009135171703314548822022999663060870415420282058073570880,0.83000000,0.84000000,0,0
90,"[2,4)","[0,2)","[0.90,0.95)",138,0,13,138,0.0942028985507246376811594202898550724637681159420289855072464,0.0558805340148823468430563819101249176475631454746184530746982,0.154505477725292808508138548770673564411273568036056867400246,0.92000000,0.93000000,0,0
90,"[2,4)","[0,2)","[0.95,0.98)",128,0,7,128,0.0546875,0.0267402013813463523726310184278813442350262167264085506121697,0.108584900299747079677157510696113630677808345684368657515224,0.95000000,0.96000000,0,0
90,"[2,4)","[0,2)","[0.98,1)",160,0,5,160,0.03125,0.0134205166876444066194322685219861860505520718271537275007046,0.0710602912856417091158520765650593733722704541255451578447394,0.98000000,0.99000000,0,0
90,"[2,4)","[0,2)",ask=1,11,0,0,11,0,0,0.258832966968031690622885270690496860752291234813264358589584,0.99000000,1.00000000,0,11
90,"[2,4)",>=2,ask=0,0,0,0,0,,,,,,0,0
90,"[2,4)",>=2,"(0,0.90)",23,0,9,23,0.391304347826086956521739130434782608695652173913043478260870,0.221576227924779455928052167317994824143339523407317809298420,0.592144776086182900350963544995571498539109046252659903996626,0.82000000,0.83000000,0,0
90,"[2,4)",>=2,"[0.90,0.95)",27,0,2,27,0.0740740740740740740740740740740740740740740740740740740740741,0.020554654060988633298505495124932680615583322866860916595064,0.233695926830231457882999809250364291619558939132094715870118,0.92000000,0.93000000,0,0
90,"[2,4)",>=2,"[0.95,0.98)",46,0,0,46,0,0,0.0770735630855803739782707173457028486860107581201611900926340,0.95000000,0.96000000,0,0
90,"[2,4)",>=2,"[0.98,1)",42,0,0,42,0,1E-61,0.0837987908657039155820891979759801121544070253800093089929563,0.97000000,0.98000000,0,0
90,"[2,4)",>=2,ask=1,15,0,0,15,0,0,0.203883301035848588906113525033002846962414143120117784623588,0.99000000,1.00000000,0,15
90,"[4,8)",<-2,ask=0,0,0,0,0,,,,,,0,0
90,"[4,8)",<-2,"(0,0.90)",139,0,46,139,0.330935251798561151079136690647482014388489208633093525179856,0.258182008376988201011233004006164314563404269263353542834394,0.412781867321046287960093546618311718871050243222793308652270,0.68000000,0.69000000,0,0
90,"[4,8)",<-2,"[0.90,0.95)",8,0,1,8,0.125,0.022417491450056672799680864765156704300662439077102905272333,0.470888182212853486868029343093234641378134238715551447740093,0.90000000,0.91000000,0,0
90,"[4,8)",<-2,"[0.95,0.98)",1,0,0,1,0,0,0.793450685622762572644686990659235135454905747938657255997644,0.94000000,0.95000000,0,0
90,"[4,8)",<-2,"[0.98,1)",2,0,0,2,0,0,0.657619772493346908066213171022805867761678469589830388837810,0.97500000,0.98500000,0,0
90,"[4,8)",<-2,ask=1,0,0,0,0,,,,,,0,0
90,"[4,8)","[-2,0)",ask=0,0,0,0,0,,,,,,0,0
90,"[4,8)","[-2,0)","(0,0.90)",110,2,22,108,0.203703703703703703703703703703703703703703703703703703703704,0.138548069432086525329366075405636423668880846079868999473363,0.289213328936243566338654132288139901676166979306616617865567,0.84000000,0.85000000,0,0
90,"[4,8)","[-2,0)","[0.90,0.95)",82,0,10,82,0.121951219512195121951219512195121951219512195121951219512195,0.0676085364967789397044268766402543162846354580382049801675407,0.210129739951833492488478542403335416219368433011369175584453,0.91000000,0.92000000,0,0
90,"[4,8)","[-2,0)","[0.95,0.98)",88,0,2,88,0.0227272727272727272727272727272727272727272727272727272727273,0.0062549282638121637991775748022237803157946376342496560810702,0.0791254535526758462787402702947625522160157167078901488832658,0.95000000,0.96000000,0,0
90,"[4,8)","[-2,0)","[0.98,1)",88,0,2,88,0.0227272727272727272727272727272727272727272727272727272727273,0.0062549282638121637991775748022237803157946376342496560810702,0.0791254535526758462787402702947625522160157167078901488832658,0.98000000,0.99000000,0,0
90,"[4,8)","[-2,0)",ask=1,30,0,0,30,0,0,0.113513393173968749941088969242882139187892157115904711864309,0.99000000,1.00000000,0,30
90,"[4,8)","[0,2)",ask=0,0,0,0,0,,,,,,0,0
90,"[4,8)","[0,2)","(0,0.90)",32,0,4,32,0.125,0.049701343874800734251915537179920360463557332137381733086422,0.280683054816502226300307650057195715244499069673680443074724,0.84500000,0.85500000,0,0
90,"[4,8)","[0,2)","[0.90,0.95)",53,0,3,53,0.0566037735849056603773584905660377358490566037735849056603774,0.0194366614849357599693697351562792812356582108936903374935183,0.153702083101808910387679508060726828441901171884348068894780,0.92000000,0.93000000,0,0
90,"[4,8)","[0,2)","[0.95,0.98)",129,0,4,129,0.0310077519379844961240310077519379844961240310077519379844961,0.0121230383133992093197906997048326780491924810064141663570060,0.0770167447469284541315223316818109061060767614264244373962650,0.95000000,0.96000000,0,0
90,"[4,8)","[0,2)","[0.98,1)",246,0,5,246,0.0203252032520325203252032520325203252032520325203252032520325,0.0087122034012985945808381474919918537893084204528315753179939,0.0466887652210782231428326114303578569170680409663646307490451,0.98000000,0.99000000,0,0
90,"[4,8)","[0,2)",ask=1,139,0,1,139,0.00719424460431654676258992805755395683453237410071942446043165,0.0012710917051593069924968373427928425895050175674164279798598,0.0396236097976220757537103421370628293364581358496499263536016,0.99000000,1.00000000,0,139
90,"[4,8)",>=2,ask=0,0,0,0,0,,,,,,0,0
90,"[4,8)",>=2,"(0,0.90)",15,0,1,15,0.0666666666666666666666666666666666666666666666666666666666667,0.011866895493268551900400658175721432353582667454859885236678,0.298165298737800225151564396852881035013842923249242194770432,0.85000000,0.86000000,0,0
90,"[4,8)",>=2,"[0.90,0.95)",24,1,0,23,0,0,0.143116618450426838883472276642405084339263420435897481157223,0.91500000,0.93000000,0,0
90,"[4,8)",>=2,"[0.95,0.98)",42,0,2,42,0.0476190476190476190476190476190476190476190476190476190476190,0.0131575249089056042442555561003914998334835576115705487075536,0.157898523969588414615729908735019077830027560589390254667025,0.95500000,0.97000000,0,0
90,"[4,8)",>=2,"[0.98,1)",102,0,0,102,0,0,0.0362944621464631862895347892476921204768418822373937571058606,0.98000000,0.99000000,0,0
90,"[4,8)",>=2,ask=1,116,0,1,116,0.00862068965517241379310344827586206896551724137931034482758621,0.0015233877766386063918144066273284061815738587135940822543264,0.0472198341281787497401099972292859611209561665301013841780096,0.99000000,1.00000000,0,116
90,"[8,infinity)",<-2,ask=0,0,0,0,0,,,,,,0,0
90,"[8,infinity)",<-2,"(0,0.90)",72,1,20,71,0.281690140845070422535211267605633802816901408450704225352113,0.190370907031703856656025910949846264218425566777639484523324,0.395420170688065165648630205517462085111898526293721402535136,0.79000000,0.80000000,0,0
90,"[8,infinity)",<-2,"[0.90,0.95)",50,3,10,47,0.212765957446808510638297872340425531914893617021276595744681,0.119897079980949992814660257071652685999803688614199488004146,0.349040267091984054096603119377132157329851343676795833181842,0.91000000,0.92000000,0,0
90,"[8,infinity)",<-2,"[0.95,0.98)",31,0,1,31,0.0322580645161290322580645161290322580645161290322580645161290,0.0057172215254168199874586339522331850026054923572925644219034,0.161941051647249066405167202318445979294920908319134688604112,0.95000000,0.96000000,0,0
90,"[8,infinity)",<-2,"[0.98,1)",53,0,1,53,0.0188679245283018867924528301886792452830188679245283018867925,0.0033384533882637656821973476453314221271521740259389223623519,0.0994291205250123659818348098880156330548803477119325398887805,0.98000000,0.99000000,0,0
90,"[8,infinity)",<-2,ask=1,76,0,0,76,0,0,0.0481135850651373179806680027772221016786979542922821152437366,0.99000000,1.00000000,0,76
90,"[8,infinity)","[-2,0)",ask=0,0,0,0,0,,,,,,0,0
90,"[8,infinity)","[-2,0)","(0,0.90)",8,0,0,8,0,0,0.324407564883880212890280277144521794238395570390205804016566,0.80500000,0.81500000,0,0
90,"[8,infinity)","[-2,0)","[0.90,0.95)",31,0,2,31,0.0645161290322580645161290322580645161290322580645161290322581,0.0178747835219145770963837259671189739186711542154245286916251,0.207186367362981248165716190560754730772129287793662913780871,0.92000000,0.93000000,0,0
90,"[8,infinity)","[-2,0)","[0.95,0.98)",38,1,0,37,0,0,0.0940578258372024807966737008331431353361241242445789105818134,0.96000000,0.97000000,0,0
90,"[8,infinity)","[-2,0)","[0.98,1)",97,2,0,95,0,1E-61,0.0388648535394729614867276295781033935607497988908014013830293,0.98000000,0.99000000,0,0
90,"[8,infinity)","[-2,0)",ask=1,168,0,0,168,0,0,0.0223546683498680513597401911161799053789148351442510448390890,0.99000000,1.00000000,0,168
90,"[8,infinity)","[0,2)",ask=0,0,0,0,0,,,,,,0,0
90,"[8,infinity)","[0,2)","(0,0.90)",3,0,1,3,0.333333333333333333333333333333333333333333333333333333333333,0.061491944720396241873444442939187390780210775328990142673567,0.792340399197952247054735144859082924781055214487972948705729,0.85000000,0.86000000,0,0
90,"[8,infinity)","[0,2)","[0.90,0.95)",9,0,1,9,0.111111111111111111111111111111111111111111111111111111111111,0.019890887638544909123336039549747145430433888416815277180683,0.434999705576656016633305779504184793145793726478044666290525,0.92000000,0.93000000,0,0
90,"[8,infinity)","[0,2)","[0.95,0.98)",27,1,1,26,0.0384615384615384615384615384615384615384615384615384615384615,0.0068219849935434809817954443958269886508791889728623281663195,0.188927789030347560694580852465746207751500644113564387184404,0.95000000,0.96000000,0,0
90,"[8,infinity)","[0,2)","[0.98,1)",113,1,1,112,0.00892857142857142857142857142857142857142857142857142857142857,0.0015778547032921350650467593796101952250810233761634620570155,0.0488484683088848870154667217108019441566570696618363243812991,0.98000000,0.99000000,0,0
90,"[8,infinity)","[0,2)",ask=1,310,2,3,308,0.00974025974025974025974025974025974025974025974025974025974026,0.0033179897250460171540824184441319563917826760417969298341529,0.0282411841510384656347887719557704471785503655769203444608331,0.99000000,1.00000000,0,310
90,"[8,infinity)",>=2,ask=0,0,0,0,0,,,,,,0,0
90,"[8,infinity)",>=2,"(0,0.90)",3,0,0,3,0,0,0.561497031755045466784538763394810946683797969450889274137888,0.49000000,0.50000000,0,0
90,"[8,infinity)",>=2,"[0.90,0.95)",14,0,3,14,0.214285714285714285714285714285714285714285714285714285714286,0.075713867126931825281250264689792498900596000422290639585996,0.475892305866002918432702153041222910105435401510432455143186,0.92000000,0.93000000,0,0
90,"[8,infinity)",>=2,"[0.95,0.98)",25,1,0,24,0,0,0.137976204674980184720288987191152453368712544577434277225593,0.96000000,0.97000000,0,0
90,"[8,infinity)",>=2,"[0.98,1)",84,0,0,84,0,0,0.0437317284146598801624975314283815795965094588977717772519719,0.98000000,0.99000000,0,0
90,"[8,infinity)",>=2,ask=1,469,2,1,467,0.00214132762312633832976445396145610278372591006423982869379015,0.00037809696546776630525235538271490880082958580894653939897686,0.0120283271317752714261880289448470723419852972277963877952224,0.99000000,1.00000000,0,469
60,"[0,1)",<-2,ask=0,0,0,0,0,,,,,,0,0
60,"[0,1)",<-2,"(0,0.90)",76,0,69,76,0.907894736842105263157894736842105263157894736842105263157895,0.821872921510637747394620762343419119748278876701070496384918,0.954665995936223914252729024864636534145414897428909883284658,0.08000000,0.09500000,0,0
60,"[0,1)",<-2,"[0.90,0.95)",0,0,0,0,,,,,,0,0
60,"[0,1)",<-2,"[0.95,0.98)",0,0,0,0,,,,,,0,0
60,"[0,1)",<-2,"[0.98,1)",0,0,0,0,,,,,,0,0
60,"[0,1)",<-2,ask=1,0,0,0,0,,,,,,0,0
60,"[0,1)","[-2,0)",ask=0,0,0,0,0,,,,,,0,0
60,"[0,1)","[-2,0)","(0,0.90)",332,0,171,332,0.515060240963855421686746987951807228915662650602409638554217,0.461436944344640400640303162228173915222138044537380188768917,0.568339010164117863109698312859569410384958147741746218005075,0.49500000,0.51000000,0,0
60,"[0,1)","[-2,0)","[0.90,0.95)",24,0,2,24,0.0833333333333333333333333333333333333333333333333333333333333,0.023158815297043336041234637343711646272452416356485321686888,0.258488021932106817892339518648915398201474704124709909334440,0.90500000,0.91500000,0,0
60,"[0,1)","[-2,0)","[0.95,0.98)",18,0,2,18,0.111111111111111111111111111111111111111111111111111111111111,0.031019522645612380930110888542323719415287261322063555502170,0.327997651301787998191924095870274592850206834087324297966242,0.95000000,0.96000000,0,0
60,"[0,1)","[-2,0)","[0.98,1)",6,0,0,6,0,0,0.390334287902165324898707055142237608185625673736798285240772,0.97500000,0.98500000,0,0
60,"[0,1)","[-2,0)",ask=1,0,0,0,0,,,,,,0,0
60,"[0,1)","[0,2)",ask=0,0,0,0,0,,,,,,0,0
60,"[0,1)","[0,2)","(0,0.90)",197,1,38,196,0.193877551020408163265306122448979591836734693877551020408163,0.144635799677010251083881245032601321328160541448069973999064,0.254888199456378408119219206293212409257080326613941390492818,0.76000000,0.77000000,0,0
60,"[0,1)","[0,2)","[0.90,0.95)",67,0,5,67,0.0746268656716417910447761194029850746268656716417910447761194,0.0322960491663226641675654394554710188186708967103641682141004,0.163090367927769899742373325337022437760418513275078501473318,0.91000000,0.92000000,0,0
60,"[0,1)","[0,2)","[0.95,0.98)",57,0,1,57,0.0175438596491228070175438596491228070175438596491228070175439,0.0031036646514080930776440538843344460333088045624150510656638,0.0929074917856768467569386566103682354418708290805594131207066,0.95000000,0.96000000,0,0
60,"[0,1)","[0,2)","[0.98,1)",58,0,2,58,0.0344827586206896551724137931034482758620689655172413793103448,0.0095079283311654206180668059590881297453809797809478677405083,0.117291454643126944384739583873204465239816860317759866941751,0.97000000,0.98000000,0,0
60,"[0,1)","[0,2)",ask=1,1,0,0,1,0,0,0.793450685622762572644686990659235135454905747938657255997644,0.99000000,1.00000000,0,1
60,"[0,1)",>=2,ask=0,0,0,0,0,,,,,,0,0
60,"[0,1)",>=2,"(0,0.90)",19,0,3,19,0.157894736842105263157894736842105263157894736842105263157895,0.055204716385341409053692396938765178205972216622661334906490,0.375654752703290763127688759875678582317332722603981570869620,0.83000000,0.84000000,0,0
60,"[0,1)",>=2,"[0.90,0.95)",9,0,1,9,0.111111111111111111111111111111111111111111111111111111111111,0.019890887638544909123336039549747145430433888416815277180683,0.434999705576656016633305779504184793145793726478044666290525,0.91000000,0.92000000,0,0
60,"[0,1)",>=2,"[0.95,0.98)",10,0,0,10,0,0,0.277532799862889204526030927043294338473666863904268179277910,0.96000000,0.97000000,0,0
60,"[0,1)",>=2,"[0.98,1)",16,0,0,16,0,0,0.193607680534436484397123030315166534447518308110879063675717,0.97000000,0.98000000,0,0
60,"[0,1)",>=2,ask=1,6,0,0,6,0,0,0.390334287902165324898707055142237608185625673736798285240772,0.99000000,1.00000000,0,6
60,"[1,2)",<-2,ask=0,0,0,0,0,,,,,,0,0
60,"[1,2)",<-2,"(0,0.90)",63,1,51,62,0.822580645161290322580645161290322580645161290322580645161290,0.709584331143036341481299436368776049688068007315685197363602,0.897935622339949155815908675759715050065625660320295612389910,0.15000000,0.16000000,0,0
60,"[1,2)",<-2,"[0.90,0.95)",1,0,1,1,1,0.206549314377237427355313009340764864545094252061342744002356,1,0.10000000,0.90000000,0,0
60,"[1,2)",<-2,"[0.95,0.98)",0,0,0,0,,,,,,0,0
60,"[1,2)",<-2,"[0.98,1)",0,0,0,0,,,,,,0,0
60,"[1,2)",<-2,ask=1,0,0,0,0,,,,,,0,0
60,"[1,2)","[-2,0)",ask=0,0,0,0,0,,,,,,0,0
60,"[1,2)","[-2,0)","(0,0.90)",156,1,58,155,0.374193548387096774193548387096774193548387096774193548387097,0.301919781285264884586027129332322448168693924529983666531792,0.452552380519641579690366507266415112901633996014607012819606,0.69500000,0.70500000,0,0
60,"[1,2)","[-2,0)","[0.90,0.95)",39,0,4,39,0.102564102564102564102564102564102564102564102564102564102564,0.0406133134466838132500543432194088452225153340841917802234031,0.235788544628565258898084081453118642934462068624990454777469,0.90000000,0.92000000,0,0
60,"[1,2)","[-2,0)","[0.95,0.98)",22,0,2,22,0.0909090909090909090909090909090909090909090909090909090909091,0.025295428990995267023842223700597917677176523865640344860014,0.278149468416058176371954763582025137420927084773110326482942,0.95000000,0.96000000,0,0
60,"[1,2)","[-2,0)","[0.98,1)",33,0,0,33,0,0,0.104269997542452055904110156546589646564609266108543906361983,0.98000000,0.99000000,0,0
60,"[1,2)","[-2,0)",ask=1,0,0,0,0,,,,,,0,0
60,"[1,2)","[0,2)",ask=0,0,0,0,0,,,,,,0,0
60,"[1,2)","[0,2)","(0,0.90)",56,0,9,56,0.160714285714285714285714285714285714285714285714285714285714,0.0869266760759513894050469211488547766638229833864377939542388,0.278062066697495209055154228580103497513103448750007822794751,0.82000000,0.83000000,0,0
60,"[1,2)","[0,2)","[0.90,0.95)",63,0,1,63,0.0158730158730158730158730158730158730158730158730158730158730,0.0028074942138692823949705586433950044236258122679379752445054,0.0845852545943839654249428892435796400297714606846190962167064,0.91000000,0.92000000,0,0
60,"[1,2)","[0,2)","[0.95,0.98)",75,0,3,75,0.04,0.0136960642601439249874578528834765185961039592109134435970841,0.111129870824037464193837551280267477634191938241237911150270,0.95000000,0.96000000,0,0
60,"[1,2)","[0,2)","[0.98,1)",109,0,2,109,0.0183486238532110091743119266055045871559633027522935779816514,0.0050463623673432893274522948797556417401274299944339287022936,0.0644445756499882526056387309214021126323452555466916299358446,0.98000000,0.99000000,0,0
60,"[1,2)","[0,2)",ask=1,22,0,1,22,0.0454545454545454545454545454545454545454545454545454545454545,0.008069427621263850908248915147418683314924464397626624695992,0.217980458386573308420414404055495822349635100756540787907294,0.99000000,1.00000000,0,22
60,"[1,2)",>=2,ask=0,0,0,0,0,,,,,,0,0
60,"[1,2)",>=2,"(0,0.90)",9,0,1,9,0.111111111111111111111111111111111111111111111111111111111111,0.019890887638544909123336039549747145430433888416815277180683,0.434999705576656016633305779504184793145793726478044666290525,0.84000000,0.87000000,0,0
60,"[1,2)",>=2,"[0.90,0.95)",9,0,1,9,0.111111111111111111111111111111111111111111111111111111111111,0.019890887638544909123336039549747145430433888416815277180683,0.434999705576656016633305779504184793145793726478044666290525,0.91000000,0.92000000,0,0
60,"[1,2)",>=2,"[0.95,0.98)",8,0,0,8,0,0,0.324407564883880212890280277144521794238395570390205804016566,0.95000000,0.96000000,0,0
60,"[1,2)",>=2,"[0.98,1)",32,0,2,32,0.0625,0.0173105670316409687497597979151894300349433592604035124717489,0.201471231441545818561167253861445991624455776185835693049587,0.98000000,0.99000000,0,0
60,"[1,2)",>=2,ask=1,10,0,0,10,0,0,0.277532799862889204526030927043294338473666863904268179277910,0.99000000,1.00000000,0,10
60,"[2,4)",<-2,ask=0,0,0,0,0,,,,,,0,0
60,"[2,4)",<-2,"(0,0.90)",96,0,64,96,0.666666666666666666666666666666666666666666666666666666666667,0.567565061532880189348233856971022162455094352408972399169000,0.752943075847894584850760616824307366817940161192943913096008,0.36000000,0.37000000,0,0
60,"[2,4)",<-2,"[0.90,0.95)",2,0,1,2,0.5,0.094531205734230729793326600900495328768115141516490687279156,0.905468794265769270206673399099504671231884858483509312720844,0.49500000,0.90000000,0,0
60,"[2,4)",<-2,"[0.95,0.98)",1,0,0,1,0,0,0.793450685622762572644686990659235135454905747938657255997644,0.96000000,0.97000000,0,0
60,"[2,4)",<-2,"[0.98,1)",1,0,0,1,0,0,0.793450685622762572644686990659235135454905747938657255997644,0.98000000,0.98300000,0,0
60,"[2,4)",<-2,ask=1,0,0,0,0,,,,,,0,0
60,"[2,4)","[-2,0)",ask=0,0,0,0,0,,,,,,0,0
60,"[2,4)","[-2,0)","(0,0.90)",129,1,31,128,0.2421875,0.176187379992421441333117147554814147240754775520426477310345,0.323211363086106335116760421938025048761412602717391906342357,0.80000000,0.81000000,0,0
60,"[2,4)","[-2,0)","[0.90,0.95)",59,0,3,59,0.0508474576271186440677966101694915254237288135593220338983051,0.0174427174729900619648305631974421922825232408023781017862732,0.139165022152768990112405001553370007126292302713425065766631,0.91000000,0.92000000,0,0
60,"[2,4)","[-2,0)","[0.95,0.98)",68,0,3,68,0.0441176470588235294117647058823529411764705882352941176470588,0.0151166197080415635067207332406233120551580197385430998852249,0.121871951824963921724812039050896385781668587725170449643720,0.95000000,0.96000000,0,0
60,"[2,4)","[-2,0)","[0.98,1)",99,0,3,99,0.0303030303030303030303030303030303030303030303030303030303030,0.0103586395784540447218823191052005641506169042110202087383296,0.0853368020610201670202739232113958163151998717899846345871562,0.98000000,0.99000000,0,0
60,"[2,4)","[-2,0)",ask=1,26,0,0,26,0,0,0.128728921859215295149407654933370962769244819176962274963284,0.99000000,1.00000000,0,26
60,"[2,4)","[0,2)",ask=0,0,0,0,0,,,,,,0,0
60,"[2,4)","[0,2)","(0,0.90)",33,0,4,33,0.121212121212121212121212121212121212121212121212121212121212,0.048161613094135578161625993161957129534141829359954278570563,0.273255051710752342977851398161216845136016705570760802006699,0.79000000,0.80000000,0,0
60,"[2,4)","[0,2)","[0.90,0.95)",45,0,9,45,0.2,0.108961268078312852671416066121699661004582123762834814560558,0.338229691161420163043478604830043764951517604409189690229594,0.91000000,0.92000000,0,0
60,"[2,4)","[0,2)","[0.95,0.98)",86,0,3,86,0.0348837209302325581395348837209302325581395348837209302325581,0.0119337980774083706560306296555247618794617527792087224709682,0.0976087110256076486595766384010229625564015599452586181297164,0.96000000,0.97000000,0,0
60,"[2,4)","[0,2)","[0.98,1)",252,0,7,252,0.0277777777777777777777777777777777777777777777777777777777778,0.0135193851680634402115946004481557070291593497965162714327074,0.0562170011976751510826314145515678441325595084820152700276198,0.98000000,0.99000000,0,0
60,"[2,4)","[0,2)",ask=1,164,0,1,164,0.00609756097560975609756097560975609756097560975609756097560976,0.0010771813904626597724448478323346436776277498979405671472069,0.0337262507397036115121853922612048404689418650942238374776709,0.99000000,1.00000000,0,164
60,"[2,4)",>=2,ask=0,0,0,0,0,,,,,,0,0
60,"[2,4)",>=2,"(0,0.90)",4,0,1,4,0.25,0.045587260809700566421210903550181973719959137374694927176083,0.699358157417598084435057391376053549510099795959932137549015,0.85000000,0.86500000,0,0
60,"[2,4)",>=2,"[0.90,0.95)",9,0,0,9,0,0,0.299145048419544047401396624497912492455149790579105641605840,0.92000000,0.93000000,0,0
60,"[2,4)",>=2,"[0.95,0.98)",26,1,1,25,0.04,0.0070962335019872584745440387132685775454577814223994890371650,0.195440637361937339723711135221356989785685565203184224284701,0.95000000,0.96000000,0,0
60,"[2,4)",>=2,"[0.98,1)",43,1,0,42,0,1E-61,0.0837987908657039155820891979759801121544070253800093089929563,0.98000000,0.99000000,0,0
60,"[2,4)",>=2,ask=1,91,1,0,90,0,0,0.0409356255643267779347737319135887781891865818252014822304956,0.99000000,1.00000000,0,91
60,"[4,8)",<-2,ask=0,0,0,0,0,,,,,,0,0
60,"[4,8)",<-2,"(0,0.90)",99,0,42,99,0.424242424242424242424242424242424242424242424242424242424242,0.331511066209417079563491531373148655894865228935750136711786,0.522633359861465857814275604484366889341556831709573225114906,0.65000000,0.66000000,0,0
60,"[4,8)",<-2,"[0.90,0.95)",20,0,1,20,0.05,0.008881448800795391602879473430907108230127032845046417582298,0.236131193446742027595051195081921842949898211188338729890754,0.91000000,0.92000000,0,0
60,"[4,8)",<-2,"[0.95,0.98)",18,0,0,18,0,0,0.175879223646657630299759265673340687198492408383498668745102,0.96000000,0.97000000,0,0
60,"[4,8)",<-2,"[0.98,1)",11,0,0,11,0,0,0.258832966968031690622885270690496860752291234813264358589584,0.98000000,0.99000000,0,0
60,"[4,8)",<-2,ask=1,2,0,0,2,0,0,0.657619772493346908066213171022805867761678469589830388837810,0.99000000,1.00000000,0,2
60,"[4,8)","[-2,0)",ask=0,0,0,0,0,,,,,,0,0
60,"[4,8)","[-2,0)","(0,0.90)",29,1,4,28,0.142857142857142857142857142857142857142857142857142857142857,0.056990053197493931238137525334682887966473253996392237531987,0.314898021635252950178686417835815348361365151171113263484459,0.86000000,0.87000000,0,0
60,"[4,8)","[-2,0)","[0.90,0.95)",30,0,3,30,0.1,0.034599888747334186390133137725463038274341300799130149858446,0.256210825791840813562738037668842673075972424893593619633002,0.92000000,0.93000000,0,0
60,"[4,8)","[-2,0)","[0.95,0.98)",57,0,0,57,0,0,0.0631388348529789376467493545126918698924588930481735356113293,0.96000000,0.97000000,0,0
60,"[4,8)","[-2,0)","[0.98,1)",131,1,1,130,0.00769230769230769230769230769230769230769230769230769230769231,0.0013591742355797159409042715234112927335465473469956797402811,0.0422854398635527565590505589904547461853780415644009479314927,0.98000000,0.99000000,0,0
60,"[4,8)","[-2,0)",ask=1,181,0,0,181,0,0,0.0207824524065271571341049526056154756466959857917353669730544,0.99000000,1.00000000,0,181
60,"[4,8)","[0,2)",ask=0,0,0,0,0,,,,,,0,0
60,"[4,8)","[0,2)","(0,0.90)",8,0,2,8,0.25,0.071479212752109018118065833441354725591654990944167339215003,0.590724569689831088327074305130906171527542794250935562793281,0.81000000,0.84000000,0,0
60,"[4,8)","[0,2)","[0.90,0.95)",13,0,1,13,0.0769230769230769230769230769230769230769230769230769230769231,0.013710421242556579808253714622779269798387965952631085614768,0.333139509210995888336178628920920688594076149776242235244574,0.92000000,0.93000000,0,0
60,"[4,8)","[0,2)","[0.95,0.98)",16,0,1,16,0.0625,0.011119344764642533342375492137967463627461582798491024199936,0.283287375702989390505107159387803254014116936798528156516316,0.95750000,0.97000000,0,0
60,"[4,8)","[0,2)","[0.98,1)",118,1,2,117,0.0170940170940170940170940170940170940170940170940170940170940,0.0047003826045815527611400880608680000552139692762271273648912,0.0601900854286566687560476530985165006150786425733425254963148,0.98000000,0.99000000,0,0
60,"[4,8)","[0,2)",ask=1,493,0,0,493,0,0,0.00773175980485250727023020849757414591336810905299930024773095,0.99000000,1.00000000,0,493
60,"[4,8)",>=2,ask=0,0,0,0,0,,,,,,0,0
60,"[4,8)",>=2,"(0,0.90)",2,0,0,2,0,0,0.657619772493346908066213171022805867761678469589830388837810,0.68000000,0.70000000,0,0
60,"[4,8)",>=2,"[0.90,0.95)",3,0,0,3,0,0,0.561497031755045466784538763394810946683797969450889274137888,0.91000000,0.92000000,0,0
60,"[4,8)",>=2,"[0.95,0.98)",9,0,2,9,0.222222222222222222222222222222222222222222222222222222222222,0.063225107117846725567422770990290510071971551480097975452854,0.547411030893011078544464242619660874625333887730516269883724,0.96000000,0.97000000,0,0
60,"[4,8)",>=2,"[0.98,1)",40,1,0,39,0,0,0.0896668537075714133476580181364055496168425388921970053236772,0.98000000,0.99000000,0,0
60,"[4,8)",>=2,ask=1,255,1,0,254,0,0,0.0148985304313125185573794155174178248374148657192907493976386,0.99000000,1.00000000,0,255
60,"[8,infinity)",<-2,ask=0,0,0,0,0,,,,,,0,0
60,"[8,infinity)",<-2,"(0,0.90)",35,0,9,35,0.257142857142857142857142857142857142857142857142857142857143,0.141630270690604498892230188725782997541397622135466544368871,0.420693068438391746352276687608569528472841887017227981236239,0.76000000,0.78000000,0,0
60,"[8,infinity)",<-2,"[0.90,0.95)",19,0,0,19,0,0,0.168179224052616251649710921498033188457137988100478093057389,0.91000000,0.92000000,0,0
60,"[8,infinity)",<-2,"[0.95,0.98)",30,0,0,30,0,0,0.113513393173968749941088969242882139187892157115904711864309,0.95500000,0.96500000,0,0
60,"[8,infinity)",<-2,"[0.98,1)",56,0,2,56,0.0357142857142857142857142857142857142857142857142857142857143,0.0098494251482363850291374087509295263553574669542625724368701,0.121187801804901065495348375088697585676226071758768271535432,0.98000000,0.99000000,0,0
60,"[8,infinity)",<-2,ask=1,227,1,0,226,0,0,0.0167135156572903437050996295565775797504922142108238504364054,0.99000000,1.00000000,0,227
60,"[8,infinity)","[-2,0)",ask=0,0,0,0,0,,,,,,0,0
60,"[8,infinity)","[-2,0)","(0,0.90)",2,0,1,2,0.5,0.094531205734230729793326600900495328768115141516490687279156,0.905468794265769270206673399099504671231884858483509312720844,0.68500000,0.70000000,0,0
60,"[8,infinity)","[-2,0)","[0.90,0.95)",2,0,0,2,0,0,0.657619772493346908066213171022805867761678469589830388837810,0.10000000,0.90000000,0,0
60,"[8,infinity)","[-2,0)","[0.95,0.98)",10,0,1,10,0.1,0.017876213095072907017716328005121013219916667655301041770911,0.404150026795238456603108413629514457559016823468113501651417,0.95000000,0.96000000,0,0
60,"[8,infinity)","[-2,0)","[0.98,1)",65,4,0,61,0,0,0.0592438678981128201463927791570055034227011733121636231099252,0.98000000,0.99000000,0,0
60,"[8,infinity)","[-2,0)",ask=1,340,3,0,337,0,0,0.0112705151362322815691531279520818337234359788167274662561933,0.99000000,1.00000000,0,340
60,"[8,infinity)","[0,2)",ask=0,0,0,0,0,,,,,,0,0
60,"[8,infinity)","[0,2)","(0,0.90)",2,0,0,2,0,0,0.657619772493346908066213171022805867761678469589830388837810,0.49000000,0.50000000,0,0
60,"[8,infinity)","[0,2)","[0.90,0.95)",1,0,0,1,0,0,0.793450685622762572644686990659235135454905747938657255997644,0.93000000,0.94000000,0,0
60,"[8,infinity)","[0,2)","[0.95,0.98)",2,0,0,2,0,0,0.657619772493346908066213171022805867761678469589830388837810,0.95500000,0.96500000,0,0
60,"[8,infinity)","[0,2)","[0.98,1)",21,0,0,21,0,0,0.154639018924846951507636945003626730599908470059449552977985,0.98000000,0.99000000,0,0
60,"[8,infinity)","[0,2)",ask=1,511,2,0,509,0,0,0.00749053875154275044663584542907225132579844477884859144379205,0.99000000,1.00000000,0,511
60,"[8,infinity)",>=2,ask=0,0,0,0,0,,,,,,0,0
60,"[8,infinity)",>=2,"(0,0.90)",3,0,0,3,0,0,0.561497031755045466784538763394810946683797969450889274137888,0.49000000,0.51000000,0,0
60,"[8,infinity)",>=2,"[0.90,0.95)",0,0,0,0,,,,,,0,0
60,"[8,infinity)",>=2,"[0.95,0.98)",4,0,0,4,0,0,0.489890836454597301712536589852471046460117866669254129450196,0.95000000,0.96000000,0,0
60,"[8,infinity)",>=2,"[0.98,1)",18,0,0,18,0,0,0.175879223646657630299759265673340687198492408383498668745102,0.98000000,0.99000000,0,0
60,"[8,infinity)",>=2,ask=1,555,3,0,552,0,0,0.00691106926216765049927262658415619634853171442275825541929214,0.99000000,1.00000000,0,555
30,"[0,1)",<-2,ask=0,0,0,0,0,,,,,,0,0
30,"[0,1)",<-2,"(0,0.90)",65,0,61,65,0.938461538461538461538461538461538461538461538461538461538462,0.852178481344768102690312987895698595654350975887087930792749,0.975810945033649713214049246131715161510225289074181803042283,0.01000000,0.02000000,0,0
30,"[0,1)",<-2,"[0.90,0.95)",0,0,0,0,,,,,,0,0
30,"[0,1)",<-2,"[0.95,0.98)",0,0,0,0,,,,,,0,0
30,"[0,1)",<-2,"[0.98,1)",0,0,0,0,,,,,,0,0
30,"[0,1)",<-2,ask=1,0,0,0,0,,,,,,0,0
30,"[0,1)","[-2,0)",ask=0,0,0,0,0,,,,,,0,0
30,"[0,1)","[-2,0)","(0,0.90)",207,0,138,207,0.666666666666666666666666666666666666666666666666666666666667,0.599927361892586315728453986974096581851852024974910104997966,0.727332752820809123305155320721393703337436215516057159047330,0.25000000,0.26000000,0,0
30,"[0,1)","[-2,0)","[0.90,0.95)",25,0,1,25,0.04,0.0070962335019872584745440387132685775454577814223994890371650,0.195440637361937339723711135221356989785685565203184224284701,0.91000000,0.92000000,0,0
30,"[0,1)","[-2,0)","[0.95,0.98)",28,0,1,28,0.0357142857142857142857142857142857142857142857142857142857143,0.0063325198490377551974348209979893972185220571404245483427960,0.177121977433533190644436305123658310007667869577332602978587,0.95500000,0.97000000,0,0
30,"[0,1)","[-2,0)","[0.98,1)",59,0,0,59,0,0,0.0611293705267883787274886475527909389645305107062714506721006,0.97000000,0.98000000,0,0
30,"[0,1)","[-2,0)",ask=1,18,0,0,18,0,0,0.175879223646657630299759265673340687198492408383498668745102,0.99000000,1.00000000,0,18
30,"[0,1)","[0,2)",ask=0,0,0,0,0,,,,,,0,0
30,"[0,1)","[0,2)","(0,0.90)",46,1,8,45,0.177777777777777777777777777777777777777777777777777777777778,0.092943895141041492253563070445336091202506930700450877442701,0.313298246264597672773546020576906847787377962521353220294869,0.81000000,0.82000000,0,0
30,"[0,1)","[0,2)","[0.90,0.95)",29,1,4,28,0.142857142857142857142857142857142857142857142857142857142857,0.056990053197493931238137525334682887966473253996392237531987,0.314898021635252950178686417835815348361365151171113263484459,0.91000000,0.92000000,0,0
30,"[0,1)","[0,2)","[0.95,0.98)",50,0,0,50,0,0,0.0713475991333587138560303648955163319305787845818625567216570,0.95000000,0.97000000,0,0
30,"[0,1)","[0,2)","[0.98,1)",163,0,2,163,0.0122699386503067484662576687116564417177914110429447852760736,0.0033713344061106159039218609990651661894746823901149251708609,0.0436281276947416950914757539222789597061592946479460331487437,0.98000000,0.99000000,0,0
30,"[0,1)","[0,2)",ask=1,111,0,0,111,0,0,0.0334501046933923516666347857046477170867964640638518418778598,0.99000000,1.00000000,0,111
30,"[0,1)",>=2,ask=0,0,0,0,0,,,,,,0,0
30,"[0,1)",>=2,"(0,0.90)",1,0,0,1,0,0,0.793450685622762572644686990659235135454905747938657255997644,0.79000000,0.80000000,0,0
30,"[0,1)",>=2,"[0.90,0.95)",0,0,0,0,,,,,,0,0
30,"[0,1)",>=2,"[0.95,0.98)",5,0,0,5,0,0,0.434482464783174761084782871525556271809021898883564142795326,0.95000000,0.96000000,0,0
30,"[0,1)",>=2,"[0.98,1)",4,0,0,4,0,0,0.489890836454597301712536589852471046460117866669254129450196,0.98000000,0.99000000,0,0
30,"[0,1)",>=2,ask=1,60,1,0,59,0,0,0.0611293705267883787274886475527909389645305107062714506721006,0.99000000,1.00000000,0,60
30,"[1,2)",<-2,ask=0,0,0,0,0,,,,,,0,0
30,"[1,2)",<-2,"(0,0.90)",63,0,51,63,0.809523809523809523809523809523809523809523809523809523809524,0.695932128501254543134286323591658527329240859359987686096134,0.887538081277075347603801799890439650807111703834279104281120,0.07000000,0.09000000,0,0
30,"[1,2)",<-2,"[0.90,0.95)",2,0,0,2,0,0,0.657619772493346908066213171022805867761678469589830388837810,0.91500000,0.92500000,0,0
30,"[1,2)",<-2,"[0.95,0.98)",0,0,0,0,,,,,,0,0
30,"[1,2)",<-2,"[0.98,1)",1,0,0,1,0,0,0.793450685622762572644686990659235135454905747938657255997644,0.97000000,0.98000000,0,0
30,"[1,2)",<-2,ask=1,0,0,0,0,,,,,,0,0
30,"[1,2)","[-2,0)",ask=0,0,0,0,0,,,,,,0,0
30,"[1,2)","[-2,0)","(0,0.90)",44,0,22,44,0.5,0.358317605399893930031819929204399590729373801575324831572777,0.641682394600106069968180070795600409270626198424675168427221,0.65000000,0.74000000,0,0
30,"[1,2)","[-2,0)","[0.90,0.95)",15,0,0,15,0,0,0.203883301035848588906113525033002846962414143120117784623588,0.92000000,0.93000000,0,0
30,"[1,2)","[-2,0)","[0.95,0.98)",21,1,2,20,0.1,0.027866481213768216190008568038508467101765983679755710140331,0.301033645228487267541485359528450600613812011016586643169049,0.96000000,0.97000000,0,0
30,"[1,2)","[-2,0)","[0.98,1)",61,0,0,61,0,0,0.0592438678981128201463927791570055034227011733121636231099252,0.98000000,0.99000000,0,0
30,"[1,2)","[-2,0)",ask=1,99,0,0,99,0,0,0.0373532120678273866932630966596025985603856002591341880561622,0.99000000,1.00000000,0,99
30,"[1,2)","[0,2)",ask=0,0,0,0,0,,,,,,0,0
30,"[1,2)","[0,2)","(0,0.90)",4,0,2,4,0.5,0.150038989152149514156900362816506811250894777823785469987184,0.849961010847850485843099637183493188749105222176214530012816,0.65000000,0.67000000,0,0
30,"[1,2)","[0,2)","[0.90,0.95)",1,0,0,1,0,0,0.793450685622762572644686990659235135454905747938657255997644,0.89000000,0.90000000,0,0
30,"[1,2)","[0,2)","[0.95,0.98)",6,0,0,6,0,0,0.390334287902165324898707055142237608185625673736798285240772,0.96000000,0.97000000,0,0
30,"[1,2)","[0,2)","[0.98,1)",51,0,1,51,0.0196078431372549019607843137254901960784313725490196078431373,0.0034696926410608447615060011063945706871154181397261987121593,0.103045687261449743546474286306970394566527461040005061252605,0.98000000,0.99000000,0,0
30,"[1,2)","[0,2)",ask=1,282,1,1,281,0.00355871886120996441281138790035587188612099644128113879003559,0.00062847772520316503726474991615782639518720051847851139740092,0.0198792771672167827543681668030970230028635740055990527904503,0.99000000,1.00000000,0,282
30,"[1,2)",>=2,ask=0,0,0,0,0,,,,,,0,0
30,"[1,2)",>=2,"(0,0.90)",2,0,0,2,0,0,0.657619772493346908066213171022805867761678469589830388837810,0.82500000,0.83500000,0,0
30,"[1,2)",>=2,"[0.90,0.95)",0,0,0,0,,,,,,0,0
30,"[1,2)",>=2,"[0.95,0.98)",1,0,1,1,1,0.206549314377237427355313009340764864545094252061342744002356,1,0.96000000,0.97000000,0,0
30,"[1,2)",>=2,"[0.98,1)",3,0,0,3,0,0,0.561497031755045466784538763394810946683797969450889274137888,0.98000000,0.99000000,0,0
30,"[1,2)",>=2,ask=1,95,0,0,95,0,1E-61,0.0388648535394729614867276295781033935607497988908014013830293,0.99000000,1.00000000,0,95
30,"[2,4)",<-2,ask=0,0,0,0,0,,,,,,0,0
30,"[2,4)",<-2,"(0,0.90)",62,0,42,62,0.677419354838709677419354838709677419354838709677419354838710,0.553680880928480944501583165244598945787262817856204948511187,0.780455093487161079011881296426071159077268699343584496853245,0.31500000,0.34500000,0,0
30,"[2,4)",<-2,"[0.90,0.95)",1,0,0,1,0,0,0.793450685622762572644686990659235135454905747938657255997644,0.89000000,0.90000000,0,0
30,"[2,4)",<-2,"[0.95,0.98)",10,0,1,10,0.1,0.017876213095072907017716328005121013219916667655301041770911,0.404150026795238456603108413629514457559016823468113501651417,0.95500000,0.96500000,0,0
30,"[2,4)",<-2,"[0.98,1)",8,0,0,8,0,0,0.324407564883880212890280277144521794238395570390205804016566,0.97500000,0.98500000,0,0
30,"[2,4)",<-2,ask=1,10,0,0,10,0,0,0.277532799862889204526030927043294338473666863904268179277910,0.99000000,1.00000000,0,10
30,"[2,4)","[-2,0)",ask=0,0,0,0,0,,,,,,0,0
30,"[2,4)","[-2,0)","(0,0.90)",13,0,2,13,0.153846153846153846153846153846153846153846153846153846153846,0.043258178358081204655316136859050533509986792180188296408137,0.422346310194825360190128507858522159720211120688889875204053,0.65000000,0.67000000,0,0
30,"[2,4)","[-2,0)","[0.90,0.95)",6,0,1,6,0.166666666666666666666666666666666666666666666666666666666667,0.030053369748306669995961946390895487521438424174221601471187,0.563502822186470213269842757037262917935645358316977255355995,0.91500000,0.92500000,0,0
30,"[2,4)","[-2,0)","[0.95,0.98)",21,0,1,21,0.0476190476190476190476190476190476190476190476190476190476190,0.008455987809826386088833643724683707809443898871529123314198,0.226693600741225617656171211278597619876187574039401424618264,0.96000000,0.97000000,0,0
30,"[2,4)","[-2,0)","[0.98,1)",60,0,0,60,0,0,0.0601718521420898546776104293946743481493038991076413529882080,0.98000000,0.99000000,0,0
30,"[2,4)","[-2,0)",ask=1,380,0,2,380,0.00526315789473684210526315789473684210526315789473684210526316,0.00144453632069963151143240762766271589344379553121073414055902,0.0189843637902629699622353294110224242106732362219024638908546,0.99000000,1.00000000,0,380
30,"[2,4)","[0,2)",ask=0,0,0,0,0,,,,,,0,0
30,"[2,4)","[0,2)","(0,0.90)",1,0,0,1,0,0,0.793450685622762572644686990659235135454905747938657255997644,0.84000000,0.86000000,0,0
30,"[2,4)","[0,2)","[0.90,0.95)",1,0,0,1,0,0,0.793450685622762572644686990659235135454905747938657255997644,0.90000000,0.91000000,0,0
30,"[2,4)","[0,2)","[0.95,0.98)",0,0,0,0,,,,,,0,0
30,"[2,4)","[0,2)","[0.98,1)",5,0,0,5,0,0,0.434482464783174761084782871525556271809021898883564142795326,0.98000000,0.99000000,0,0
30,"[2,4)","[0,2)",ask=1,608,0,0,608,0,1E-62,0.00627851997492687162396207831900579578620643167108275258240337,0.99000000,1.00000000,0,608
30,"[2,4)",>=2,ask=0,0,0,0,0,,,,,,0,0
30,"[2,4)",>=2,"(0,0.90)",0,0,0,0,,,,,,0,0
30,"[2,4)",>=2,"[0.90,0.95)",0,0,0,0,,,,,,0,0
30,"[2,4)",>=2,"[0.95,0.98)",1,0,0,1,0,0,0.793450685622762572644686990659235135454905747938657255997644,0.94000000,0.95000000,0,0
30,"[2,4)",>=2,"[0.98,1)",1,0,0,1,0,0,0.793450685622762572644686990659235135454905747938657255997644,0.95000000,0.99000000,0,0
30,"[2,4)",>=2,ask=1,158,2,0,156,0,0,0.0240329314374149377257532448230617732617528518752598870345640,0.99000000,1.00000000,0,158
30,"[4,8)",<-2,ask=0,0,0,0,0,,,,,,0,0
30,"[4,8)",<-2,"(0,0.90)",22,0,13,22,0.590909090909090909090909090909090909090909090909090909090909,0.387348184763151252931207788424813176299302346744465035620710,0.767441838035281315203059547734603922567785740224701481858630,0.50000000,0.52000000,0,0
30,"[4,8)",<-2,"[0.90,0.95)",6,0,0,6,0,0,0.390334287902165324898707055142237608185625673736798285240772,0.92000000,0.93000000,0,0
30,"[4,8)",<-2,"[0.95,0.98)",11,1,0,10,0,0,0.277532799862889204526030927043294338473666863904268179277910,0.95000000,0.97000000,0,0
30,"[4,8)",<-2,"[0.98,1)",17,0,0,17,0,0,0.184318135008851803742656742183482675848991885361038668946270,0.98000000,0.99000000,0,0
30,"[4,8)",<-2,ask=1,154,2,0,152,0,0,0.0246497873528890455532111406879636409992235161583549300397408,0.99000000,1.00000000,0,154
30,"[4,8)","[-2,0)",ask=0,0,0,0,0,,,,,,0,0
30,"[4,8)","[-2,0)","(0,0.90)",1,0,0,1,0,0,0.793450685622762572644686990659235135454905747938657255997644,0.50000000,0.51000000,0,0
30,"[4,8)","[-2,0)","[0.90,0.95)",0,0,0,0,,,,,,0,0
30,"[4,8)","[-2,0)","[0.95,0.98)",0,0,0,0,,,,,,0,0
30,"[4,8)","[-2,0)","[0.98,1)",11,0,1,11,0.0909090909090909090909090909090909090909090909090909090909091,0.016232172885884845686826985683594359775015595838264491904934,0.377358436451595628459170053972266708113222687190769983304724,0.99100000,0.99900000,0,0
30,"[4,8)","[-2,0)",ask=1,529,2,0,527,0,0,0.00723654634893858263987300345313131561272995040866587205635514,0.99000000,1.00000000,0,529
30,"[4,8)","[0,2)",ask=0,0,0,0,0,,,,,,0,0
30,"[4,8)","[0,2)","(0,0.90)",0,0,0,0,,,,,,0,0
30,"[4,8)","[0,2)","[0.90,0.95)",0,0,0,0,,,,,,0,0
30,"[4,8)","[0,2)","[0.95,0.98)",0,0,0,0,,,,,,0,0
30,"[4,8)","[0,2)","[0.98,1)",0,0,0,0,,,,,,0,0
30,"[4,8)","[0,2)",ask=1,666,2,0,664,0,0,0.00575205203264492412663891511570152327076012877129445192131854,0.99000000,1.00000000,0,666
30,"[4,8)",>=2,ask=0,0,0,0,0,,,,,,0,0
30,"[4,8)",>=2,"(0,0.90)",0,0,0,0,,,,,,0,0
30,"[4,8)",>=2,"[0.90,0.95)",0,0,0,0,,,,,,0,0
30,"[4,8)",>=2,"[0.95,0.98)",0,0,0,0,,,,,,0,0
30,"[4,8)",>=2,"[0.98,1)",1,0,0,1,0,0,0.793450685622762572644686990659235135454905747938657255997644,0.98000000,0.99000000,0,0
30,"[4,8)",>=2,ask=1,283,0,0,283,0,0,0.0133922719417468800191970897459232840195967897843813321991874,0.99000000,1.00000000,0,283
30,"[8,infinity)",<-2,ask=0,0,0,0,0,,,,,,0,0
30,"[8,infinity)",<-2,"(0,0.90)",2,0,1,2,0.5,0.094531205734230729793326600900495328768115141516490687279156,0.905468794265769270206673399099504671231884858483509312720844,0.45000000,0.46000000,0,0
30,"[8,infinity)",<-2,"[0.90,0.95)",1,0,0,1,0,0,0.793450685622762572644686990659235135454905747938657255997644,0.93000000,0.94000000,0,0
30,"[8,infinity)",<-2,"[0.95,0.98)",1,0,0,1,0,0,0.793450685622762572644686990659235135454905747938657255997644,0.96000000,0.97000000,0,0
30,"[8,infinity)",<-2,"[0.98,1)",4,0,0,4,0,0,0.489890836454597301712536589852471046460117866669254129450196,0.98600000,0.99450000,0,0
30,"[8,infinity)",<-2,ask=1,429,1,0,428,0,0,0.00889553039021467805622626986141330357152429646662239336781970,0.99000000,1.00000000,0,429
30,"[8,infinity)","[-2,0)",ask=0,0,0,0,0,,,,,,0,0
30,"[8,infinity)","[-2,0)","(0,0.90)",0,0,0,0,,,,,,0,0
30,"[8,infinity)","[-2,0)","[0.90,0.95)",1,0,0,1,0,0,0.793450685622762572644686990659235135454905747938657255997644,0.94000000,0.94100000,0,0
30,"[8,infinity)","[-2,0)","[0.95,0.98)",0,0,0,0,,,,,,0,0
30,"[8,infinity)","[-2,0)","[0.98,1)",2,0,0,2,0,0,0.657619772493346908066213171022805867761678469589830388837810,0.99400000,0.99850000,0,0
30,"[8,infinity)","[-2,0)",ask=1,440,3,0,437,0,0,0.00871392366537055386689107855311581522181467436264374764321439,0.99000000,1.00000000,0,440
30,"[8,infinity)","[0,2)",ask=0,0,0,0,0,,,,,,0,0
30,"[8,infinity)","[0,2)","(0,0.90)",0,0,0,0,,,,,,0,0
30,"[8,infinity)","[0,2)","[0.90,0.95)",0,0,0,0,,,,,,0,0
30,"[8,infinity)","[0,2)","[0.95,0.98)",0,0,0,0,,,,,,0,0
30,"[8,infinity)","[0,2)","[0.98,1)",4,0,0,4,0,0,0.489890836454597301712536589852471046460117866669254129450196,0.99750000,0.99900000,0,0
30,"[8,infinity)","[0,2)",ask=1,615,1,0,614,0,1E-62,0.00621754782857485109082089248260651443348733207630442269327707,0.99000000,1.00000000,0,615
30,"[8,infinity)",>=2,ask=0,0,0,0,0,,,,,,0,0
30,"[8,infinity)",>=2,"(0,0.90)",0,0,0,0,,,,,,0,0
30,"[8,infinity)",>=2,"[0.90,0.95)",0,0,0,0,,,,,,0,0
30,"[8,infinity)",>=2,"[0.95,0.98)",0,0,0,0,,,,,,0,0
30,"[8,infinity)",>=2,"[0.98,1)",1,1,0,0,,,,0.98000000,0.99000000,0,0
30,"[8,infinity)",>=2,ask=1,616,7,0,609,0,0,0.00626827504145417742690671807111197841795724607887959489365358,0.99000000,1.00000000,0,616
15,"[0,1)",<-2,ask=0,0,0,0,0,,,,,,0,0
15,"[0,1)",<-2,"(0,0.90)",60,0,58,60,0.966666666666666666666666666666666666666666666666666666666667,0.886362257256914008242440738589332125056562332341141325389625,0.990810680743802127391789527308971816670754028491726745154715,0E-8,0.01000000,0,0
15,"[0,1)",<-2,"[0.90,0.95)",0,0,0,0,,,,,,0,0
15,"[0,1)",<-2,"[0.95,0.98)",1,0,0,1,0,0,0.793450685622762572644686990659235135454905747938657255997644,0.95000000,0.96000000,0,0
15,"[0,1)",<-2,"[0.98,1)",1,0,0,1,0,0,0.793450685622762572644686990659235135454905747938657255997644,0.97000000,0.98000000,0,0
15,"[0,1)",<-2,ask=1,0,0,0,0,,,,,,0,0
15,"[0,1)","[-2,0)",ask=0,0,0,0,0,,,,,,0,0
15,"[0,1)","[-2,0)","(0,0.90)",125,0,99,125,0.792,0.712671919880726755389070640575173122499613982819000475409519,0.853915890193610597697044416171004907129090911032051257250065,0.03000000,0.05000000,0,0
15,"[0,1)","[-2,0)","[0.90,0.95)",14,0,3,14,0.214285714285714285714285714285714285714285714285714285714286,0.075713867126931825281250264689792498900596000422290639585996,0.475892305866002918432702153041222910105435401510432455143186,0.92000000,0.93000000,0,0
15,"[0,1)","[-2,0)","[0.95,0.98)",16,0,2,16,0.125,0.034977487743240464595820130995911566783344997213098451135723,0.360228272657586898702022141740463334052293733870060846621065,0.94000000,0.95000000,0,0
15,"[0,1)","[-2,0)","[0.98,1)",73,0,0,73,0,0,0.0499920079557311081622674826690519065143106383112955776086144,0.98000000,0.99000000,0,0
15,"[0,1)","[-2,0)",ask=1,124,0,1,124,0.00806451612903225806451612903225806451612903225806451612903226,0.0014250064581251703428228363848776555111172517352991002582783,0.0442679860544770758295843363191801914809738564341887748068771,0.99000000,1.00000000,0,124
15,"[0,1)","[0,2)",ask=0,0,0,0,0,,,,,,0,0
15,"[0,1)","[0,2)","(0,0.90)",15,0,8,15,0.533333333333333333333333333333333333333333333333333333333333,0.301169800254983958899851416330016847184720211837689657783119,0.751904646342626135173074348667782963017785511954302489908641,0.67000000,0.69000000,0,0
15,"[0,1)","[0,2)","[0.90,0.95)",12,0,0,12,0,0,0.242494006655240850743536740887323444981368621780736059953412,0.90500000,0.92500000,0,0
15,"[0,1)","[0,2)","[0.95,0.98)",13,0,0,13,0,1E-60,0.228095372354198371443420042369827223554730318588668470106495,0.95000000,0.97000000,0,0
15,"[0,1)","[0,2)","[0.98,1)",76,0,0,76,0,0,0.0481135850651373179806680027772221016786979542922821152437366,0.98000000,0.99000000,0,0
15,"[0,1)","[0,2)",ask=1,280,0,0,280,0,0,0.0135338186206294064480194391271503378468572302256404029940121,0.99000000,1.00000000,0,280
15,"[0,1)",>=2,ask=0,0,0,0,0,,,,,,0,0
15,"[0,1)",>=2,"(0,0.90)",1,0,0,1,0,0,0.793450685622762572644686990659235135454905747938657255997644,0.84000000,0.86000000,0,0
15,"[0,1)",>=2,"[0.90,0.95)",0,0,0,0,,,,,,0,0
15,"[0,1)",>=2,"[0.95,0.98)",0,0,0,0,,,,,,0,0
15,"[0,1)",>=2,"[0.98,1)",1,0,0,1,0,0,0.793450685622762572644686990659235135454905747938657255997644,0.98000000,0.99000000,0,0
15,"[0,1)",>=2,ask=1,64,1,0,63,0,0,0.0574711995888517149615499543750721737797381671477228770828911,0.99000000,1.00000000,0,64
15,"[1,2)",<-2,ask=0,0,0,0,0,,,,,,0,0
15,"[1,2)",<-2,"(0,0.90)",39,0,26,39,0.666666666666666666666666666666666666666666666666666666666667,0.509773943993459931267594700795555673326517774929928374176701,0.793670438104016264283185959825642476801201378772672624048737,0.06000000,0.07000000,0,0
15,"[1,2)",<-2,"[0.90,0.95)",3,0,0,3,0,0,0.561497031755045466784538763394810946683797969450889274137888,0.90000000,0.91000000,0,0
15,"[1,2)",<-2,"[0.95,0.98)",7,0,1,7,0.142857142857142857142857142857142857142857142857142857142857,0.025679624344743560607128914884008804252331158419792918804746,0.513127829274318868525875970782987437609875590583912171444036,0.96000000,0.97000000,0,0
15,"[1,2)",<-2,"[0.98,1)",5,0,0,5,0,0,0.434482464783174761084782871525556271809021898883564142795326,0.98000000,0.99000000,0,0
15,"[1,2)",<-2,ask=1,12,0,0,12,0,0,0.242494006655240850743536740887323444981368621780736059953412,0.99000000,1.00000000,0,12
15,"[1,2)","[-2,0)",ask=0,0,0,0,0,,,,,,0,0
15,"[1,2)","[-2,0)","(0,0.90)",4,0,3,4,0.75,0.300641842582401915564942608623946450489900204040067862450985,0.954412739190299433578789096449818026280040862625305072823917,0.41000000,0.42000000,0,0
15,"[1,2)","[-2,0)","[0.90,0.95)",3,0,0,3,0,0,0.561497031755045466784538763394810946683797969450889274137888,0.92000000,0.94000000,0,0
15,"[1,2)","[-2,0)","[0.95,0.98)",3,0,0,3,0,0,0.561497031755045466784538763394810946683797969450889274137888,0.95000000,0.96000000,0,0
15,"[1,2)","[-2,0)","[0.98,1)",12,0,0,12,0,0,0.242494006655240850743536740887323444981368621780736059953412,0.98000000,0.99000000,0,0
15,"[1,2)","[-2,0)",ask=1,251,0,0,251,0,1E-62,0.0150739163025941033672464799338140610455255620677944295636312,0.99000000,1.00000000,0,251
15,"[1,2)","[0,2)",ask=0,0,0,0,0,,,,,,0,0
15,"[1,2)","[0,2)","(0,0.90)",0,0,0,0,,,,,,0,0
15,"[1,2)","[0,2)","[0.90,0.95)",0,0,0,0,,,,,,0,0
15,"[1,2)","[0,2)","[0.95,0.98)",0,0,0,0,,,,,,0,0
15,"[1,2)","[0,2)","[0.98,1)",2,0,1,2,0.5,0.094531205734230729793326600900495328768115141516490687279156,0.905468794265769270206673399099504671231884858483509312720844,0.98000000,0.99000000,0,0
15,"[1,2)","[0,2)",ask=1,352,1,0,351,0,1E-62,0.0108258455296095001684771439477139710040313637867974526803798,0.99000000,1.00000000,0,352
15,"[1,2)",>=2,ask=0,0,0,0,0,,,,,,0,0
15,"[1,2)",>=2,"(0,0.90)",0,0,0,0,,,,,,0,0
15,"[1,2)",>=2,"[0.90,0.95)",0,0,0,0,,,,,,0,0
15,"[1,2)",>=2,"[0.95,0.98)",0,0,0,0,,,,,,0,0
15,"[1,2)",>=2,"[0.98,1)",1,0,0,1,0,0,0.793450685622762572644686990659235135454905747938657255997644,0.98000000,0.99000000,0,0
15,"[1,2)",>=2,ask=1,84,1,0,83,0,1E-61,0.0442353096419738403383844233759625755395690083553910862604569,0.99000000,1.00000000,0,84
15,"[2,4)",<-2,ask=0,0,0,0,0,,,,,,0,0
15,"[2,4)",<-2,"(0,0.90)",12,0,10,12,0.833333333333333333333333333333333333333333333333333333333333,0.551969137747026611398718173219957040960783934933851618492523,0.953034857816146154772257332855160662384970317212324341538535,0.13000000,0.14000000,0,0
15,"[2,4)",<-2,"[0.90,0.95)",3,0,0,3,0,0,0.561497031755045466784538763394810946683797969450889274137888,0.92000000,0.93000000,0,0
15,"[2,4)",<-2,"[0.95,0.98)",4,0,0,4,0,0,0.489890836454597301712536589852471046460117866669254129450196,0.96000000,0.97000000,0,0
15,"[2,4)",<-2,"[0.98,1)",10,0,0,10,0,0,0.277532799862889204526030927043294338473666863904268179277910,0.98000000,0.99000000,0,0
15,"[2,4)",<-2,ask=1,99,1,0,98,0,0,0.0377199901216806101290873074374466336938639610822142940529782,0.99000000,1.00000000,0,99
15,"[2,4)","[-2,0)",ask=0,0,0,0,0,,,,,,0,0
15,"[2,4)","[-2,0)","(0,0.90)",1,0,1,1,1,0.206549314377237427355313009340764864545094252061342744002356,1,0.07000000,0.08000000,0,0
15,"[2,4)","[-2,0)","[0.90,0.95)",0,0,0,0,,,,,,0,0
15,"[2,4)","[-2,0)","[0.95,0.98)",0,0,0,0,,,,,,0,0
15,"[2,4)","[-2,0)","[0.98,1)",3,0,0,3,0,0,0.561497031755045466784538763394810946683797969450889274137888,0.99000000,0.99500000,0,0
15,"[2,4)","[-2,0)",ask=1,476,0,0,476,0,1E-62,0.00800568343997468361527807435754626024839609920906127982538537,0.99000000,1.00000000,0,476
15,"[2,4)","[0,2)",ask=0,0,0,0,0,,,,,,0,0
15,"[2,4)","[0,2)","(0,0.90)",1,0,0,1,0,0,0.793450685622762572644686990659235135454905747938657255997644,0.50000000,0.51000000,0,0
15,"[2,4)","[0,2)","[0.90,0.95)",0,0,0,0,,,,,,0,0
15,"[2,4)","[0,2)","[0.95,0.98)",0,0,0,0,,,,,,0,0
15,"[2,4)","[0,2)","[0.98,1)",1,0,0,1,0,0,0.793450685622762572644686990659235135454905747938657255997644,0.98000000,0.99000000,0,0
15,"[2,4)","[0,2)",ask=1,576,0,0,576,0,0,0.00662501579053530438929858661908327684394137569224939623889688,0.99000000,1.00000000,0,576
15,"[2,4)",>=2,ask=0,0,0,0,0,,,,,,0,0
15,"[2,4)",>=2,"(0,0.90)",0,0,0,0,,,,,,0,0
15,"[2,4)",>=2,"[0.90,0.95)",0,0,0,0,,,,,,0,0
15,"[2,4)",>=2,"[0.95,0.98)",0,0,0,0,,,,,,0,0
15,"[2,4)",>=2,"[0.98,1)",0,0,0,0,,,,,,0,0
15,"[2,4)",>=2,ask=1,162,1,0,161,0,0,0.0233039603518230327975463198982545716919069156739933265700388,0.99000000,1.00000000,0,162
15,"[4,8)",<-2,ask=0,0,0,0,0,,,,,,0,0
15,"[4,8)",<-2,"(0,0.90)",2,1,0,1,0,0,0.793450685622762572644686990659235135454905747938657255997644,0.84500000,0.85500000,0,0
15,"[4,8)",<-2,"[0.90,0.95)",1,0,1,1,1,0.206549314377237427355313009340764864545094252061342744002356,1,0.91000000,0.94000000,0,0
15,"[4,8)",<-2,"[0.95,0.98)",0,0,0,0,,,,,,0,0
15,"[4,8)",<-2,"[0.98,1)",8,0,0,8,0,0,0.324407564883880212890280277144521794238395570390205804016566,0.98000000,0.99000000,0,0
15,"[4,8)",<-2,ask=1,189,1,0,188,0,0,0.0200241326578139173855221992182628421418761324651039342189260,0.99000000,1.00000000,0,189
15,"[4,8)","[-2,0)",ask=0,0,0,0,0,,,,,,0,0
15,"[4,8)","[-2,0)","(0,0.90)",1,0,0,1,0,0,0.793450685622762572644686990659235135454905747938657255997644,0.88000000,0.89000000,0,0
15,"[4,8)","[-2,0)","[0.90,0.95)",0,0,0,0,,,,,,0,0
15,"[4,8)","[-2,0)","[0.95,0.98)",0,0,0,0,,,,,,0,0
15,"[4,8)","[-2,0)","[0.98,1)",1,0,0,1,0,0,0.793450685622762572644686990659235135454905747938657255997644,0.99000000,0.99900000,0,0
15,"[4,8)","[-2,0)",ask=1,589,2,0,587,0,0,0.00650167445656502832224764522387829984618414789255268809457898,0.99000000,1.00000000,0,589
15,"[4,8)","[0,2)",ask=0,0,0,0,0,,,,,,0,0
15,"[4,8)","[0,2)","(0,0.90)",1,0,0,1,0,0,0.793450685622762572644686990659235135454905747938657255997644,0.49000000,0.50000000,0,0
15,"[4,8)","[0,2)","[0.90,0.95)",0,0,0,0,,,,,,0,0
15,"[4,8)","[0,2)","[0.95,0.98)",0,0,0,0,,,,,,0,0
15,"[4,8)","[0,2)","[0.98,1)",1,0,0,1,0,0,0.793450685622762572644686990659235135454905747938657255997644,0.98000000,0.99000000,0,0
15,"[4,8)","[0,2)",ask=1,688,1,0,687,0,0,0.00556055050206702259914810621029965123976373928386867785057676,0.99000000,1.00000000,0,688
15,"[4,8)",>=2,ask=0,0,0,0,0,,,,,,0,0
15,"[4,8)",>=2,"(0,0.90)",0,0,0,0,,,,,,0,0
15,"[4,8)",>=2,"[0.90,0.95)",0,0,0,0,,,,,,0,0
15,"[4,8)",>=2,"[0.95,0.98)",0,0,0,0,,,,,,0,0
15,"[4,8)",>=2,"[0.98,1)",0,0,0,0,,,,,,0,0
15,"[4,8)",>=2,ask=1,281,4,0,277,0,0,0.0136783893547096997757671775033450724802232840224746227545337,0.99000000,1.00000000,0,281
15,"[8,infinity)",<-2,ask=0,0,0,0,0,,,,,,0,0
15,"[8,infinity)",<-2,"(0,0.90)",1,0,0,1,0,0,0.793450685622762572644686990659235135454905747938657255997644,0.82000000,0.83000000,0,0
15,"[8,infinity)",<-2,"[0.90,0.95)",0,0,0,0,,,,,,0,0
15,"[8,infinity)",<-2,"[0.95,0.98)",0,0,0,0,,,,,,0,0
15,"[8,infinity)",<-2,"[0.98,1)",1,0,0,1,0,0,0.793450685622762572644686990659235135454905747938657255997644,0.99000000,0.99900000,0,0
15,"[8,infinity)",<-2,ask=1,415,0,0,415,0,0,0.00917162983700391547891131623196214836686327148933285271983186,0.99000000,1.00000000,0,415
15,"[8,infinity)","[-2,0)",ask=0,0,0,0,0,,,,,,0,0
15,"[8,infinity)","[-2,0)","(0,0.90)",0,0,0,0,,,,,,0,0
15,"[8,infinity)","[-2,0)","[0.90,0.95)",0,0,0,0,,,,,,0,0
15,"[8,infinity)","[-2,0)","[0.95,0.98)",0,0,0,0,,,,,,0,0
15,"[8,infinity)","[-2,0)","[0.98,1)",2,0,0,2,0,0,0.657619772493346908066213171022805867761678469589830388837810,0.99300000,0.99900000,0,0
15,"[8,infinity)","[-2,0)",ask=1,495,4,0,491,0,0,0.00776300924714167533109045294696866912012572267289247241714398,0.99000000,1.00000000,0,495
15,"[8,infinity)","[0,2)",ask=0,0,0,0,0,,,,,,0,0
15,"[8,infinity)","[0,2)","(0,0.90)",0,0,0,0,,,,,,0,0
15,"[8,infinity)","[0,2)","[0.90,0.95)",0,0,0,0,,,,,,0,0
15,"[8,infinity)","[0,2)","[0.95,0.98)",0,0,0,0,,,,,,0,0
15,"[8,infinity)","[0,2)","[0.98,1)",0,0,0,0,,,,,,0,0
15,"[8,infinity)","[0,2)",ask=1,656,5,0,651,0,1E-62,0.00586624253695271420798423029590642516515369293931305891939739,0.99000000,1.00000000,0,656
15,"[8,infinity)",>=2,ask=0,0,0,0,0,,,,,,0,0
15,"[8,infinity)",>=2,"(0,0.90)",0,0,0,0,,,,,,0,0
15,"[8,infinity)",>=2,"[0.90,0.95)",0,0,0,0,,,,,,0,0
15,"[8,infinity)",>=2,"[0.95,0.98)",0,0,0,0,,,,,,0,0
15,"[8,infinity)",>=2,"[0.98,1)",1,0,0,1,0,0,0.793450685622762572644686990659235135454905747938657255997644,0.99300000,0.99900000,0,0
15,"[8,infinity)",>=2,ask=1,625,4,0,621,0,0,0.00614789362399923350887014044159076866954948843877231671277690,0.99000000,1.00000000,0,625
10,"[0,1)",<-2,ask=0,0,0,0,0,,,,,,0,0
10,"[0,1)",<-2,"(0,0.90)",55,0,54,55,0.981818181818181818181818181818181818181818181818181818181818,0.903942239378376034301437808928975986716732755929722825880544,0.996783219545158926234224255187218388756211130937127308523186,0E-8,0.01000000,0,0
10,"[0,1)",<-2,"[0.90,0.95)",1,0,0,1,0,0,0.793450685622762572644686990659235135454905747938657255997644,0.92000000,0.93000000,0,0
10,"[0,1)",<-2,"[0.95,0.98)",2,0,0,2,0,0,0.657619772493346908066213171022805867761678469589830388837810,0.95500000,0.96500000,0,0
10,"[0,1)",<-2,"[0.98,1)",1,0,0,1,0,0,0.793450685622762572644686990659235135454905747938657255997644,0.97000000,0.98000000,0,0
10,"[0,1)",<-2,ask=1,2,0,0,2,0,0,0.657619772493346908066213171022805867761678469589830388837810,0.99000000,1.00000000,0,2
10,"[0,1)","[-2,0)",ask=0,0,0,0,0,,,,,,0,0
10,"[0,1)","[-2,0)","(0,0.90)",83,0,72,83,0.867469879518072289156626506024096385542168674698795180722892,0.778072536154582226794635995080748950326569297880236067852460,0.924356935072400854402454970871856867650373961039295784413962,0.02000000,0.03000000,0,0
10,"[0,1)","[-2,0)","[0.90,0.95)",4,0,0,4,0,0,0.489890836454597301712536589852471046460117866669254129450196,0.91000000,0.92500000,0,0
10,"[0,1)","[-2,0)","[0.95,0.98)",12,0,1,12,0.0833333333333333333333333333333333333333333333333333333333333,0.014865094404917114752602291403112818736709754550808213613698,0.353879911141116927533678326002990052081097430266471836347478,0.95000000,0.97000000,0,0
10,"[0,1)","[-2,0)","[0.98,1)",41,0,0,41,0,0,0.0856675701844318594351844311280687423499582709533817091149619,0.98000000,0.99000000,0,0
10,"[0,1)","[-2,0)",ask=1,205,0,0,205,0,1E-62,0.0183941389913020202620923022151250515273807052441863037780996,0.99000000,1.00000000,0,205
10,"[0,1)","[0,2)",ask=0,0,0,0,0,,,,,,0,0
10,"[0,1)","[0,2)","(0,0.90)",12,0,3,12,0.25,0.088941668394054751787482659745219961573184556826760770101589,0.532305334933565673584285710698441760917499754063607259875117,0.68000000,0.71500000,0,0
10,"[0,1)","[0,2)","[0.90,0.95)",3,0,1,3,0.333333333333333333333333333333333333333333333333333333333333,0.061491944720396241873444442939187390780210775328990142673567,0.792340399197952247054735144859082924781055214487972948705729,0.92000000,0.94000000,0,0
10,"[0,1)","[0,2)","[0.95,0.98)",6,0,0,6,0,0,0.390334287902165324898707055142237608185625673736798285240772,0.94500000,0.96000000,0,0
10,"[0,1)","[0,2)","[0.98,1)",36,0,0,36,0,0,0.0964186285944636615382445947927992309228324969090787481472514,0.98000000,0.99000000,0,0
10,"[0,1)","[0,2)",ask=1,349,1,0,348,0,0,0.0109181528338643399668207913748969013550996062983162687068331,0.99000000,1.00000000,0,349
10,"[0,1)",>=2,ask=0,0,0,0,0,,,,,,0,0
10,"[0,1)",>=2,"(0,0.90)",0,0,0,0,,,,,,0,0
10,"[0,1)",>=2,"[0.90,0.95)",0,0,0,0,,,,,,0,0
10,"[0,1)",>=2,"[0.95,0.98)",0,0,0,0,,,,,,0,0
10,"[0,1)",>=2,"[0.98,1)",0,0,0,0,,,,,,0,0
10,"[0,1)",>=2,ask=1,62,0,0,62,0,0,0.0583440721013724791893274262008387953817748151642297448820570,0.99000000,1.00000000,0,62
10,"[1,2)",<-2,ask=0,0,0,0,0,,,,,,0,0
10,"[1,2)",<-2,"(0,0.90)",12,0,9,12,0.75,0.467694665066434326415714289301558239082500245936392740124883,0.911058331605945248212517340254780038426815443173239229898411,0.16000000,0.18000000,0,0
10,"[1,2)",<-2,"[0.90,0.95)",2,0,0,2,0,0,0.657619772493346908066213171022805867761678469589830388837810,0.90000000,0.91000000,0,0
10,"[1,2)",<-2,"[0.95,0.98)",4,0,0,4,0,0,0.489890836454597301712536589852471046460117866669254129450196,0.95000000,0.96500000,0,0
10,"[1,2)",<-2,"[0.98,1)",5,0,0,5,0,0,0.434482464783174761084782871525556271809021898883564142795326,0.98000000,0.99000000,0,0
10,"[1,2)",<-2,ask=1,29,0,0,29,0,0,0.116969798499740742321570618566042766673886847202390383923475,0.99000000,1.00000000,0,29
10,"[1,2)","[-2,0)",ask=0,0,0,0,0,,,,,,0,0
10,"[1,2)","[-2,0)","(0,0.90)",3,0,1,3,0.333333333333333333333333333333333333333333333333333333333333,0.061491944720396241873444442939187390780210775328990142673567,0.792340399197952247054735144859082924781055214487972948705729,0.49000000,0.50000000,0,0
10,"[1,2)","[-2,0)","[0.90,0.95)",2,0,0,2,0,0,0.657619772493346908066213171022805867761678469589830388837810,0.90500000,0.91500000,0,0
10,"[1,2)","[-2,0)","[0.95,0.98)",0,0,0,0,,,,,,0,0
10,"[1,2)","[-2,0)","[0.98,1)",1,0,0,1,0,0,0.793450685622762572644686990659235135454905747938657255997644,0.98000000,0.99000000,0,0
10,"[1,2)","[-2,0)",ask=1,288,0,0,288,0,0,0.0131628276401068066279889399249987036914787140690748624035166,0.99000000,1.00000000,0,288
10,"[1,2)","[0,2)",ask=0,0,0,0,0,,,,,,0,0
10,"[1,2)","[0,2)","(0,0.90)",0,0,0,0,,,,,,0,0
10,"[1,2)","[0,2)","[0.90,0.95)",0,0,0,0,,,,,,0,0
10,"[1,2)","[0,2)","[0.95,0.98)",0,0,0,0,,,,,,0,0
10,"[1,2)","[0,2)","[0.98,1)",0,0,0,0,,,,,,0,0
10,"[1,2)","[0,2)",ask=1,362,0,1,362,0.00276243093922651933701657458563535911602209944751381215469613,0.00048780344189907451792208990913785117828417977401347153215552,0.0154793831080461447585713669297557109180958806365712648207708,0.99000000,1.00000000,0,362
10,"[1,2)",>=2,ask=0,0,0,0,0,,,,,,0,0
10,"[1,2)",>=2,"(0,0.90)",0,0,0,0,,,,,,0,0
10,"[1,2)",>=2,"[0.90,0.95)",0,0,0,0,,,,,,0,0
10,"[1,2)",>=2,"[0.95,0.98)",0,0,0,0,,,,,,0,0
10,"[1,2)",>=2,"[0.98,1)",0,0,0,0,,,,,,0,0
10,"[1,2)",>=2,ask=1,75,1,0,74,0,0,0.0493497793963860622025936786532397848191596529491670499794146,0.99000000,1.00000000,0,75
10,"[2,4)",<-2,ask=0,0,0,0,0,,,,,,0,0
10,"[2,4)",<-2,"(0,0.90)",0,0,0,0,,,,,,0,0
10,"[2,4)",<-2,"[0.90,0.95)",1,0,0,1,0,0,0.793450685622762572644686990659235135454905747938657255997644,0.92000000,0.93000000,0,0
10,"[2,4)",<-2,"[0.95,0.98)",0,0,0,0,,,,,,0,0
10,"[2,4)",<-2,"[0.98,1)",5,0,0,5,0,0,0.434482464783174761084782871525556271809021898883564142795326,0.98000000,0.99000000,0,0
10,"[2,4)",<-2,ask=1,128,1,0,127,0,0,0.0293596452937633622931293866534649823448394957439820136137162,0.99000000,1.00000000,0,128
10,"[2,4)","[-2,0)",ask=0,0,0,0,0,,,,,,0,0
10,"[2,4)","[-2,0)","(0,0.90)",1,0,0,1,0,0,0.793450685622762572644686990659235135454905747938657255997644,0.49000000,0.50000000,0,0
10,"[2,4)","[-2,0)","[0.90,0.95)",0,0,0,0,,,,,,0,0
10,"[2,4)","[-2,0)","[0.95,0.98)",0,0,0,0,,,,,,0,0
10,"[2,4)","[-2,0)","[0.98,1)",1,0,0,1,0,0,0.793450685622762572644686990659235135454905747938657255997644,0.99500000,0.99900000,0,0
10,"[2,4)","[-2,0)",ask=1,488,0,0,488,0,1E-62,0.00781035992757692363572533304487993586029902097007229336775331,0.99000000,1.00000000,0,488
10,"[2,4)","[0,2)",ask=0,0,0,0,0,,,,,,0,0
10,"[2,4)","[0,2)","(0,0.90)",0,0,0,0,,,,,,0,0
10,"[2,4)","[0,2)","[0.90,0.95)",0,0,0,0,,,,,,0,0
10,"[2,4)","[0,2)","[0.95,0.98)",0,0,0,0,,,,,,0,0
10,"[2,4)","[0,2)","[0.98,1)",0,0,0,0,,,,,,0,0
10,"[2,4)","[0,2)",ask=1,580,0,0,580,0,0,0.00657962664805188277695281146683910659354007173294789505342802,0.99000000,1.00000000,0,580
10,"[2,4)",>=2,ask=0,0,0,0,0,,,,,,0,0
10,"[2,4)",>=2,"(0,0.90)",0,0,0,0,,,,,,0,0
10,"[2,4)",>=2,"[0.90,0.95)",0,0,0,0,,,,,,0,0
10,"[2,4)",>=2,"[0.95,0.98)",0,0,0,0,,,,,,0,0
10,"[2,4)",>=2,"[0.98,1)",0,0,0,0,,,,,,0,0
10,"[2,4)",>=2,ask=1,160,0,0,160,0,0,0.0234461951715051901176366347595152633843440276828788110351402,0.99000000,1.00000000,0,160
10,"[4,8)",<-2,ask=0,0,0,0,0,,,,,,0,0
10,"[4,8)",<-2,"(0,0.90)",0,0,0,0,,,,,,0,0
10,"[4,8)",<-2,"[0.90,0.95)",0,0,0,0,,,,,,0,0
10,"[4,8)",<-2,"[0.95,0.98)",0,0,0,0,,,,,,0,0
10,"[4,8)",<-2,"[0.98,1)",1,0,0,1,0,0,0.793450685622762572644686990659235135454905747938657255997644,0.99000000,0.99900000,0,0
10,"[4,8)",<-2,ask=1,200,1,0,199,0,0,0.0189382330566349430745843533132211436134483755122039455629270,0.99000000,1.00000000,0,200
10,"[4,8)","[-2,0)",ask=0,0,0,0,0,,,,,,0,0
10,"[4,8)","[-2,0)","(0,0.90)",0,0,0,0,,,,,,0,0
10,"[4,8)","[-2,0)","[0.90,0.95)",0,0,0,0,,,,,,0,0
10,"[4,8)","[-2,0)","[0.95,0.98)",0,0,0,0,,,,,,0,0
10,"[4,8)","[-2,0)","[0.98,1)",0,0,0,0,,,,,,0,0
10,"[4,8)","[-2,0)",ask=1,596,2,0,594,0,1E-62,0.00642554771673381636551817288608426657178557102053814943585883,0.99000000,1.00000000,0,596
10,"[4,8)","[0,2)",ask=0,0,0,0,0,,,,,,0,0
10,"[4,8)","[0,2)","(0,0.90)",0,0,0,0,,,,,,0,0
10,"[4,8)","[0,2)","[0.90,0.95)",0,0,0,0,,,,,,0,0
10,"[4,8)","[0,2)","[0.95,0.98)",1,0,0,1,0,0,0.793450685622762572644686990659235135454905747938657255997644,0.94000000,0.96000000,0,0
10,"[4,8)","[0,2)","[0.98,1)",0,0,0,0,,,,,,0,0
10,"[4,8)","[0,2)",ask=1,697,1,0,696,0,0,0.00548904151401287934630713080086367734031299318570608225748354,0.99000000,1.00000000,0,697
10,"[4,8)",>=2,ask=0,0,0,0,0,,,,,,0,0
10,"[4,8)",>=2,"(0,0.90)",0,0,0,0,,,,,,0,0
10,"[4,8)",>=2,"[0.90,0.95)",0,0,0,0,,,,,,0,0
10,"[4,8)",>=2,"[0.95,0.98)",0,0,0,0,,,,,,0,0
10,"[4,8)",>=2,"[0.98,1)",0,0,0,0,,,,,,0,0
10,"[4,8)",>=2,ask=1,261,4,0,257,0,0,0.0147271788697317274556551294995552380757890792526123359497250,0.99000000,1.00000000,0,261
10,"[8,infinity)",<-2,ask=0,0,0,0,0,,,,,,0,0
10,"[8,infinity)",<-2,"(0,0.90)",0,0,0,0,,,,,,0,0
10,"[8,infinity)",<-2,"[0.90,0.95)",0,0,0,0,,,,,,0,0
10,"[8,infinity)",<-2,"[0.95,0.98)",0,0,0,0,,,,,,0,0
10,"[8,infinity)",<-2,"[0.98,1)",0,0,0,0,,,,,,0,0
10,"[8,infinity)",<-2,ask=1,410,1,0,409,0,0,0.00930492502295548945302403002365986899833395950213918851802341,0.99000000,1.00000000,0,410
10,"[8,infinity)","[-2,0)",ask=0,0,0,0,0,,,,,,0,0
10,"[8,infinity)","[-2,0)","(0,0.90)",0,0,0,0,,,,,,0,0
10,"[8,infinity)","[-2,0)","[0.90,0.95)",0,0,0,0,,,,,,0,0
10,"[8,infinity)","[-2,0)","[0.95,0.98)",0,0,0,0,,,,,,0,0
10,"[8,infinity)","[-2,0)","[0.98,1)",2,0,0,2,0,0,0.657619772493346908066213171022805867761678469589830388837810,0.99300000,0.99900000,0,0
10,"[8,infinity)","[-2,0)",ask=1,519,3,0,516,0,1E-62,0.00738967382364771518882671491089388665038053672600930897298425,0.99000000,1.00000000,0,519
10,"[8,infinity)","[0,2)",ask=0,0,0,0,0,,,,,,0,0
10,"[8,infinity)","[0,2)","(0,0.90)",0,0,0,0,,,,,,0,0
10,"[8,infinity)","[0,2)","[0.90,0.95)",0,0,0,0,,,,,,0,0
10,"[8,infinity)","[0,2)","[0.95,0.98)",0,0,0,0,,,,,,0,0
10,"[8,infinity)","[0,2)","[0.98,1)",1,0,0,1,0,0,0.793450685622762572644686990659235135454905747938657255997644,0.95000000,0.99000000,0,0
10,"[8,infinity)","[0,2)",ask=1,661,5,0,656,0,0,0.00582179062764530880663289616567690286299392015273215666410433,0.99000000,1.00000000,0,661
10,"[8,infinity)",>=2,ask=0,0,0,0,0,,,,,,0,0
10,"[8,infinity)",>=2,"(0,0.90)",0,0,0,0,,,,,,0,0
10,"[8,infinity)",>=2,"[0.90,0.95)",0,0,0,0,,,,,,0,0
10,"[8,infinity)",>=2,"[0.95,0.98)",0,0,0,0,,,,,,0,0
10,"[8,infinity)",>=2,"[0.98,1)",0,0,0,0,,,,,,0,0
10,"[8,infinity)",>=2,ask=1,635,5,0,630,0,0,0.00606059885675737411166086410883943469107993581116976443242717,0.99000000,1.00000000,0,635
5,"[0,1)",<-2,ask=0,0,0,0,0,,,,,,0,0
5,"[0,1)",<-2,"(0,0.90)",39,0,36,39,0.923076923076923076923076923076923076923076923076923076923077,0.796789288320450082067924631080440164047640737162384993721098,0.973492604696220260484057045881062832430415576082679078697326,0E-8,0.01000000,0,0
5,"[0,1)",<-2,"[0.90,0.95)",1,0,0,1,0,0,0.793450685622762572644686990659235135454905747938657255997644,0.92200000,0.94000000,0,0
5,"[0,1)",<-2,"[0.95,0.98)",1,0,0,1,0,0,0.793450685622762572644686990659235135454905747938657255997644,0.84000000,0.95000000,0,0
5,"[0,1)",<-2,"[0.98,1)",0,0,0,0,,,,,,0,0
5,"[0,1)",<-2,ask=1,16,0,0,16,0,0,0.193607680534436484397123030315166534447518308110879063675717,0.99000000,1.00000000,0,16
5,"[0,1)","[-2,0)",ask=0,0,0,0,0,,,,,,0,0
5,"[0,1)","[-2,0)","(0,0.90)",45,0,39,45,0.866666666666666666666666666666666666666666666666666666666667,0.738226981738229315526769541914097822401621962360779566219160,0.937428512524319220821692526922660212540922814317857150148432,0.01000000,0.02000000,0,0
5,"[0,1)","[-2,0)","[0.90,0.95)",0,0,0,0,,,,,,0,0
5,"[0,1)","[-2,0)","[0.95,0.98)",3,0,0,3,0,0,0.561497031755045466784538763394810946683797969450889274137888,0.93000000,0.97000000,0,0
5,"[0,1)","[-2,0)","[0.98,1)",12,0,0,12,0,0,0.242494006655240850743536740887323444981368621780736059953412,0.98000000,0.99000000,0,0
5,"[0,1)","[-2,0)",ask=1,308,0,0,308,0,0,0.0123186276617020552946103531230792725154389960879633128571381,0.99000000,1.00000000,0,308
5,"[0,1)","[0,2)",ask=0,0,0,0,0,,,,,,0,0
5,"[0,1)","[0,2)","(0,0.90)",9,0,5,9,0.555555555555555555555555555555555555555555555555555555555556,0.266651293495493043059615993877244882026140673164104999584969,0.811221478902335396118006603400764841034398238993772151347717,0.28000000,0.29000000,0,0
5,"[0,1)","[0,2)","[0.90,0.95)",1,0,0,1,0,0,0.793450685622762572644686990659235135454905747938657255997644,0.89000000,0.91000000,0,0
5,"[0,1)","[0,2)","[0.95,0.98)",0,0,0,0,,,,,,0,0
5,"[0,1)","[0,2)","[0.98,1)",10,0,0,10,0,0,0.277532799862889204526030927043294338473666863904268179277910,0.97500000,0.98500000,0,0
5,"[0,1)","[0,2)",ask=1,384,1,0,383,0,0,0.00993031830767314277955665154111070671570592700939903505155989,0.99000000,1.00000000,0,384
5,"[0,1)",>=2,ask=0,0,0,0,0,,,,,,0,0
5,"[0,1)",>=2,"(0,0.90)",1,0,0,1,0,0,0.793450685622762572644686990659235135454905747938657255997644,0.49000000,0.50000000,0,0
5,"[0,1)",>=2,"[0.90,0.95)",0,0,0,0,,,,,,0,0
5,"[0,1)",>=2,"[0.95,0.98)",0,0,0,0,,,,,,0,0
5,"[0,1)",>=2,"[0.98,1)",0,0,0,0,,,,,,0,0
5,"[0,1)",>=2,ask=1,67,0,0,67,0,1E-61,0.0542261393913017856485245130017028349262980784039413836676687,0.99000000,1.00000000,0,67
5,"[1,2)",<-2,ask=0,0,0,0,0,,,,,,0,0
5,"[1,2)",<-2,"(0,0.90)",1,0,1,1,1,0.206549314377237427355313009340764864545094252061342744002356,1,0.13000000,0.14000000,0,0
5,"[1,2)",<-2,"[0.90,0.95)",0,0,0,0,,,,,,0,0
5,"[1,2)",<-2,"[0.95,0.98)",1,0,0,1,0,0,0.793450685622762572644686990659235135454905747938657255997644,0.94000000,0.95000000,0,0
5,"[1,2)",<-2,"[0.98,1)",1,0,0,1,0,0,0.793450685622762572644686990659235135454905747938657255997644,0.98000000,0.99000000,0,0
5,"[1,2)",<-2,ask=1,71,1,0,70,0,0,0.0520230624102669173823786249206967016701131340208818963399166,0.99000000,1.00000000,0,71
5,"[1,2)","[-2,0)",ask=0,0,0,0,0,,,,,,0,0
5,"[1,2)","[-2,0)","(0,0.90)",1,0,0,1,0,0,0.793450685622762572644686990659235135454905747938657255997644,0.49000000,0.50000000,0,0
5,"[1,2)","[-2,0)","[0.90,0.95)",0,0,0,0,,,,,,0,0
5,"[1,2)","[-2,0)","[0.95,0.98)",0,0,0,0,,,,,,0,0
5,"[1,2)","[-2,0)","[0.98,1)",0,0,0,0,,,,,,0,0
5,"[1,2)","[-2,0)",ask=1,327,1,0,326,0,0,0.0116463795498260554034129286147749201619264418823036778378175,0.99000000,1.00000000,0,327
5,"[1,2)","[0,2)",ask=0,0,0,0,0,,,,,,0,0
5,"[1,2)","[0,2)","(0,0.90)",0,0,0,0,,,,,,0,0
5,"[1,2)","[0,2)","[0.90,0.95)",0,0,0,0,,,,,,0,0
5,"[1,2)","[0,2)","[0.95,0.98)",0,0,0,0,,,,,,0,0
5,"[1,2)","[0,2)","[0.98,1)",0,0,0,0,,,,,,0,0
5,"[1,2)","[0,2)",ask=1,342,0,0,342,0,0,0.0111075717578608119042787520980436901916990313457317198507205,0.99000000,1.00000000,0,342
5,"[1,2)",>=2,ask=0,0,0,0,0,,,,,,0,0
5,"[1,2)",>=2,"(0,0.90)",0,0,0,0,,,,,,0,0
5,"[1,2)",>=2,"[0.90,0.95)",0,0,0,0,,,,,,0,0
5,"[1,2)",>=2,"[0.95,0.98)",0,0,0,0,,,,,,0,0
5,"[1,2)",>=2,"[0.98,1)",0,0,0,0,,,,,,0,0
5,"[1,2)",>=2,ask=1,82,0,0,82,0,0,0.0447506236901003135454555542189412591181986946139529156719919,0.99000000,1.00000000,0,82
5,"[2,4)",<-2,ask=0,0,0,0,0,,,,,,0,0
5,"[2,4)",<-2,"(0,0.90)",0,0,0,0,,,,,,0,0
5,"[2,4)",<-2,"[0.90,0.95)",0,0,0,0,,,,,,0,0
5,"[2,4)",<-2,"[0.95,0.98)",0,0,0,0,,,,,,0,0
5,"[2,4)",<-2,"[0.98,1)",1,0,0,1,0,0,0.793450685622762572644686990659235135454905747938657255997644,0.99200000,0.99700000,0,0
5,"[2,4)",<-2,ask=1,131,1,0,130,0,1E-61,0.0287015611944314173827666247406451957770327856131371999791451,0.99000000,1.00000000,0,131
5,"[2,4)","[-2,0)",ask=0,0,0,0,0,,,,,,0,0
5,"[2,4)","[-2,0)","(0,0.90)",0,0,0,0,,,,,,0,0
5,"[2,4)","[-2,0)","[0.90,0.95)",0,0,0,0,,,,,,0,0
5,"[2,4)","[-2,0)","[0.95,0.98)",0,0,0,0,,,,,,0,0
5,"[2,4)","[-2,0)","[0.98,1)",1,0,0,1,0,0,0.793450685622762572644686990659235135454905747938657255997644,0.99500000,0.99900000,0,0
5,"[2,4)","[-2,0)",ask=1,513,0,0,513,0,1E-62,0.00743256709602862563993827353673160259844732718983100063291603,0.99000000,1.00000000,0,513
5,"[2,4)","[0,2)",ask=0,0,0,0,0,,,,,,0,0
5,"[2,4)","[0,2)","(0,0.90)",1,0,0,1,0,0,0.793450685622762572644686990659235135454905747938657255997644,0.50000000,0.51000000,0,0
5,"[2,4)","[0,2)","[0.90,0.95)",0,0,0,0,,,,,,0,0
5,"[2,4)","[0,2)","[0.95,0.98)",0,0,0,0,,,,,,0,0
5,"[2,4)","[0,2)","[0.98,1)",0,0,0,0,,,,,,0,0
5,"[2,4)","[0,2)",ask=1,579,0,0,579,0,0,0.00659091552695450052138811121909145165655985568601419011709374,0.99000000,1.00000000,0,579
5,"[2,4)",>=2,ask=0,0,0,0,0,,,,,,0,0
5,"[2,4)",>=2,"(0,0.90)",0,0,0,0,,,,,,0,0
5,"[2,4)",>=2,"[0.90,0.95)",0,0,0,0,,,,,,0,0
5,"[2,4)",>=2,"[0.95,0.98)",0,0,0,0,,,,,,0,0
5,"[2,4)",>=2,"[0.98,1)",0,0,0,0,,,,,,0,0
5,"[2,4)",>=2,ask=1,134,1,0,133,0,0,0.0280723316880716613139581633660357159207289956100888848471254,0.99000000,1.00000000,0,134
5,"[4,8)",<-2,ask=0,0,0,0,0,,,,,,0,0
5,"[4,8)",<-2,"(0,0.90)",0,0,0,0,,,,,,0,0
5,"[4,8)",<-2,"[0.90,0.95)",0,0,0,0,,,,,,0,0
5,"[4,8)",<-2,"[0.95,0.98)",0,0,0,0,,,,,,0,0
5,"[4,8)",<-2,"[0.98,1)",0,0,0,0,,,,,,0,0
5,"[4,8)",<-2,ask=1,210,0,0,210,0,0,0.0179640507592832355040595430033873382232707988716943083950446,0.99000000,1.00000000,0,210
5,"[4,8)","[-2,0)",ask=0,0,0,0,0,,,,,,0,0
5,"[4,8)","[-2,0)","(0,0.90)",0,0,0,0,,,,,,0,0
5,"[4,8)","[-2,0)","[0.90,0.95)",0,0,0,0,,,,,,0,0
5,"[4,8)","[-2,0)","[0.95,0.98)",0,0,0,0,,,,,,0,0
5,"[4,8)","[-2,0)","[0.98,1)",0,0,0,0,,,,,,0,0
5,"[4,8)","[-2,0)",ask=1,582,0,0,582,0,1E-62,0.00655716450731743646431675108873665512600573877968638894601157,0.99000000,1.00000000,0,582
5,"[4,8)","[0,2)",ask=0,0,0,0,0,,,,,,0,0
5,"[4,8)","[0,2)","(0,0.90)",0,0,0,0,,,,,,0,0
5,"[4,8)","[0,2)","[0.90,0.95)",0,0,0,0,,,,,,0,0
5,"[4,8)","[0,2)","[0.95,0.98)",0,0,0,0,,,,,,0,0
5,"[4,8)","[0,2)","[0.98,1)",0,0,0,0,,,,,,0,0
5,"[4,8)","[0,2)",ask=1,697,4,0,693,0,1E-62,0.00551267260589697436489237614105310498860441445846185760551947,0.99000000,1.00000000,0,697
5,"[4,8)",>=2,ask=0,0,0,0,0,,,,,,0,0
5,"[4,8)",>=2,"(0,0.90)",0,0,0,0,,,,,,0,0
5,"[4,8)",>=2,"[0.90,0.95)",0,0,0,0,,,,,,0,0
5,"[4,8)",>=2,"[0.95,0.98)",0,0,0,0,,,,,,0,0
5,"[4,8)",>=2,"[0.98,1)",1,0,0,1,0,0,0.793450685622762572644686990659235135454905747938657255997644,0.97000000,0.99000000,0,0
5,"[4,8)",>=2,ask=1,266,3,0,263,0,2E-62,0.0143960344006192028029251650364874516533665689156187195760780,0.99000000,1.00000000,0,266
5,"[8,infinity)",<-2,ask=0,0,0,0,0,,,,,,0,0
5,"[8,infinity)",<-2,"(0,0.90)",0,0,0,0,,,,,,0,0
5,"[8,infinity)",<-2,"[0.90,0.95)",0,0,0,0,,,,,,0,0
5,"[8,infinity)",<-2,"[0.95,0.98)",0,0,0,0,,,,,,0,0
5,"[8,infinity)",<-2,"[0.98,1)",0,0,0,0,,,,,,0,0
5,"[8,infinity)",<-2,ask=1,393,2,0,391,0,0,0.00972911718077359476036270935923077868694394658548585319691590,0.99000000,1.00000000,0,393
5,"[8,infinity)","[-2,0)",ask=0,0,0,0,0,,,,,,0,0
5,"[8,infinity)","[-2,0)","(0,0.90)",0,0,0,0,,,,,,0,0
5,"[8,infinity)","[-2,0)","[0.90,0.95)",0,0,0,0,,,,,,0,0
5,"[8,infinity)","[-2,0)","[0.95,0.98)",0,0,0,0,,,,,,0,0
5,"[8,infinity)","[-2,0)","[0.98,1)",0,0,0,0,,,,,,0,0
5,"[8,infinity)","[-2,0)",ask=1,544,2,0,542,0,0,0.00703768238673864242547580836820644350804963592584564457506475,0.99900000,1.00000000,0,544
5,"[8,infinity)","[0,2)",ask=0,0,0,0,0,,,,,,0,0
5,"[8,infinity)","[0,2)","(0,0.90)",0,0,0,0,,,,,,0,0
5,"[8,infinity)","[0,2)","[0.90,0.95)",0,0,0,0,,,,,,0,0
5,"[8,infinity)","[0,2)","[0.95,0.98)",0,0,0,0,,,,,,0,0
5,"[8,infinity)","[0,2)","[0.98,1)",1,0,0,1,0,0,0.793450685622762572644686990659235135454905747938657255997644,0.99600000,0.99900000,0,0
5,"[8,infinity)","[0,2)",ask=1,665,5,0,660,0,0,0.00578671122396969236943198589573286350725183967135283105197546,0.99000000,1.00000000,0,665
5,"[8,infinity)",>=2,ask=0,0,0,0,0,,,,,,0,0
5,"[8,infinity)",>=2,"(0,0.90)",0,0,0,0,,,,,,0,0
5,"[8,infinity)",>=2,"[0.90,0.95)",0,0,0,0,,,,,,0,0
5,"[8,infinity)",>=2,"[0.95,0.98)",0,0,0,0,,,,,,0,0
5,"[8,infinity)",>=2,"[0.98,1)",0,0,0,0,,,,,,0,0
5,"[8,infinity)",>=2,ask=1,629,5,0,624,0,0,0.00611851728923688540797093809849028504285608497905658452586638,0.99000000,1.00000000,0,629
3,"[0,1)",<-2,ask=0,0,0,0,0,,,,,,0,0
3,"[0,1)",<-2,"(0,0.90)",25,0,23,25,0.92,0.750338910496046871901159156302095519289371734663047006683365,0.977779598715152408004781771844550701843062601026637428979279,0E-8,0.01000000,0,0
3,"[0,1)",<-2,"[0.90,0.95)",0,0,0,0,,,,,,0,0
3,"[0,1)",<-2,"[0.95,0.98)",1,0,0,1,0,0,0.793450685622762572644686990659235135454905747938657255997644,0.96000000,0.97000000,0,0
3,"[0,1)",<-2,"[0.98,1)",4,0,1,4,0.25,0.045587260809700566421210903550181973719959137374694927176083,0.699358157417598084435057391376053549510099795959932137549015,0.96500000,0.99000000,0,0
3,"[0,1)",<-2,ask=1,20,0,0,20,0,0,0.161125158052819354664367409458698834644472493370427941636724,0.99000000,1.00000000,0,20
3,"[0,1)","[-2,0)",ask=0,0,0,0,0,,,,,,0,0
3,"[0,1)","[-2,0)","(0,0.90)",37,0,33,37,0.891891891891891891891891891891891891891891891891891891891892,0.752914684558739797396457282907488027245923965554742202176416,0.957148100595885285222366032655724109923059828956263516556754,0.01000000,0.02000000,0,0
3,"[0,1)","[-2,0)","[0.90,0.95)",1,0,0,1,0,0,0.793450685622762572644686990659235135454905747938657255997644,0.89000000,0.91000000,0,0
3,"[0,1)","[-2,0)","[0.95,0.98)",2,0,0,2,0,0,0.657619772493346908066213171022805867761678469589830388837810,0.93000000,0.95500000,0,0
3,"[0,1)","[-2,0)","[0.98,1)",7,0,0,7,0,0,0.354330435066687400786206839933794738607089448605187126348296,0.98000000,0.99000000,0,0
3,"[0,1)","[-2,0)",ask=1,322,0,0,322,0,1E-62,0.0117893494418953748057814750064350910274679540276926421803398,0.99000000,1.00000000,0,322
3,"[0,1)","[0,2)",ask=0,0,0,0,0,,,,,,0,0
3,"[0,1)","[0,2)","(0,0.90)",6,0,3,6,0.5,0.187616306482650520497838086822922679765759317889977245350468,0.812383693517349479502161913177077320234240682110022754649532,0.25500000,0.26500000,0,0
3,"[0,1)","[0,2)","[0.90,0.95)",0,0,0,0,,,,,,0,0
3,"[0,1)","[0,2)","[0.95,0.98)",2,0,0,2,0,0,0.657619772493346908066213171022805867761678469589830388837810,0.94000000,0.96500000,0,0
3,"[0,1)","[0,2)","[0.98,1)",2,0,0,2,0,0,0.657619772493346908066213171022805867761678469589830388837810,0.98500000,0.99450000,0,0
3,"[0,1)","[0,2)",ask=1,404,0,0,404,0,0,0.00941900029438401730560918932928424364218516230528008262741707,0.99000000,1.00000000,0,404
3,"[0,1)",>=2,ask=0,0,0,0,0,,,,,,0,0
3,"[0,1)",>=2,"(0,0.90)",0,0,0,0,,,,,,0,0
3,"[0,1)",>=2,"[0.90,0.95)",0,0,0,0,,,,,,0,0
3,"[0,1)",>=2,"[0.95,0.98)",0,0,0,0,,,,,,0,0
3,"[0,1)",>=2,"[0.98,1)",0,0,0,0,,,,,,0,0
3,"[0,1)",>=2,ask=1,67,0,0,67,0,1E-61,0.0542261393913017856485245130017028349262980784039413836676687,0.99000000,1.00000000,0,67
3,"[1,2)",<-2,ask=0,0,0,0,0,,,,,,0,0
3,"[1,2)",<-2,"(0,0.90)",1,0,1,1,1,0.206549314377237427355313009340764864545094252061342744002356,1,0.09000000,0.10000000,0,0
3,"[1,2)",<-2,"[0.90,0.95)",0,0,0,0,,,,,,0,0
3,"[1,2)",<-2,"[0.95,0.98)",0,0,0,0,,,,,,0,0
3,"[1,2)",<-2,"[0.98,1)",1,0,0,1,0,0,0.793450685622762572644686990659235135454905747938657255997644,0.67000000,0.99000000,0,0
3,"[1,2)",<-2,ask=1,85,1,0,84,0,0,0.0437317284146598801624975314283815795965094588977717772519719,0.99000000,1.00000000,0,85
3,"[1,2)","[-2,0)",ask=0,0,0,0,0,,,,,,0,0
3,"[1,2)","[-2,0)","(0,0.90)",1,0,0,1,0,0,0.793450685622762572644686990659235135454905747938657255997644,0.49000000,0.50000000,0,0
3,"[1,2)","[-2,0)","[0.90,0.95)",0,0,0,0,,,,,,0,0
3,"[1,2)","[-2,0)","[0.95,0.98)",0,0,0,0,,,,,,0,0
3,"[1,2)","[-2,0)","[0.98,1)",0,0,0,0,,,,,,0,0
3,"[1,2)","[-2,0)",ask=1,311,1,0,310,0,0,0.0122401254287084213268214098390981682020066348223164387796820,0.99000000,1.00000000,0,311
3,"[1,2)","[0,2)",ask=0,0,0,0,0,,,,,,0,0
3,"[1,2)","[0,2)","(0,0.90)",2,0,0,2,0,0,0.657619772493346908066213171022805867761678469589830388837810,0.49500000,0.50500000,0,0
3,"[1,2)","[0,2)","[0.90,0.95)",0,0,0,0,,,,,,0,0
3,"[1,2)","[0,2)","[0.95,0.98)",0,0,0,0,,,,,,0,0
3,"[1,2)","[0,2)","[0.98,1)",0,0,0,0,,,,,,0,0
3,"[1,2)","[0,2)",ask=1,344,0,0,344,0,0,0.0110437060427415192332510586488871533241045053919840788706541,0.99000000,1.00000000,0,344
3,"[1,2)",>=2,ask=0,0,0,0,0,,,,,,0,0
3,"[1,2)",>=2,"(0,0.90)",0,0,0,0,,,,,,0,0
3,"[1,2)",>=2,"[0.90,0.95)",0,0,0,0,,,,,,0,0
3,"[1,2)",>=2,"[0.95,0.98)",0,0,0,0,,,,,,0,0
3,"[1,2)",>=2,"[0.98,1)",0,0,0,0,,,,,,0,0
3,"[1,2)",>=2,ask=1,77,1,0,76,0,0,0.0481135850651373179806680027772221016786979542922821152437366,0.99000000,1.00000000,0,77
3,"[2,4)",<-2,ask=0,0,0,0,0,,,,,,0,0
3,"[2,4)",<-2,"(0,0.90)",0,0,0,0,,,,,,0,0
3,"[2,4)",<-2,"[0.90,0.95)",0,0,0,0,,,,,,0,0
3,"[2,4)",<-2,"[0.95,0.98)",0,0,0,0,,,,,,0,0
3,"[2,4)",<-2,"[0.98,1)",1,0,0,1,0,0,0.793450685622762572644686990659235135454905747938657255997644,0.99200000,0.99900000,0,0
3,"[2,4)",<-2,ask=1,121,0,0,121,0,0,0.0307706979474782648436886526205729948488786779826887307519502,0.99000000,1.00000000,0,121
3,"[2,4)","[-2,0)",ask=0,0,0,0,0,,,,,,0,0
3,"[2,4)","[-2,0)","(0,0.90)",0,0,0,0,,,,,,0,0
3,"[2,4)","[-2,0)","[0.90,0.95)",0,0,0,0,,,,,,0,0
3,"[2,4)","[-2,0)","[0.95,0.98)",0,0,0,0,,,,,,0,0
3,"[2,4)","[-2,0)","[0.98,1)",1,0,0,1,0,0,0.793450685622762572644686990659235135454905747938657255997644,0.99500000,0.99900000,0,0
3,"[2,4)","[-2,0)",ask=1,511,1,0,510,0,0,0.00747596122257353469669907955869018049076293945631224531286438,0.99000000,1.00000000,0,511
3,"[2,4)","[0,2)",ask=0,0,0,0,0,,,,,,0,0
3,"[2,4)","[0,2)","(0,0.90)",1,0,0,1,0,0,0.793450685622762572644686990659235135454905747938657255997644,0.49000000,0.50000000,0,0
3,"[2,4)","[0,2)","[0.90,0.95)",0,0,0,0,,,,,,0,0
3,"[2,4)","[0,2)","[0.95,0.98)",0,0,0,0,,,,,,0,0
3,"[2,4)","[0,2)","[0.98,1)",0,0,0,0,,,,,,0,0
3,"[2,4)","[0,2)",ask=1,591,0,0,591,0,0,0.00645795407117390272613254990935949658017641077455260212122449,0.99000000,1.00000000,0,591
3,"[2,4)",>=2,ask=0,0,0,0,0,,,,,,0,0
3,"[2,4)",>=2,"(0,0.90)",0,0,0,0,,,,,,0,0
3,"[2,4)",>=2,"[0.90,0.95)",0,0,0,0,,,,,,0,0
3,"[2,4)",>=2,"[0.95,0.98)",0,0,0,0,,,,,,0,0
3,"[2,4)",>=2,"[0.98,1)",0,0,0,0,,,,,,0,0
3,"[2,4)",>=2,ask=1,136,1,0,135,0,0,0.0276679520175249050077361753068492589228594049216368442485636,0.99000000,1.00000000,0,136
3,"[4,8)",<-2,ask=0,0,0,0,0,,,,,,0,0
3,"[4,8)",<-2,"(0,0.90)",0,0,0,0,,,,,,0,0
3,"[4,8)",<-2,"[0.90,0.95)",0,0,0,0,,,,,,0,0
3,"[4,8)",<-2,"[0.95,0.98)",0,0,0,0,,,,,,0,0
3,"[4,8)",<-2,"[0.98,1)",0,0,0,0,,,,,,0,0
3,"[4,8)",<-2,ask=1,208,0,0,208,0,0,0.0181336497684600773692855047534175964150507355307307299498867,0.99000000,1.00000000,0,208
3,"[4,8)","[-2,0)",ask=0,0,0,0,0,,,,,,0,0
3,"[4,8)","[-2,0)","(0,0.90)",0,0,0,0,,,,,,0,0
3,"[4,8)","[-2,0)","[0.90,0.95)",0,0,0,0,,,,,,0,0
3,"[4,8)","[-2,0)","[0.95,0.98)",0,0,0,0,,,,,,0,0
3,"[4,8)","[-2,0)","[0.98,1)",0,0,0,0,,,,,,0,0
3,"[4,8)","[-2,0)",ask=1,579,1,0,578,0,0,0.00660224320982590212876303263873770744797513010965430908839988,0.99000000,1.00000000,0,579
3,"[4,8)","[0,2)",ask=0,0,0,0,0,,,,,,0,0
3,"[4,8)","[0,2)","(0,0.90)",1,0,0,1,0,0,0.793450685622762572644686990659235135454905747938657255997644,0.49000000,0.50000000,0,0
3,"[4,8)","[0,2)","[0.90,0.95)",0,0,0,0,,,,,,0,0
3,"[4,8)","[0,2)","[0.95,0.98)",0,0,0,0,,,,,,0,0
3,"[4,8)","[0,2)","[0.98,1)",0,0,0,0,,,,,,0,0
3,"[4,8)","[0,2)",ask=1,717,2,0,715,0,1E-62,0.00534395835626437924188758628789273555963626145680962208200457,0.99000000,1.00000000,0,717
3,"[4,8)",>=2,ask=0,0,0,0,0,,,,,,0,0
3,"[4,8)",>=2,"(0,0.90)",0,0,0,0,,,,,,0,0
3,"[4,8)",>=2,"[0.90,0.95)",0,0,0,0,,,,,,0,0
3,"[4,8)",>=2,"[0.95,0.98)",0,0,0,0,,,,,,0,0
3,"[4,8)",>=2,"[0.98,1)",1,0,0,1,0,0,0.793450685622762572644686990659235135454905747938657255997644,0.97000000,0.99000000,0,0
3,"[4,8)",>=2,ask=1,262,4,0,258,0,0,0.0146709342286574630396614742311364432649534745658907934732558,0.99000000,1.00000000,0,262
3,"[8,infinity)",<-2,ask=0,0,0,0,0,,,,,,0,0
3,"[8,infinity)",<-2,"(0,0.90)",0,0,0,0,,,,,,0,0
3,"[8,infinity)",<-2,"[0.90,0.95)",0,0,0,0,,,,,,0,0
3,"[8,infinity)",<-2,"[0.95,0.98)",0,0,0,0,,,,,,0,0
3,"[8,infinity)",<-2,"[0.98,1)",0,0,0,0,,,,,,0,0
3,"[8,infinity)",<-2,ask=1,414,2,0,412,0,0,0.00923779661505688455160093581040338565500294375530387456323903,0.99900000,1.00000000,0,414
3,"[8,infinity)","[-2,0)",ask=0,0,0,0,0,,,,,,0,0
3,"[8,infinity)","[-2,0)","(0,0.90)",0,0,0,0,,,,,,0,0
3,"[8,infinity)","[-2,0)","[0.90,0.95)",0,0,0,0,,,,,,0,0
3,"[8,infinity)","[-2,0)","[0.95,0.98)",0,0,0,0,,,,,,0,0
3,"[8,infinity)","[-2,0)","[0.98,1)",0,0,0,0,,,,,,0,0
3,"[8,infinity)","[-2,0)",ask=1,521,3,0,518,0,0,0.00736135229534159866236858193471247895656846090137684062250019,0.99900000,1.00000000,0,521
3,"[8,infinity)","[0,2)",ask=0,0,0,0,0,,,,,,0,0
3,"[8,infinity)","[0,2)","(0,0.90)",0,0,0,0,,,,,,0,0
3,"[8,infinity)","[0,2)","[0.90,0.95)",0,0,0,0,,,,,,0,0
3,"[8,infinity)","[0,2)","[0.95,0.98)",0,0,0,0,,,,,,0,0
3,"[8,infinity)","[0,2)","[0.98,1)",1,0,0,1,0,0,0.793450685622762572644686990659235135454905747938657255997644,0.99600000,0.99900000,0,0
3,"[8,infinity)","[0,2)",ask=1,703,4,0,699,0,0,0.00546561215546355725847412857081191477902719955187847825698898,0.99900000,1.00000000,0,703
3,"[8,infinity)",>=2,ask=0,0,0,0,0,,,,,,0,0
3,"[8,infinity)",>=2,"(0,0.90)",0,0,0,0,,,,,,0,0
3,"[8,infinity)",>=2,"[0.90,0.95)",0,0,0,0,,,,,,0,0
3,"[8,infinity)",>=2,"[0.95,0.98)",0,0,0,0,,,,,,0,0
3,"[8,infinity)",>=2,"[0.98,1)",0,0,0,0,,,,,,0,0
3,"[8,infinity)",>=2,ask=1,608,4,0,604,0,0,0.00631983680110788379504040300811947196276948466530994156410319,0.99000000,1.00000000,0,608
